farewell jinggg thread,General Discussion,280,255,27/8/2023,6:31
Jinggg replacement,General Discussion,0,76,20/8/2023,12:45
prx would be as bad with jinggg,General Discussion,0,64,24/3/2024,1:17
life after jinggg,General Discussion,1,58,18/8/2023,17:25
Jinggg Replacement for Next Year,General Discussion,0,53,23/8/2023,2:39
Jinggg doubters come,General Discussion,0,51,13/4/2024,14:47
LIST OF JINGGG BELIEVERS,General Discussion,0,50,29/3/2024,23:50
STOP JINGGG HATE,General Discussion,6,49,20/7/2024,20:01
PRX solution for Jinggg military service next year,General Discussion,6,48,29/5/2023,11:16
Jinggg IS 20???,General Discussion,1,48,29/7/2023,9:16
Jinggg Military Service,General Discussion,0,47,26/6/2023,13:55
Jinggg is learning to play Cypher,General Discussion,5,47,1/11/2024,11:27
Honest Jinggg opinion,General Discussion,7,46,13/7/2024,16:59
Jinggg vs Alfajer,General Discussion,3,45,7/7/2022,5:37
what does jinggg bring to the table,General Discussion,0,43,24/11/2024,22:19
jinggg vs tenZ,General Discussion,0,42,9/8/2024,13:11
Can EDG win against PRX (with Jinggg)?,General Discussion,0,41,30/5/2024,6:54
+Jinggg,General Discussion,3,38,14/7/2022,22:49
Is jinggg’s mom dating PRX coach?,General Discussion,0,38,4/4/2024,3:53
Jinggg cope,General Discussion,8,37,24/3/2024,1:30
Jinggg haters come,General Discussion,4,37,4/6/2024,7:47
Jinggg,General Discussion,0,36,1/6/2024,10:10
Jinggg,General Discussion,0,36,4/8/2024,16:52
Jinggg>Something AND ITS NOT CLOSE,General Discussion,0,36,7/3/2025,6:03
JINGGG MOM,General Discussion,1,36,17/4/2024,22:07
Jinggg successor on prx,General Discussion,0,35,25/8/2023,13:33
PRX without Jinggg,General Discussion,0,33,24/6/2023,11:57
jinggg hate,General Discussion,0,33,1/6/2024,1:07
Regarding all the slander on Jinggg recently,General Discussion,0,33,28/7/2024,11:55
Who should replace Jinggg after champs,General Discussion,6,32,18/8/2023,20:31
Jinggg or F0rsaken,General Discussion,2,30,23/11/2022,15:59
Jinggg mom is half indo?,General Discussion,0,30,13/5/2023,23:25
why do ppl hate jinggg,General Discussion,0,30,25/9/2024,19:43
jinggg haters,General Discussion,0,30,22/12/2024,23:14
Jinggg,General Discussion,0,30,23/6/2022,11:57
Jinggg Fix,General Discussion,0,29,21/4/2024,19:53
PRX Jinggg Smoke,General Discussion,0,29,3/3/2025,19:48
This prx> prx with jinggg,General Discussion,0,28,19/2/2024,15:33
Unwarrented Jinggg hate,General Discussion,0,28,13/7/2024,22:03
I wonder WHY PRX KEEPS JINGGG?,General Discussion,0,28,21/11/2024,18:52
"Alfajer > f0rsaken, Jinggg ?",General Discussion,0,27,29/6/2022,19:07
kinda disappointed with jinggg this time.,General Discussion,7,27,20/7/2024,19:49
Jinggg Neon,General Discussion,1,27,4/8/2024,16:23
Jinggg vs Primmie,General Discussion,0,27,2/12/2024,12:14
Jinggg vs Aspas INSANE!!!!!!,General Discussion,4,26,17/4/2022,12:29
Jinggg&Forsaken > aspas&garbage1,General Discussion,0,26,18/8/2023,19:34
jinggg crying after match,General Discussion,17,26,27/8/2023,11:24
"PRX FANS, IF JINGGG GETS KICKED...",General Discussion,0,26,11/8/2024,20:05
Why Jinggg can't be kicked,General Discussion,0,26,6/3/2025,18:22
why always jinggg?,General Discussion,0,25,12/5/2023,18:10
JINGGG IS BACK,General Discussion,7,25,29/3/2024,19:03
jinggg haters come here,General Discussion,0,25,23/7/2024,1:21
jinggg hate,General Discussion,6,25,4/8/2024,18:14
-jinggg +jawgemo,General Discussion,0,25,4/8/2024,21:26
Is Asuna the white jinggg,Off Topic,0,24,14/5/2022,6:45
juicy 4 jinggg,General Discussion,0,24,29/6/2023,14:18
jinggg future,General Discussion,0,24,12/6/2024,19:47
jinggg come (serious),General Discussion,2,24,11/8/2024,17:58
Jinggg leaving PRX?,General Discussion,0,24,31/8/2024,13:19
Will Jinggg play a new agent today?,General Discussion,2,24,24/11/2024,19:07
Jinggg'sFamilyLawyer Come,General Discussion,4,24,4/8/2024,16:26
jinggg not participating 2024 season,General Discussion,8,23,22/8/2023,17:17
Jinggg's aim isnt talked about nearly enough.,General Discussion,0,23,12/5/2024,7:37
why everybody hate jinggg,General Discussion,0,23,31/5/2024,18:02
jinggg goat,General Discussion,0,23,26/7/2024,14:23
donk vs jinggg,General Discussion,6,23,4/2/2025,20:51
jinggg smoker,General Discussion,0,23,20/2/2025,16:25
W JInggg,Off Topic,4,22,12/2/2023,5:52
no Jinggg,General Discussion,0,22,15/4/2023,15:50
Jawg gapping Jinggg in his last vct match is crazy,General Discussion,0,22,8/11/2023,8:26
Jinggg prob a chaebol,Off Topic,1,22,30/7/2024,6:18
“Monyet for Jinggg” debunked,General Discussion,0,22,4/8/2024,17:17
Jinggg will dominate 2025,General Discussion,1,22,16/10/2024,18:26
jinggg vs donk,General Discussion,0,22,13/3/2025,23:16
jinggg comments,General Discussion,1,22,23/3/2025,17:51
Best player to replace jinggg,General Discussion,0,21,6/9/2023,20:29
"""PRX don't need Jinggg""",General Discussion,1,21,23/3/2024,23:07
Jinggg,General Discussion,10,21,7/4/2024,20:31
Jinggg laugh thread,General Discussion,0,21,3/6/2024,15:16
Monyet>Jinggg,General Discussion,1,21,1/2/2025,23:21
Asspiss or Pissmie? Jinggg clears.,General Discussion,0,21,28/7/2024,23:25
Jinggg replacement,General Discussion,0,21,4/8/2024,17:16
Jinggg on Omen,General Discussion,6,21,30/3/2025,15:54
Jinggg's future,General Discussion,8,20,20/7/2022,13:23
Jinggg,General Discussion,0,20,22/7/2022,23:52
F0rsaken asking Jinggg,General Discussion,34,20,24/8/2023,11:22
Jinggg hate is crazy,General Discussion,6,20,13/4/2024,16:22
Alecks says Jinggg is working on a different role,General Discussion,6,20,13/7/2024,17:49
do jinggg or something go?,General Discussion,0,20,2/2/2025,23:45
PRX JINGGG,General Discussion,0,20,23/3/2025,17:28
WHO REPLACE JINGGG???,General Discussion,0,20,27/8/2023,2:18
Jinggg stream title is fucked no?,General Discussion,0,20,27/4/2024,21:08
Clueless ppl talking about jinggg,General Discussion,0,20,13/7/2024,16:24
what is going on with jinggg?,General Discussion,0,19,20/7/2022,14:24
JINGGG,General Discussion,0,19,24/7/2022,23:33
Derke vs Jinggg,General Discussion,3,19,2/2/2023,9:42
Jinggg,General Discussion,1,19,23/7/2022,12:13
Angel on the Shoulder: Monyet,General Discussion,27,67,24/3/2024,3:17
jinggg playing kj on stream!!!,General Discussion,2,19,17/8/2024,21:29
Jinggg?,General Discussion,0,19,19/12/2024,17:26
Jinggg > f0rsaken,General Discussion,1,18,26/3/2022,17:10
JINGGG MOM,General Discussion,3,18,7/8/2022,16:03
skrossi > jinggg/f0rsaken/mixwell/zeek,General Discussion,0,18,8/12/2022,11:58
i genuinely wonder about jinggg and org,General Discussion,0,18,30/3/2025,16:02
Jinggg still positive,General Discussion,2,17,22/7/2022,14:46
Jinggg vs F0rsaken,General Discussion,0,17,25/8/2022,10:58
who can realistically replace jinggg,General Discussion,0,17,27/8/2023,7:51
jinggg not that impressive?,General Discussion,0,17,30/3/2024,1:36
Jinggg to military,General Discussion,0,17,13/7/2024,16:55
Jinggg haters come,General Discussion,0,17,11/8/2024,20:39
My king jinggg>kk,General Discussion,0,17,25/11/2024,3:24
Jinggg Indonesian?,General Discussion,1,17,23/7/2022,17:42
Jinggg problem,General Discussion,4,17,21/6/2023,16:05
jinggg,General Discussion,4,16,20/8/2023,2:18
jinggg on it being his last tournament,General Discussion,4,16,25/8/2023,6:30
Jinggg,General Discussion,0,16,25/10/2023,19:16
jawgemo > jinggg,General Discussion,0,16,13/7/2024,16:17
Jinggg,General Discussion,1,16,11/8/2024,18:52
Jinggg’s situation,General Discussion,0,16,27/8/2023,14:06
Jinggg agent pool,General Discussion,0,16,3/6/2024,15:14
Happy for Jinggg,General Discussion,2,16,24/11/2024,20:37
Alfajer < Jinggg,General Discussion,0,15,15/7/2022,1:01
Jinggg birthday ?,General Discussion,0,15,29/7/2023,21:54
Jinggg and Khan,General Discussion,2,15,25/8/2023,19:06
Jinggg’s Last Dance,General Discussion,2,15,26/8/2023,18:50
Monyet>Jinggg,General Discussion,2,15,23/3/2024,2:42
Jinggg,General Discussion,7,15,23/3/2024,2:51
was jinggg really the best raze last year?,General Discussion,0,15,30/3/2024,12:20
"""jinggg wont be as good as monyet!!!""",General Discussion,0,15,14/4/2024,2:38
yay>jinggg,General Discussion,0,15,13/7/2024,18:29
28 days till Jinggg wins Champions ?,General Discussion,0,15,28/7/2024,23:46
Which jinggg are we getting tomorrow,General Discussion,0,15,2/8/2024,22:02
Jinggg theory,General Discussion,3,15,5/8/2024,5:15
prx jinggg,General Discussion,3,15,27/8/2023,7:04
Juicy and jinggg,General Discussion,2,15,27/4/2024,19:17
If I was HC of PRX...,General Discussion,2,62,18/10/2024,8:26
Prx Jinggg,General Discussion,0,15,28/11/2024,18:58
Jinggg,General Discussion,2,14,16/4/2022,1:15
Polvi vs Jinggg agent pool comparison,General Discussion,4,14,4/8/2024,16:57
Jinggg aura,General Discussion,0,14,2/12/2024,14:43
Come PRX Jinggg Fan,General Discussion,0,14,9/2/2025,22:37
Fav players from Reykjavik,General Discussion,3,47,17/4/2022,19:00
Top 3 Best Raze Players Worldwide,General Discussion,1,46,21/7/2023,19:06
Replacement for Jinggg,General Discussion,0,14,13/9/2023,14:09
JINGGG,General Discussion,2,14,5/12/2023,16:10
Yay Victor > F0rsaken Jinggg,General Discussion,0,13,18/7/2022,18:29
Jinggg,General Discussion,0,13,10/2/2023,19:02
Why Derke raze> Jinggg raze,General Discussion,0,13,24/6/2023,11:22
Jinggg parent,General Discussion,0,13,27/8/2023,18:45
JINGGG'S FINAL TOURNAMENT,General Discussion,0,13,10/12/2023,15:23
Jinggg,General Discussion,0,13,21/11/2024,18:21
jinggg medical issue,General Discussion,24,13,1/2/2025,22:54
Jinggg mom,General Discussion,1,13,3/3/2025,18:23
Jinggg,General Discussion,0,13,20/8/2023,11:54
JINGGG EGO,General Discussion,0,13,27/8/2023,6:07
PRX next year,General Discussion,1,44,15/9/2023,19:19
KR Raze GOD - Jinggg 2.0 ?,General Discussion,5,13,26/9/2023,23:53
Paper Rex,General Discussion,1,50,7/10/2024,10:35
Jinggg national service,General Discussion,10,13,6/3/2025,17:17
Jinggg Phoenix,General Discussion,2,13,6/4/2025,15:34
Tenz vs Jinggg,General Discussion,0,12,26/8/2022,23:35
KICK JINGGG FRAUD,General Discussion,0,12,21/4/2024,19:17
McDonalds Jinggg,General Discussion,0,12,5/6/2024,20:43
Jinggg need to learn kj/cypher,General Discussion,0,12,14/7/2024,14:16
Jinggg has been horrendous so far,General Discussion,5,12,4/8/2024,16:43
-Jinggg +rb?,General Discussion,0,12,26/8/2024,16:12
Jinggg haters,General Discussion,1,12,14/4/2025,19:38
Forsaken express interest to join FNATIC/M3C,General Discussion,8,96,6/7/2022,20:22
APAC Come,General Discussion,1,86,23/10/2022,21:53
JINGGG,General Discussion,0,12,24/6/2023,20:51
f0rsaken,General Discussion,2,40,4/8/2024,20:13
Jinggg Ace,General Discussion,2,12,6/4/2025,15:30
Tenz vs Jinggg,General Discussion,0,11,22/4/2022,19:59
Jinggg Tweet,General Discussion,0,11,23/8/2022,13:48
jinggg aim,General Discussion,0,11,2/9/2022,5:08
Met jinggg unrated today,General Discussion,0,11,2/1/2023,20:09
JINGGG ON PHOENIX,General Discussion,1,11,20/8/2023,4:04
People saying Monyet is better than Jinggg,General Discussion,0,11,23/3/2024,23:01
The return of Jinggg,General Discussion,0,11,1/4/2024,19:07
Jinggg>midyet,General Discussion,0,11,7/4/2024,21:45
Yay or Jinggg?,General Discussion,0,11,8/4/2024,2:34
Wo0t is no throw version of jinggg??,General Discussion,0,11,8/6/2024,14:47
EDG Jinggg,General Discussion,2,11,14/8/2024,19:01
Do PRX even need Jinggg?,General Discussion,0,11,27/9/2024,22:08
JINGGG VS MONYET,General Discussion,9,11,21/11/2024,17:35
Jinggg,General Discussion,0,11,20/6/2023,14:31
im so sad for jinggg man,General Discussion,13,11,27/8/2023,6:25
Every agent GOAT,General Discussion,0,108,19/9/2023,4:21
best phoenix,General Discussion,1,48,22/10/2023,10:01
Zekken raze vs Jinggs raze for #1,General Discussion,8,115,29/3/2024,23:20
Rank These Razes,General Discussion,0,31,12/7/2024,6:07
What is limiting PRX?,General Discussion,1,73,13/7/2024,17:39
jinggg replacement,General Discussion,0,11,20/7/2024,18:17
"Prx: good, bad and the ugly",General Discussion,1,30,21/7/2024,20:19
PRX Jinggg tested positive :c,General Discussion,0,10,17/7/2022,20:12
Jinggg brain dead?,General Discussion,0,9,22/7/2022,23:53
We can't let the Singapore government take Jinggg,General Discussion,7,10,24/6/2023,12:05
Jinggg Female?,Off Topic,0,10,16/8/2023,7:07
Jinggg..,General Discussion,0,10,19/2/2024,14:26
ZEKKEN VS JINGGG,General Discussion,0,10,29/3/2024,22:23
Is Jinggg better than Zekken?,General Discussion,0,10,30/3/2024,5:57
JINGGG & MONYET,General Discussion,18,10,13/4/2024,16:15
I worked for Jinggg and he is a fraud,General Discussion,3,10,2/9/2024,23:53
jinggg can lift trophy,General Discussion,0,10,25/11/2024,21:54
Pray everyday for Jinggg to comeback in form,General Discussion,2,10,26/2/2025,22:03
jinggg hate,General Discussion,1,10,14/4/2025,19:02
",,Updated"" TOP 20 PLAYERS OF THE YEAR",General Discussion,0,49,27/8/2023,23:44
Jinggg really is jesus christ,General Discussion,9,10,5/12/2023,17:59
fan message to jinggg,General Discussion,5,10,10/12/2023,18:59
Who is the best raze player?,General Discussion,0,58,21/3/2024,21:02
Is Miniboo Trying Hard to Be jinggg?,General Discussion,0,10,27/6/2024,1:02
Jingg,General Discussion,42,90,13/7/2024,15:28
where the monyet haters at?,General Discussion,24,70,20/7/2024,19:50
PRX Roster Rankings,General Discussion,0,25,27/1/2025,7:48
jinggg,General Discussion,10,10,30/3/2025,17:25
Jinggg Twitter comments,General Discussion,2,10,30/3/2025,18:23
jinggg,General Discussion,1,10,14/4/2025,17:26
jinggg,General Discussion,0,9,15/4/2023,16:54
Jinggg,General Discussion,4,9,17/6/2023,14:41
JINGGG SURPASS TENZ???,General Discussion,0,9,20/6/2023,7:53
Jinggg > something,General Discussion,0,9,25/8/2023,8:03
Jinggg !!!!!!!,General Discussion,1,9,27/8/2023,12:22
We Found Jinggg Replacement,General Discussion,2,9,29/8/2023,15:52
is Jinggg jesus christ?,General Discussion,6,9,5/12/2023,16:53
jinggg and yay,General Discussion,0,9,20/2/2024,19:42
prx and jinggg,General Discussion,0,9,19/3/2024,14:36
Jinggg..,General Discussion,6,9,9/4/2024,11:57
jinggg haters,General Discussion,1,9,4/6/2024,5:57
Jinggg is prx as player,General Discussion,0,9,20/7/2024,22:17
JINGGG the KINGGG,General Discussion,2,9,25/11/2024,12:46
Jinggg Omen,General Discussion,6,9,30/3/2025,16:21
Jinggg / Tenz,General Discussion,0,9,6/4/2025,17:15
Life and KangKang = Forsaken and Jinggg ?,General Discussion,0,9,12/8/2022,18:23
GAME: Pro players skins,General Discussion,0,21,31/5/2023,4:37
Jinggg,Off Topic,0,9,24/6/2023,11:21
Jinggg,General Discussion,1,9,24/6/2023,21:39
This or that ? (2),General Discussion,0,29,30/6/2023,13:51
is kangkang the best asian player ever?,General Discussion,0,46,20/7/2023,7:36
jinggg,General Discussion,1,9,10/12/2023,17:19
Zekken imo is the best duelist in the world,General Discussion,0,55,16/12/2023,2:14
"Jinggg back to roste, how this affect c9 legacy??",General Discussion,0,9,29/3/2024,19:50
monyet derangement syndrome,General Discussion,12,34,3/4/2024,9:36
Jinggg about to become jonggg,General Discussion,7,9,20/7/2024,15:05
PRX thoughts?,General Discussion,1,54,20/7/2024,20:50
Jinggg deadlock,General Discussion,0,9,24/11/2024,20:02
prx player ranking,General Discussion,5,45,25/11/2024,3:07
Demon1 vs Jinggg?,General Discussion,0,9,1/2/2025,22:10
why didn't bench jinggg?,General Discussion,1,9,6/4/2025,16:00
jinggg isn't the only problem,General Discussion,4,9,6/4/2025,17:31
still the same prx,General Discussion,1,19,14/4/2025,18:01
Jinggg best raze itw,Off Topic,0,8,20/5/2023,19:12
Jinggg's dad,General Discussion,0,8,27/5/2023,11:17
JINGGG JUDGE,General Discussion,0,8,20/8/2023,2:22
Jinggg the type of guy,General Discussion,0,8,26/8/2023,23:59
Jinggg,General Discussion,0,8,27/8/2023,5:09
Jinggg,General Discussion,0,8,3/9/2023,19:51
“Jinggg help us!”,General Discussion,0,8,5/12/2023,16:13
Jinggg & zellsis,General Discussion,0,8,16/3/2024,12:38
jinggg or something,General Discussion,0,8,8/4/2024,1:10
"role, aimstyle, and jinggg",General Discussion,0,8,21/12/2024,23:15
JINGGG,General Discussion,0,8,6/4/2025,15:08
Is Jinggg the Best in the WORLD?,General Discussion,3,8,2/9/2022,2:59
Xccurate to PRX?,General Discussion,0,43,23/9/2022,23:41
APAC fans come,General Discussion,0,98,2/11/2022,19:22
Rank These 10 Pacific Players,General Discussion,0,13,3/3/2023,14:17
the future of PRX,General Discussion,7,94,7/3/2023,22:16
Jinggg agent pool,General Discussion,0,8,31/5/2023,4:13
jinggg :(,General Discussion,1,8,22/6/2023,11:44
Top 10 duelists rn,General Discussion,5,62,24/7/2023,23:34
"Something Fraud , But Jinggg",General Discussion,0,8,20/8/2023,2:32
All-VCT Team Voting,General Discussion,2,87,26/8/2023,12:48
prx are better?,General Discussion,0,26,21/9/2023,12:54
Demon1 vs Aspas,General Discussion,0,44,11/1/2024,23:16
lets be honest (prx fans and haters come),General Discussion,11,26,25/2/2024,17:26
PRX glazers come,General Discussion,0,38,29/3/2024,22:39
jinggg is back,General Discussion,1,8,29/3/2024,23:07
Jingg,General Discussion,3,56,31/3/2024,5:42
Top 5 Favorite Players,General Discussion,1,56,11/5/2024,7:11
Jinggg res,General Discussion,0,8,3/6/2024,17:15
It's not about Jinggg vs Monyet,General Discussion,1,8,3/6/2024,17:54
Why is jinggg on iso?,General Discussion,0,8,22/6/2024,19:42
Why Couldnt Jinggg Stay In Military,General Discussion,0,8,13/7/2024,17:06
I love you ? jinggg ?,Off Topic,4,8,26/7/2024,14:08
Jinggg Pi,General Discussion,2,8,4/8/2024,16:36
HOLYY ICY DOING JINGGG'S PLAY,General Discussion,0,8,7/8/2024,20:40
PRX COPE,General Discussion,0,31,24/10/2024,16:34
Jinggg and Benkai,General Discussion,1,7,19/4/2022,4:53
Jinggg Covid Update,General Discussion,0,7,24/7/2022,16:15
Jinggg,General Discussion,0,7,10/8/2023,3:14
PRX jinggg trashtalk mr fallin,General Discussion,0,7,14/8/2023,8:47
"Jinggg, Something, f0rsaken",General Discussion,0,7,20/8/2023,4:31
Jinggg could have been the best duelist in 2024 :(,General Discussion,5,7,26/8/2023,2:22
Texture is the new Jinggg,General Discussion,0,7,15/3/2024,3:17
Jinggg,General Discussion,1,7,29/3/2024,19:10
Jinggg in change for Xccurate??,General Discussion,0,7,6/8/2024,14:42
Jinggg Deadlock is back,General Discussion,1,7,28/11/2024,16:07
Jinggg KJ,General Discussion,1,7,30/11/2024,21:20
world no.1 roster,General Discussion,3,63,18/4/2022,4:19
"TOP 5 CURRENTLY ON MASTERS, BY PERFORMANCE.",General Discussion,0,21,19/4/2022,14:01
OpTic anime arc,General Discussion,6,17,12/7/2022,22:21
-JINGGG,General Discussion,0,7,31/8/2022,23:51
Jinggg Reyna,General Discussion,0,7,7/9/2022,21:54
Players u love and hate the most,General Discussion,0,75,27/9/2022,3:10
Overhyping patiphan???,General Discussion,8,58,25/10/2022,22:18
Best org and top 3 players in EU/NA/APAC next year,General Discussion,2,12,26/10/2022,10:51
Jinggg and F0rsaken,General Discussion,0,7,20/11/2022,18:32
Rank These 10 Duelists,General Discussion,0,31,27/3/2023,12:13
JINGGG,General Discussion,0,7,2/4/2023,18:45
Best Raze itw,General Discussion,0,34,28/5/2023,17:53
PRX fans come,General Discussion,6,15,10/6/2023,23:03
Jinggg 0.96,General Discussion,0,7,20/6/2023,16:45
Jinggg,General Discussion,0,7,24/6/2023,11:58
Jinggg exposed,Off Topic,-13,7,24/6/2023,14:41
TOP 3 ENTRY FRAGGER IN CHAMPS 2023,General Discussion,0,49,2/8/2023,13:21
Jinggg,General Discussion,0,7,23/8/2023,19:46
early EG/Demon1/Boostio LAUGH THREAD,General Discussion,0,12,27/8/2023,2:30
Who do you think will replace Jinggg?,General Discussion,0,7,27/8/2023,19:06
The player you love-like-dislike-hate,General Discussion,0,53,27/8/2023,21:34
First player to come to mind for every letter,General Discussion,0,40,12/9/2023,1:27
Jinggg is an ex-SMG player,General Discussion,0,7,29/11/2023,16:06
VLR 2023 VCT Vote,General Discussion,8,75,20/12/2023,11:46
I have a Complaint / Issue about Jinggg,Off Topic,0,7,8/3/2024,17:24
best raze each region,General Discussion,0,29,14/3/2024,1:17
Zekken and jingss raze,General Discussion,1,22,17/3/2024,12:12
Best duelist in each league,General Discussion,0,10,15/4/2024,8:52
Best raze player,General Discussion,1,79,2/5/2024,20:48
Davaii is incredible,General Discussion,2,37,5/7/2024,17:45
Jinggg 28/14 on neon,General Discussion,1,7,20/7/2024,16:55
repping monyet cus of flag,General Discussion,0,25,20/7/2024,20:32
prx changes?,General Discussion,0,35,21/7/2024,12:32
prx ascent comp,General Discussion,2,35,27/7/2024,12:23
does jinggg have the worst neon,General Discussion,0,7,4/8/2024,16:19
WHY YALL MFS SINGLING OUT J0NGGG?,General Discussion,1,31,4/8/2024,17:06
PRX,General Discussion,0,19,5/8/2024,21:30
PRX RIYAL FIX,General Discussion,1,29,17/8/2024,7:37
WHO HAS BETTER AIM SAME SENS EDITION,General Discussion,0,29,1/12/2024,2:21
Jinggg KJ,General Discussion,3,7,1/12/2024,17:11
Can PRX's flexibility win them master in vct 2025,General Discussion,2,39,2/12/2024,19:20
What PRX will do,General Discussion,0,28,4/3/2025,20:04
What i would change in prx as a fan,General Discussion,0,37,17/3/2025,18:22
PRX jinggg,General Discussion,0,6,1/5/2023,19:31
jinggg,General Discussion,0,6,19/6/2023,12:59
Jinggg...,General Discussion,0,6,27/8/2023,5:24
jinggg changed his res?,General Discussion,0,6,6/12/2023,1:17
Jinggg toxic,General Discussion,0,6,7/12/2023,15:07
jinggg if you can hear me,General Discussion,0,6,18/3/2024,2:31
PRX Jinggg Replacement,General Discussion,2,6,18/3/2024,2:58
Jinggg,General Discussion,0,6,7/5/2024,11:53
the difference between moneyYt and Jinggg .,General Discussion,0,6,12/5/2024,19:51
Jinggg NEON PTSD,General Discussion,0,6,5/7/2024,15:15
JINGGG PI?,General Discussion,1,6,20/7/2024,19:37
Jinggg and aspas trialing with EG,General Discussion,4,6,27/9/2024,23:44
SMTH/JINGGG Problem same as Tenz Case?,General Discussion,1,6,3/2/2025,20:46
Hottest prospects for 2022?,General Discussion,1,72,4/1/2022,19:36
Jinggg,General Discussion,1,6,17/4/2022,3:50
F0rsaken and Jing vs Derke and Alfajer,General Discussion,0,85,25/6/2022,18:25
FNATIC L...LOST ? TF ?,General Discussion,0,27,18/7/2022,1:46
Best valorant player,General Discussion,0,45,25/7/2022,20:45
Plat Chat Top 10 players at Champions Istanbul,General Discussion,3,100,25/8/2022,1:33
PRX LOSE TO THIS?,General Discussion,0,12,12/9/2022,2:02
KellyS #1 Duelist Pacific,General Discussion,0,23,8/10/2022,11:23
Best Reyna Pro,General Discussion,2,15,4/11/2022,12:11
The Top 30 Players in Valorant Franchising,General Discussion,0,86,6/1/2023,23:59
Top 10 players heading into the 2023 VCT,General Discussion,6,54,26/2/2023,12:42
PRX something,Off Topic,40,113,3/3/2023,20:00
PRX something roles?,General Discussion,0,29,22/3/2023,19:20
All-APAC team?,General Discussion,0,33,12/4/2023,2:48
Jinggg,General Discussion,0,6,17/6/2023,14:14
Best raze itw?,General Discussion,2,28,17/6/2023,16:46
Jinggg,General Discussion,0,6,23/6/2023,3:01
whos the best player that hasn't won a major yet,General Discussion,1,28,17/7/2023,10:29
Come watch some exclusive JINGGG BRIMSTONE,General Discussion,1,6,17/7/2023,19:03
Sayf is a top 3 duelist itw,General Discussion,0,61,24/7/2023,23:44
keznit gonna raze diff jinggg,General Discussion,0,6,10/8/2023,2:09
jinggg,General Discussion,1,6,10/8/2023,2:39
Something overrated AF,General Discussion,0,32,15/8/2023,3:40
Jinggg elite Raze,General Discussion,0,6,25/8/2023,4:00
PRX Players Ranked,General Discussion,1,10,25/8/2023,8:15
Jinggg Replacement!!,General Discussion,4,6,1/9/2023,12:19
prx truth next year,General Discussion,0,24,15/9/2023,3:43
top 10 duelists in the world current,General Discussion,0,46,13/10/2023,7:42
APAC FINISHED,General Discussion,0,77,18/10/2023,15:36
Rosters that DOWNGRADED,General Discussion,0,38,27/10/2023,21:46
vlr stat scraper ^-^,Off Topic,104,1471,22/11/2023,12:01
mfs NEEDED JINGG,General Discussion,0,56,5/12/2023,16:54
Dear SEN fans,General Discussion,9,14,5/12/2023,18:14
Just sent jinggg to military already,General Discussion,0,6,10/12/2023,18:40
o7 JINGGG,General Discussion,0,6,10/12/2023,18:54
Who is the GOAT of Valorant?,General Discussion,0,63,7/3/2024,7:17
PRX are the most toxic team in VCT (reminder),General Discussion,0,198,18/3/2024,4:41
Jingg return PRX is real good thing?,General Discussion,0,14,31/3/2024,3:26
Pacific matches,General Discussion,0,37,5/4/2024,23:39
Top 3 Favorite Players for Every Region,General Discussion,0,20,8/4/2024,12:15
Keznit + Heat,General Discussion,1,22,9/4/2024,6:33
PRX Breeze,General Discussion,0,17,19/4/2024,15:25
Jingg fans,General Discussion,18,34,21/4/2024,18:40
what does this mean for jinggg,General Discussion,0,6,21/4/2024,23:41
emea has the best player for almost every agent...,General Discussion,0,61,25/4/2024,7:24
"I will give 10,000 v bucks",General Discussion,1,91,18/5/2024,12:09
Bring back Monyet? is Jinggg the problem?,General Discussion,0,6,31/5/2024,17:44
Deeply disappointed in PRX,General Discussion,67,84,3/6/2024,22:45
PRX Comp Change Suggestions,General Discussion,1,24,7/6/2024,10:13
PRX COMP ON ICEBOX,General Discussion,1,9,13/7/2024,16:15
PRX problem right now,General Discussion,1,23,14/7/2024,17:33
CHAMPS 24 PRED FORM,General Discussion,16,85,19/7/2024,9:27
jinggg,General Discussion,0,6,21/7/2024,22:41
j0nng girl suckers come,General Discussion,10,46,26/7/2024,14:04
jingggsfamilylawyer come,General Discussion,7,72,30/7/2024,4:36
PRX comps,General Discussion,0,18,11/8/2024,18:27
jinggg,General Discussion,0,6,11/8/2024,18:39
Jinggg,General Discussion,1,6,11/8/2024,19:04
MINDFREAK AND JINGGG ENTER FREE AGENCY WTFF ??,General Discussion,0,6,8/9/2024,18:10
prx roster,General Discussion,0,27,10/9/2024,12:21
PRX Hyunminn,General Discussion,0,31,11/9/2024,22:26
J0nggg is not as good on Raze as you think,General Discussion,12,42,20/9/2024,23:28
PRX something initiator,General Discussion,1,22,24/9/2024,20:30
Jinggg and Mindfreak announce free agency,General Discussion,0,6,7/10/2024,12:53
J0nggg,General Discussion,11,31,19/11/2024,14:36
goat of every role,General Discussion,0,97,20/11/2024,9:08
PRX can win everything,General Discussion,0,8,21/11/2024,19:15
my formal apology to jinggg,Off Topic,4,6,21/11/2024,19:25
hynix pacific player tier list,General Discussion,0,51,3/1/2025,12:27
PRX let me cook,General Discussion,0,19,27/1/2025,12:10
prx 2026,General Discussion,0,47,2/2/2025,12:33
PRX real fix,General Discussion,0,34,2/2/2025,20:22
does prx need a team change or a playstyle change?,General Discussion,0,44,11/2/2025,17:26
new prx roles,General Discussion,1,12,19/2/2025,18:02
build the ultimate player,General Discussion,0,23,22/2/2025,21:18
who is PRX kicking,General Discussion,4,33,4/3/2025,17:42
2026 predictions for the prx players,General Discussion,0,16,30/3/2025,17:18
good players on a bad team,General Discussion,0,121,18/4/2025,5:48
"Ever heard of Jinggg, Mixwell?",General Discussion,2,5,18/4/2022,5:47
Jinggg,General Discussion,0,5,2/9/2022,1:51
Prx jinggg thrower,General Discussion,0,5,22/4/2023,17:15
Jinggg twerking,General Discussion,0,5,16/9/2023,19:13
Jinggg?,General Discussion,0,5,7/12/2023,14:54
Without jinggg,General Discussion,0,5,18/3/2024,4:23
Jinggg,General Discussion,0,5,25/11/2024,19:12
jinggg song,General Discussion,0,5,28/11/2024,17:30
jinggg reyna wow,General Discussion,0,5,16/4/2022,12:12
Jinggg and f0rsakeN,General Discussion,0,5,19/4/2022,11:42
is jinggg still gonnna play?,General Discussion,0,5,5/5/2022,5:35
Plat Chat - Rank Best Player in Copenhagen,General Discussion,0,13,19/7/2022,16:32
if i get a dollar everytime jinggg hit a raze ult,General Discussion,0,5,25/7/2022,12:42
i guess the team you hate,General Discussion,0,226,22/8/2022,2:26
Paper Rex :(,General Discussion,38,55,8/9/2022,12:36
Best raze,General Discussion,1,49,9/9/2022,18:48
Valorant World Cup 2023,General Discussion,0,107,13/11/2022,15:07
PRX vs GE,General Discussion,0,45,18/11/2022,22:26
JINGGG?,General Discussion,0,5,15/2/2023,7:14
Paper Rex,General Discussion,0,15,15/3/2023,20:53
Your top 5 favourite Val players?,General Discussion,3,120,29/3/2023,19:07
Wholesome Jinggg Content w/ his mother :D,Off Topic,0,5,6/4/2023,21:36
Best pro for every agent,General Discussion,0,37,7/5/2023,10:07
Who is ur top 10 favorite players,General Discussion,0,44,1/6/2023,2:14
Jawgemo styling on Jinggg,General Discussion,0,5,24/6/2023,14:49
vlr users who are your top 10 pro valorant players,General Discussion,0,51,27/6/2023,12:44
PRX,General Discussion,0,48,1/7/2023,20:31
Best region in SEA,General Discussion,0,28,9/7/2023,20:07
PRX Monyet,General Discussion,1,24,19/7/2023,19:20
PRX fans and haters come,General Discussion,2,54,27/7/2023,9:35
TMV Top 10 Players,General Discussion,0,47,28/7/2023,22:23
what is your top 10 favorite players this event?,General Discussion,0,17,30/7/2023,23:56
Best raze itw,General Discussion,0,36,31/7/2023,1:10
VLR Choice for Best Aimer,General Discussion,0,49,11/8/2023,13:55
Indians come,General Discussion,0,9,19/8/2023,13:09
Your top 10 players,General Discussion,0,30,19/8/2023,23:59
PRX best bet,General Discussion,2,43,22/8/2023,19:09
Drop your,General Discussion,0,33,23/8/2023,22:44
top players so far,General Discussion,1,37,26/8/2023,7:29
Jinggg GIGACHAD,General Discussion,0,5,27/8/2023,4:32
Jinggg,General Discussion,1,5,27/8/2023,4:36
jingggs jett vs forsakens raze,General Discussion,0,11,23/10/2023,19:55
Top 5 razes ITW?,General Discussion,0,61,27/10/2023,7:53
comparing the emea league vs pacific league,General Discussion,1,36,16/11/2023,15:29
Nicest player,Off Topic,0,30,26/11/2023,15:14
Prx having is bad or is just showing mist side,General Discussion,0,34,10/12/2023,19:47
let’s play a game,General Discussion,0,98,12/12/2023,7:22
Super TEAM in every region,General Discussion,2,65,20/12/2023,17:45
APAC SUPER TEAM,General Discussion,0,33,25/12/2023,8:20
Best player on each agent,General Discussion,0,85,22/1/2024,9:59
PRX JAWGEMO,General Discussion,0,36,28/1/2024,19:07
Disgusting,General Discussion,2,14,18/3/2024,1:39
INDO MASUK,General Discussion,7,46,18/3/2024,3:18
Monyet???,Off Topic,7,29,23/3/2024,22:59
Forsaken is mad on Monyet?,General Discussion,9,89,24/3/2024,1:33
Monyet Haters,General Discussion,4,43,24/3/2024,2:24
Jinggg really said,General Discussion,1,5,29/3/2024,19:24
indo fans come (PRX),General Discussion,1,55,13/4/2024,12:10
prx fans come,General Discussion,7,15,13/4/2024,17:57
if PRX disband,General Discussion,0,98,17/4/2024,1:37
top 5 in each role(at their peak),General Discussion,0,130,23/4/2024,21:27
TH fans come real quick,General Discussion,0,56,10/5/2024,14:22
I fear jingggs future,General Discussion,1,25,1/6/2024,10:26
PRX breeze,General Discussion,1,24,3/6/2024,15:41
Jinggg,General Discussion,1,5,3/6/2024,16:00
Why is Jingg being blamed??,General Discussion,0,49,3/6/2024,17:51
valorant men id trust with my drink,General Discussion,23,64,17/6/2024,1:05
PRX REBUILD,General Discussion,0,53,9/7/2024,16:52
jinggg,General Discussion,0,5,20/7/2024,15:44
Aspas and Jinggg on which region,General Discussion,0,5,4/8/2024,12:06
PRX main problem,General Discussion,1,25,4/8/2024,16:06
prx icebox,General Discussion,0,15,4/8/2024,19:53
Why does everyone hate PRX now,General Discussion,0,40,5/8/2024,9:46
Jinggg,General Discussion,0,5,11/8/2024,19:34
PRX,General Discussion,2,49,11/8/2024,19:35
PRX roster changes,General Discussion,2,40,11/8/2024,19:34
"if you are PRX coach, would you rather",General Discussion,0,36,11/8/2024,20:14
Paper Rex,General Discussion,0,20,11/8/2024,23:00
not braindead roster ideas(for teams i like),General Discussion,0,18,12/8/2024,19:34
ChatGPT talking about you,General Discussion,15,406,10/10/2024,19:31
pros you cant really hate,General Discussion,0,115,20/10/2024,12:57
PRX fix,General Discussion,0,31,22/10/2024,10:20
GOAT of Every Agent,General Discussion,0,124,29/10/2024,12:49
jinggg's health,Off Topic,0,5,24/11/2024,14:58
Prx,General Discussion,5,17,1/12/2024,19:52
PRX,General Discussion,0,10,6/12/2024,23:31
fraud teams,General Discussion,0,53,8/12/2024,16:28
Goat of Every Agent,General Discussion,0,88,20/12/2024,17:38
PRX Primmie,General Discussion,1,17,22/2/2025,9:08
JAWGEMO VS JINGG,General Discussion,0,29,26/2/2025,13:37
my personal prx,General Discussion,0,17,5/3/2025,1:25
PRX FANS UNITE,General Discussion,4,49,23/3/2025,14:40
karon vs jinggg,General Discussion,2,5,30/3/2025,15:51
jinggg 1v9,General Discussion,0,5,14/4/2025,19:11
Jinggg added to paper Rex before lcq,General Discussion,0,4,28/9/2021,21:33
AOE xing > PRX jinggg,General Discussion,0,4,6/5/2022,6:04
Lev Kingg > PRX Jinggg,General Discussion,0,4,16/7/2022,13:43
JINGGG FINALLY DID IT,General Discussion,1,4,24/6/2023,11:58
better raze than jinggg,General Discussion,0,4,8/7/2023,18:38
Jinggg the best raze outside Indonesia,General Discussion,0,4,25/8/2023,2:39
jinggg,General Discussion,0,4,11/12/2023,3:13
Jinggg back truth...,General Discussion,0,4,29/3/2024,19:40
Jinggg's Raze,General Discussion,0,4,3/4/2024,14:34
jinggg plush,Off Topic,0,4,7/4/2024,19:32
jinggg,General Discussion,2,4,3/5/2024,17:39
Jinggg contract,General Discussion,0,4,4/8/2024,17:04
Jinggg & d4v4i,General Discussion,0,4,22/11/2024,20:50
This is why Jinggg is GOAT,General Discussion,0,4,1/12/2024,19:48
jinggg,General Discussion,1,4,1/2/2025,23:01
jinggg hate is so forced atp,General Discussion,0,4,14/4/2025,16:39
who is the best SEA player/aimer?,General Discussion,1,23,8/1/2022,19:56
Prx are just like ge??,General Discussion,0,88,27/3/2022,16:33
Ranking the Remaining Players at Masters,General Discussion,0,18,20/4/2022,4:40
Best secondary duelists in the world,General Discussion,0,48,29/4/2022,18:52
best of each agent,General Discussion,0,26,4/5/2022,22:40
Top 5 fraggers WORLD,General Discussion,0,39,12/5/2022,12:29
Make your Global Super Team,General Discussion,1,51,16/5/2022,10:18
PRX f0rsakeN,General Discussion,0,31,19/5/2022,15:41
Best raze player,General Discussion,1,23,8/6/2022,6:09
Top 20 2022,General Discussion,1,36,8/6/2022,13:57
Team with the most firepower?,General Discussion,0,55,12/6/2022,23:35
top 5 flex players itw,General Discussion,0,30,29/6/2022,4:46
PRX salary,General Discussion,4,99,29/6/2022,16:25
Top aimers in Copenhagen,General Discussion,0,50,19/7/2022,21:14
PRX gonna fall apart next year? :((((,General Discussion,0,42,20/7/2022,10:26
BLEED offered 2.6 M to forsaken,General Discussion,4,38,23/7/2022,17:28
Agent pool of Paper Rex,General Discussion,0,25,24/7/2022,16:02
Top 5 players WORLD,General Discussion,0,37,25/7/2022,2:59
Jinggg,General Discussion,0,4,25/7/2022,7:06
Top 3 best players in the world rn,General Discussion,1,51,25/7/2022,14:02
real TOP 10 APAC player (individual),General Discussion,0,32,28/7/2022,13:37
Top 10 most skilled players of your region,General Discussion,6,114,29/7/2022,8:09
ODER so bad,General Discussion,0,22,2/8/2022,16:18
bleed = money cant buy success,General Discussion,5,43,6/8/2022,19:19
Best player with each agent?,General Discussion,0,101,7/8/2022,6:45
SEA franchising teams,General Discussion,0,37,9/8/2022,22:56
Your top 5 players,General Discussion,0,19,16/8/2022,10:00
What would your VAL Roster be,General Discussion,0,73,23/8/2022,20:11
What regions makes the best players,General Discussion,0,69,27/8/2022,19:41
TMV Top 10 Players,General Discussion,0,35,30/8/2022,20:02
Banger,General Discussion,2,21,5/9/2022,6:49
Liquid vs prx,General Discussion,1,28,5/9/2022,11:16
drop your Dream Team till date here,General Discussion,0,40,7/9/2022,10:53
Which team has cutest player ?,General Discussion,0,44,7/9/2022,12:13
f0rsaken,General Discussion,0,28,7/9/2022,22:22
TOP 5 PLAYERS ITW,General Discussion,0,64,10/9/2022,1:08
dream team?,General Discussion,0,60,10/9/2022,7:56
best player from each region? (this year),General Discussion,0,14,19/9/2022,3:32
Tenz,General Discussion,8,30,23/9/2022,3:41
Who’s in your top 5 for each role?,General Discussion,2,26,27/9/2022,20:16
patiphan vs f0rsakeN,General Discussion,0,28,25/10/2022,22:52
skrossi + LF vs f0rsaken right now!,General Discussion,0,123,28/10/2022,20:39
Best mechanical skilled player?,General Discussion,0,59,3/11/2022,23:44
why sen > the world,General Discussion,0,36,8/11/2022,10:28
Top 3 players from each league,General Discussion,3,74,10/11/2022,5:50
Ranking Valorant Teams with NBA 2k ratings pt.1,General Discussion,1,63,14/11/2022,10:10
top 50 players in vct main,General Discussion,0,59,23/11/2022,10:01
enerii is so cute ^_^,Off Topic,-1,34,24/11/2022,1:47
Your Dream Valorant Team,General Discussion,0,60,5/1/2023,19:24
Something's Jett vs f0rsaken's Jett,General Discussion,0,35,4/3/2023,13:30
Best AIM in Val,General Discussion,0,61,7/3/2023,4:40
Top 5 duelists in the world right now? (In order),General Discussion,0,17,11/4/2023,1:25
PRX SO SHIT,General Discussion,0,17,15/4/2023,18:08
-mindfreak -forsaken,General Discussion,0,59,15/4/2023,18:47
Paper Rex,General Discussion,0,22,11/5/2023,19:12
Most representative player by agent,General Discussion,0,38,16/5/2023,7:21
Top 10 Duelists in the world,General Discussion,0,34,20/5/2023,3:13
VCT MASTERS TOKYO 2023 PLAYERS TIER LIST,General Discussion,0,169,1/6/2023,19:18
cgrs to coach,General Discussion,0,23,22/6/2023,10:20
Top 10 players of Master tokyo,General Discussion,0,20,24/6/2023,12:28
More teams should run Phoenix,General Discussion,0,8,24/6/2023,13:18
what player comes to mind when u think of a agent,General Discussion,0,25,31/7/2023,12:17
eg and paper rex,General Discussion,0,66,1/8/2023,7:04
PRX + Monyet,General Discussion,0,16,5/8/2023,12:52
13-0,General Discussion,0,13,17/8/2023,5:36
"Best ace,clutch, and flick of Champs so far?",General Discussion,0,17,22/8/2023,12:46
is there a fourth MVP candidate?,General Discussion,0,47,22/8/2023,7:12
Jinggg best GC player,General Discussion,0,4,22/8/2023,17:42
Jinggg,General Discussion,0,4,23/8/2023,18:43
Best raze all the time in VCT,General Discussion,0,16,23/8/2023,22:55
neutral fans come,General Discussion,0,23,25/8/2023,12:47
Out of the remaining 4 teams,General Discussion,0,6,25/8/2023,2:02
I'm gonna miss this team so much,General Discussion,1,11,25/8/2023,4:04
EMEA come ( no hate thread ),General Discussion,0,14,25/8/2023,11:56
Top 20 players of the year + some tier 2 players,General Discussion,0,63,26/8/2023,9:55
Best players of 2023,General Discussion,1,13,26/8/2023,14:26
damn nobody is rooting for EG,General Discussion,9,80,27/8/2023,12:28
Jinggg in 2 years,General Discussion,2,4,27/8/2023,2:20
jinggg,General Discussion,0,4,27/8/2023,6:14
PRX respect thread,General Discussion,35,33,27/8/2023,6:25
Is PRX done,General Discussion,1,23,27/8/2023,7:28
something raze,General Discussion,0,15,27/8/2023,21:05
2023 Player Ranking Survey,General Discussion,11,22,27/8/2023,23:08
TOP 20 players of this year.,General Discussion,5,18,28/8/2023,21:30
"ACTUAL TOP 20 2023 (NO TROLL, SERIOUS, NO FRAUD)",General Discussion,0,42,30/8/2023,21:30
Monyet,General Discussion,0,14,10/9/2023,17:08
PRX,General Discussion,0,28,10/9/2023,19:39
PRX NEED MORE AIM POWERS,General Discussion,0,56,10/9/2023,19:59
best player each agent,General Discussion,3,46,11/9/2023,14:25
Favourite PRO?,General Discussion,0,26,25/9/2023,22:09
cutest pro player,General Discussion,0,54,20/10/2023,9:00
Pacific Roster Upgrade or downgrades,General Discussion,0,47,25/10/2023,16:11
Assific hater come,General Discussion,0,29,26/10/2023,8:30
TOP 5 GREATEST DUELISTS OF ALL TIME,General Discussion,12,96,31/10/2023,5:15
GOAT duelist,General Discussion,0,42,13/11/2023,23:22
Monyet,General Discussion,1,40,23/11/2023,14:01
Ray4c satchel playstyle,General Discussion,3,36,25/11/2023,9:34
Midnyet,General Discussion,1,18,5/12/2023,15:26
Where is the W gaming,General Discussion,0,8,5/12/2023,15:57
Bang monyet is not the problem,General Discussion,0,7,5/12/2023,17:28
PRX was trolling ya?,General Discussion,6,30,6/12/2023,8:22
VLR top 20 2023,General Discussion,0,23,28/12/2023,6:36
Top3 Players in the World for these Agents?,General Discussion,0,20,15/1/2024,23:43
best player on each agent(really based list),General Discussion,1,28,23/1/2024,12:10
Top 10 players in the world,General Discussion,0,40,27/1/2024,12:22
"vanity: ""buzz is the best player in asia""",General Discussion,1,34,14/2/2024,21:04
players that you miss,General Discussion,2,72,15/2/2024,2:15
"“Monyet is good for prx, more comps for prx”",General Discussion,2,12,25/2/2024,17:38
Fake prx fans leave,General Discussion,0,20,25/2/2024,17:53
what if Prx wins without monyet,General Discussion,0,17,1/3/2024,12:24
"no DRX, no Fnatic, no Navi and no Loud",General Discussion,0,15,3/3/2024,5:53
"prx ""saving strats""",General Discussion,0,36,3/3/2024,12:31
PRX vs EDG,General Discussion,1,10,5/3/2024,9:58
5 reasons why PRX should be feared in madrid.,General Discussion,28,73,13/3/2024,12:46
how did prxs bind downgrade so hard,General Discussion,3,9,16/3/2024,12:56
Forsaken and jinggg,General Discussion,3,4,18/3/2024,3:02
Jingg impact,General Discussion,1,10,21/3/2024,23:09
PRX Always Come So Short,General Discussion,0,21,24/3/2024,2:22
JINGGG,General Discussion,0,4,29/3/2024,19:09
Jingg medical condition,General Discussion,2,43,29/3/2024,19:05
"""Unfit for military""",General Discussion,0,77,30/3/2024,1:13
top 3 razes from each region,General Discussion,1,48,3/4/2024,4:04
best duelist,General Discussion,0,39,3/4/2024,14:54
Create your ideal player,General Discussion,0,46,13/4/2024,2:21
PRX laugh thread,General Discussion,0,29,13/4/2024,15:57
no bias top 10 all time,General Discussion,0,39,22/4/2024,1:56
Top 10 Kawaii Players !!,Off Topic,-5,30,23/4/2024,11:41
"15 greatest duelists, do you agree?",General Discussion,0,28,5/5/2024,6:46
PRX IGL ???,General Discussion,0,18,5/5/2024,15:37
Top 5 igls of all time,General Discussion,1,46,6/5/2024,1:47
who's mvp of apac,General Discussion,0,30,12/5/2024,19:50
jinggg,General Discussion,0,4,31/5/2024,16:21
what really happened to PRX,General Discussion,1,31,3/6/2024,18:20
Icy g2,General Discussion,0,48,4/6/2024,4:32
Prx roster change?,General Discussion,1,25,10/6/2024,21:57
PRX Ascent,General Discussion,0,17,13/7/2024,15:54
Same ol' PRX,General Discussion,9,32,13/7/2024,16:51
f0rsakeN PLZ,General Discussion,1,57,13/7/2024,21:29
PRX,General Discussion,1,12,13/7/2024,16:42
PRX discourse is crazy,General Discussion,6,15,20/7/2024,21:05
Twitter Poster Apology,General Discussion,8,27,26/7/2024,13:26
Paper Rex in a single year,General Discussion,11,23,27/7/2024,2:57
Why BabyBoyJinggg is the greatest valorant player,General Discussion,0,21,30/7/2024,11:22
DFM fix,General Discussion,0,32,31/7/2024,19:51
How to spot a new VCT watcher,General Discussion,14,39,3/8/2024,20:54
prx comps,General Discussion,2,9,4/8/2024,17:12
PRX bros,General Discussion,0,15,4/8/2024,19:43
poop rex fans excuse,General Discussion,7,26,4/8/2024,20:46
i cant hold it in anymore,General Discussion,3,35,4/8/2024,16:52
PRX haters dont come here,General Discussion,2,26,5/8/2024,12:45
For PRX I think this need to be called,General Discussion,0,12,11/8/2024,23:27
J0nggg,General Discussion,0,43,12/8/2024,8:02
random prx rant,General Discussion,3,18,15/8/2024,10:28
PRX fix,General Discussion,0,19,16/8/2024,6:35
best players to win nothing,General Discussion,1,30,26/8/2024,12:44
my dream prx roster,General Discussion,0,26,9/9/2024,3:46
who is the best duelist of 2023,General Discussion,0,24,20/9/2024,2:02
PRX,Off Topic,0,14,15/10/2024,22:23
MIBR Jinggg,General Discussion,0,4,26/10/2024,23:42
PRX Map Pool X Current Map Pool,General Discussion,0,24,28/10/2024,10:06
hot take: monyet should have stayed at prx,General Discussion,0,19,30/10/2024,6:57
J0nggg vs KJ turret,General Discussion,5,18,21/11/2024,18:52
Why Something should be main duelist in PRX,General Discussion,0,10,21/11/2024,21:12
prx,General Discussion,1,32,21/11/2024,21:45
PRX fans come,General Discussion,0,26,25/11/2024,21:19
genuine problems with PRX,General Discussion,8,33,27/11/2024,19:57
Wtf prx,General Discussion,0,19,29/11/2024,16:53
valo2asia j0nggg,General Discussion,0,33,28/12/2024,4:40
who would u rather go perma duelist on prx,General Discussion,0,12,2/2/2025,13:26
My PRX fix,General Discussion,2,12,2/2/2025,21:53
The best player in all agent(vct),General Discussion,0,24,3/2/2025,4:35
Do PRX need changes?,General Discussion,0,13,15/2/2025,16:04
something,General Discussion,1,26,20/2/2025,16:30
PRX patmen,General Discussion,4,50,3/3/2025,17:10
prx fix,General Discussion,2,11,4/3/2025,19:37
PRX roster,General Discussion,0,13,5/3/2025,4:36
PRX PatMen LFG,General Discussion,0,15,6/3/2025,23:00
My opinion on Paper Rex,General Discussion,5,28,11/3/2025,18:53
jinggg tejo forsaken waylay,General Discussion,0,4,23/3/2025,16:00
Mindfreak subbed out,General Discussion,4,33,6/4/2025,14:57
nt Jinggg,General Discussion,0,4,6/4/2025,15:56
What the hell PRX,General Discussion,1,42,13/4/2025,19:08
Jinggg and f0rsakeN,General Discussion,0,3,24/7/2022,23:10
SMG esport valorant (prx jinggg),General Discussion,2,3,1/6/2023,2:15
Salute Jinggg o7,Off Topic,0,3,24/8/2023,17:00
Jinggg my goat,General Discussion,0,3,25/8/2023,5:35
jinggg,General Discussion,0,3,21/9/2023,2:34
keep jinggg on the bench,General Discussion,1,3,30/3/2024,6:53
JINGGG > m0nyet,General Discussion,0,3,21/4/2024,19:01
Is Jinggg actually back?,General Discussion,1,3,29/4/2024,22:02
jinggg,General Discussion,0,3,20/7/2024,15:36
jinggg,General Discussion,0,3,11/8/2024,22:59
JINGGG NEED TO BAIT MORE,General Discussion,0,3,30/3/2025,16:47
who will win 5 Jinggg or 5 Demon1?,General Discussion,0,3,31/3/2025,4:26
Jinggg,General Discussion,0,3,14/4/2025,19:42
Jingg?,General Discussion,0,11,11/10/2021,22:15
[Stat Check] Masters 1 ACS,General Discussion,24,24,3/4/2022,5:49
Most underrated pro?,General Discussion,2,68,8/4/2022,22:28
juicySG LFT,General Discussion,0,8,13/4/2022,5:59
PRX hype,General Discussion,0,12,15/4/2022,18:51
JINGGG,General Discussion,1,3,16/4/2022,1:15
the most overrated player is f0rsaken,General Discussion,0,80,16/4/2022,1:56
SEN & PRX,General Discussion,4,23,19/4/2022,5:54
Jinggg is worst palyer,General Discussion,0,3,19/4/2022,12:54
What was the best play in masters so far?,General Discussion,1,14,19/4/2022,23:14
Jingg's mom,General Discussion,5,91,21/4/2022,17:17
Best player for each agent?,General Discussion,0,20,24/4/2022,13:33
Tenz vs Jingg,General Discussion,0,15,22/5/2022,13:20
Best roster,General Discussion,1,29,29/5/2022,12:48
actual take on mwzera,General Discussion,0,38,31/5/2022,4:14
tesseract farming,General Discussion,0,58,3/6/2022,18:55
TOP Players from APAC region,General Discussion,6,38,13/6/2022,21:54
Best Raze Player and why,General Discussion,0,16,14/6/2022,5:54
We need a 2° Superteam,General Discussion,0,55,25/6/2022,12:50
who is the better prodigy,General Discussion,0,20,25/6/2022,17:44
Curious case of PRX,General Discussion,6,20,30/6/2022,21:35
BEST VALO PLAYERS NOT A BAIT,General Discussion,0,42,14/7/2022,4:22
PRX will daddy fnatic,General Discussion,3,53,15/7/2022,13:08
PRX covid situation,General Discussion,4,23,17/7/2022,16:47
prx covid update,General Discussion,0,7,17/7/2022,19:34
jinggg,General Discussion,0,3,17/7/2022,23:41
I can’t man,General Discussion,0,9,18/7/2022,12:22
best raze?,General Discussion,0,12,19/7/2022,2:02
Ranking the Remaining Players in M2,General Discussion,0,18,19/7/2022,5:38
Best Raze this masters,General Discussion,5,38,19/7/2022,16:58
vlr is getting boring,General Discussion,0,21,20/7/2022,8:51
jing's mom,General Discussion,24,73,20/7/2022,11:49
Benkai and D4v4i are mega underrated,General Discussion,0,8,23/7/2022,12:26
I take the L,General Discussion,3,18,23/7/2022,4:37
Jinggg sage,General Discussion,0,3,24/7/2022,23:43
Showstopped,General Discussion,0,7,25/7/2022,1:27
team's players ranked,General Discussion,0,16,26/7/2022,23:00
BEST PLAYERS IN THE WORLD,General Discussion,0,7,27/7/2022,6:28
Most loved VALORANT pros?,General Discussion,0,48,28/7/2022,2:58
Paper Rex franchising,Off Topic,1,39,10/8/2022,7:23
Aspas WTF,General Discussion,16,48,13/8/2022,1:33
This team wins everything,General Discussion,0,11,14/8/2022,9:34
Best players in the world atm,General Discussion,5,32,15/8/2022,2:38
Bleed,General Discussion,0,9,15/8/2022,15:33
TOP 10 players at CHAMPS,General Discussion,0,93,18/8/2022,11:40
100t asuna,General Discussion,0,99,18/8/2022,21:41
champions MVP,General Discussion,0,81,18/8/2022,22:37
best player in champs,General Discussion,1,14,19/8/2022,20:12
create BLEED superteam,General Discussion,0,18,20/8/2022,19:36
Best players for each pos,General Discussion,2,26,21/8/2022,7:11
FantasyVCT,Off Topic,5,35,25/8/2022,5:55
Best player in champs,General Discussion,0,82,28/8/2022,10:01
Lev,General Discussion,0,10,3/9/2022,11:37
Liquid vs PRX,General Discussion,2,14,5/9/2022,12:42
jinggg > scream,General Discussion,2,3,7/9/2022,21:41
Liquid should switch their name,General Discussion,0,8,7/9/2022,22:23
PRX CEO COME,General Discussion,0,23,8/9/2022,12:13
The End of Paper Rex,General Discussion,2,29,8/9/2022,12:23
APAC Super Team 2023,General Discussion,0,30,8/9/2022,10:35
Best Players A - Z,General Discussion,0,31,13/9/2022,6:55
how to fnatic wins all majors,General Discussion,0,4,15/9/2022,12:24
Valorant 2022 TOTY (TEAM OF THE YEAR),General Discussion,2,44,19/9/2022,3:48
no roster change teams,General Discussion,0,40,23/9/2022,17:06
Benkai leaks the detail of 2023 prx roster,General Discussion,20,25,3/10/2022,21:11
GE Foxy9 Confirmed,General Discussion,2,39,6/10/2022,21:51
PRX,General Discussion,1,34,9/10/2022,21:39
Who is patiphan,General Discussion,0,39,14/10/2022,3:42
Top 10 players itw rn,General Discussion,0,54,27/10/2022,7:07
Make ur countries best five,General Discussion,0,152,31/10/2022,10:26
Prx Vs Ge,General Discussion,0,22,19/11/2022,2:17
Results 2022 VCT vlr.gg Awards,General Discussion,5,27,27/12/2022,16:34
Blue Lock VLR Team,General Discussion,0,34,29/1/2023,6:58
Plat Chat Top Players For Brazil,General Discussion,0,32,2/2/2023,16:47
best duelists,General Discussion,0,53,6/2/2023,12:29
IS THIS TOP 20 LIST VALID FOR VCT LOCKIN ??,General Discussion,6,82,10/2/2023,12:08
valo movement,General Discussion,0,24,16/2/2023,23:42
Tenz isn't in the top 5 duelists,General Discussion,0,44,25/2/2023,12:44
Players with best raze ult,General Discussion,0,8,14/3/2023,20:43
Best players for every agent,General Discussion,0,91,7/4/2023,12:43
Jinggg,General Discussion,0,3,8/4/2023,18:29
Best duelist 2023 09:21,General Discussion,0,49,25/4/2023,14:30
cutest valorant pro? (no gc),General Discussion,4,139,28/4/2023,13:09
best in game names,General Discussion,0,109,5/5/2023,4:44
Most Cringiest fan base?,General Discussion,0,31,17/5/2023,17:01
Is qw1 top 5 duelist itw?,General Discussion,0,102,22/5/2023,14:40
Top 5 raze in all 3 leagues combined,General Discussion,0,36,22/5/2023,22:22
Ranking: Duelists - PACIFIC,General Discussion,0,10,28/5/2023,12:39
Fnatic vs prx [firepower],General Discussion,3,33,28/5/2023,12:25
boom come,General Discussion,3,20,28/5/2023,19:22
Jingg,General Discussion,4,19,1/6/2023,13:46
Top Three Players At Every Agent,General Discussion,0,54,2/6/2023,22:10
No MY/SG Representation,General Discussion,0,43,4/6/2023,12:41
undisputed best players on every agent,General Discussion,0,11,12/6/2023,12:55
best raze?,General Discussion,0,49,13/6/2023,1:51
Best chinese player,General Discussion,0,18,20/6/2023,16:45
Paper Rex,General Discussion,0,18,20/6/2023,17:12
PRX > EG,General Discussion,22,31,21/6/2023,10:45
PRX JAWGEMO,General Discussion,0,10,21/6/2023,12:34
eg vs prx,General Discussion,0,17,21/6/2023,17:02
about prx,General Discussion,0,5,21/6/2023,18:02
woke up to nrg losing ?,General Discussion,0,16,22/6/2023,12:00
PRX 2024,General Discussion,1,40,22/6/2023,11:39
Best raze,General Discussion,0,36,22/6/2023,14:51
PRX 2024 fix,General Discussion,0,26,22/6/2023,19:29
Jinggg,General Discussion,2,3,22/6/2023,20:19
absurd stats from PRX miracle run,General Discussion,0,12,24/6/2023,15:32
When is Asia gonna win its first major?,General Discussion,0,56,26/6/2023,21:04
SINGAPORE COME,General Discussion,0,24,27/6/2023,9:27
you will be missed Benkai,General Discussion,0,15,29/6/2023,5:25
top 20 pacific players,General Discussion,0,29,3/7/2023,13:50
Best duelists of all time!,General Discussion,0,87,11/7/2023,16:14
Is Trexx top 10 in the world?,General Discussion,0,52,21/7/2023,22:51
Best players on each team at champs (read below),General Discussion,0,18,26/7/2023,4:32
prx overhype,General Discussion,0,47,26/7/2023,23:28
PRX xccurate?,General Discussion,1,8,29/7/2023,18:17
top 10 players of 2023 (champs teams only),General Discussion,0,11,30/7/2023,2:11
Championss 2023 predictions,General Discussion,0,38,1/8/2023,1:37
Predicting PLATCHAT top 10,General Discussion,1,46,2/8/2023,20:01
Franchsing Goatlist,General Discussion,4,93,2/8/2023,22:03
Who will be the mvp of tokyo(vote),General Discussion,1,51,4/8/2023,17:59
Players who no longer in franchise,General Discussion,0,30,5/8/2023,21:35
PRX aspas 2024,General Discussion,0,14,7/8/2023,14:03
2024 imports,General Discussion,0,30,9/8/2023,10:16
No chances for PRX,General Discussion,0,16,9/8/2023,10:25
top 5 players in every role,General Discussion,0,67,11/8/2023,9:06
prx,General Discussion,0,18,11/8/2023,10:30
(QUESTION) Best players from every region?,General Discussion,0,26,12/8/2023,10:31
kangkang you are just unbelievable,General Discussion,0,15,14/8/2023,2:44
no one can really replace jinggg,General Discussion,0,3,19/8/2023,2:14
Top 10 players itw,General Discussion,0,27,20/8/2023,15:09
possible jingg replacements,General Discussion,0,58,22/8/2023,12:33
Forsaken,General Discussion,0,34,22/8/2023,16:14
PRX KangKang,General Discussion,2,39,24/8/2023,2:10
"Optic 1,3,2 or Fnatic 1,1,4",General Discussion,0,53,25/8/2023,7:52
Asians come,General Discussion,3,5,26/8/2023,9:58
PRX iZu as Jingg's replacement?,General Discussion,0,23,26/8/2023,18:33
champions mvp candidate,General Discussion,1,11,27/8/2023,2:55
Jinggg throw,General Discussion,0,3,27/8/2023,4:26
JINGGG,General Discussion,0,3,27/8/2023,4:32
Khan and Jinggg,General Discussion,0,3,27/8/2023,6:27
Post match interviews,General Discussion,7,22,27/8/2023,6:55
EG should have let PRX win,General Discussion,0,12,27/8/2023,7:09
"It’s ok, PRX will win Champions 2026",General Discussion,2,10,27/8/2023,7:56
This grands restored me,General Discussion,0,5,27/8/2023,8:17
Can we all agree,General Discussion,5,8,27/8/2023,18:02
Ranking of Raze players,General Discussion,0,25,28/8/2023,22:00
player that pops up in my head for every agent,General Discussion,2,24,11/9/2023,15:49
bruh madrid will be free for prx,General Discussion,0,44,14/9/2023,13:51
¿Which duelist opens the map best in VCT Leagues?,General Discussion,3,21,19/9/2023,15:13
My hot take,General Discussion,0,7,26/9/2023,12:06
another bad year for apac,General Discussion,0,36,27/9/2023,2:59
Best form of PRX,General Discussion,0,25,14/10/2023,11:19
Karmine Corp 2024,General Discussion,3,37,20/10/2023,20:28
Name a pro,General Discussion,1,84,22/10/2023,23:30
TOP 5 current razes,General Discussion,0,79,27/10/2023,11:24
Most memorable team and player this year?,General Discussion,0,10,6/11/2023,13:31
about PRX,Off Topic,1,18,5/12/2023,13:54
Tenz?,General Discussion,0,11,5/12/2023,17:59
Sentinels,General Discussion,1,10,5/12/2023,18:10
sen beat prx?,General Discussion,0,19,5/12/2023,22:01
whats up with this PRX bs.,General Discussion,0,20,6/12/2023,9:09
Orangepanda come,General Discussion,0,26,7/12/2023,19:00
PRX Jinggg,General Discussion,1,3,10/12/2023,2:45
PRX,General Discussion,3,11,22/12/2023,19:20
Top 5 raze players,General Discussion,0,14,25/12/2023,11:28
2023 Recap ????,General Discussion,0,16,28/12/2023,6:24
vlr.gg is lowkey EU biased?,General Discussion,1,23,28/12/2023,6:58
top 10 frauds in VCT,General Discussion,0,28,5/1/2024,2:10
top 3 players per year,General Discussion,0,19,14/1/2024,6:59
let me cook,General Discussion,0,26,22/1/2024,11:59
DSG x Bleed,General Discussion,14,32,25/1/2024,22:06
Keznit top duelists,General Discussion,3,47,12/2/2024,1:42
JINGGG CAM,General Discussion,2,3,17/2/2024,13:41
PRX era over with ...,General Discussion,0,30,19/2/2024,14:06
monyet and prx,General Discussion,2,15,24/2/2024,18:24
Jingg would have this jingg would have that,General Discussion,0,13,25/2/2024,18:09
Orangepanda clarification about monyet,General Discussion,3,22,25/2/2024,18:30
PRX FANS COME,General Discussion,1,21,28/2/2024,17:59
whos the goat of valorant?,General Discussion,0,57,4/3/2024,7:43
Are PRX underrated now?,General Discussion,0,37,6/3/2024,11:46
APAC duelists,General Discussion,2,70,10/3/2024,15:48
The truth about PRX Monyet situation,General Discussion,3,7,16/3/2024,12:53
Biggest downgrade in Valorant history,General Discussion,0,29,16/3/2024,4:31
whats wrong w prx atm,General Discussion,0,8,16/3/2024,5:39
Zekken Talk.,General Discussion,0,13,17/3/2024,7:56
Monyet believers come,General Discussion,5,31,23/3/2024,23:14
Monyet brainwashing?,General Discussion,28,86,24/3/2024,2:06
PRX vs Monyet,General Discussion,7,46,24/3/2024,13:38
MONYET BELIEVERS LIST,General Discussion,11,122,28/3/2024,23:40
I feel so bad for Monyet,General Discussion,0,25,29/3/2024,19:07
IMAGINE JINGGG CAMBEBACK SOONER,General Discussion,0,3,29/3/2024,19:15
Jinggg is back baby,General Discussion,0,3,29/3/2024,19:30
