Paper Rex vs. Global Esports,Champions Tour 2025: Pacific Stage 1,Group Stage,win,Paper Rex,Global Esports,2,0,Split,1.27,257,18,12,2,+6,67%,164,15%,19/04/2025,15:00
Paper Rex vs. Global Esports,Champions Tour 2025: Pacific Stage 1,Group Stage,win,Paper Rex,Global Esports,2,0,Lotus,1.70,274,42,26,7,+16,73%,174,18%,19/04/2025,15:00
DetonatioN FocusMe vs. Paper Rex,Champions Tour 2025: Pacific Stage 1,Group Stage,win,Paper Rex,DetonatioN FocusMe,2,1,Ascent,1.46,252,23,16,12,+7,79%,185,42%,14/04/2025,17:10
DetonatioN FocusMe vs. Paper Rex,Champions Tour 2025: Pacific Stage 1,Group Stage,win,Paper Rex,DetonatioN FocusMe,2,1,Lotus,0.92,252,66,44,20,+22,81%,167,27%,14/04/2025,17:10
DetonatioN FocusMe vs. Paper Rex,Champions Tour 2025: Pacific Stage 1,Group Stage,win,Paper Rex,DetonatioN FocusMe,2,1,Pearl,1.14,208,12,11,4,+1,75%,133,12%,14/04/2025,17:10
Paper Rex vs. BOOM Esports,Champions Tour 2025: Pacific Stage 1,Group Stage,loss,Paper Rex,BOOM Esports,1,2,Ascent,1.02,157,12,12,8,0,76%,115,22%,06/04/2025,15:00
Paper Rex vs. BOOM Esports,Champions Tour 2025: Pacific Stage 1,Group Stage,loss,Paper Rex,BOOM Esports,1,2,Fracture,1.13,217,50,43,26,+7,80%,152,29%,06/04/2025,15:00
Paper Rex vs. BOOM Esports,Champions Tour 2025: Pacific Stage 1,Group Stage,loss,Paper Rex,BOOM Esports,1,2,Pearl,1.73,342,27,15,10,+12,95%,239,34%,06/04/2025,15:00
Gen.G vs. Paper Rex,Champions Tour 2025: Pacific Stage 1,Group Stage,loss,Paper Rex,Gen.G,1,2,Lotus,0.50,101,8,17,2,-9,48%,67,27%,30/03/2025,15:00
Gen.G vs. Paper Rex,Champions Tour 2025: Pacific Stage 1,Group Stage,loss,Paper Rex,Gen.G,1,2,Fracture,0.58,191,37,46,22,-9,63%,112,25%,30/03/2025,15:00
Gen.G vs. Paper Rex,Champions Tour 2025: Pacific Stage 1,Group Stage,loss,Paper Rex,Gen.G,1,2,Haven,1.67,316,20,13,15,+7,84%,182,25%,30/03/2025,15:00
DRX vs. Paper Rex,Champions Tour 2025: Pacific Stage 1,Group Stage,loss,Paper Rex,DRX,1,2,Haven,1.04,164,13,11,11,+2,86%,113,29%,23/03/2025,15:00
DRX vs. Paper Rex,Champions Tour 2025: Pacific Stage 1,Group Stage,loss,Paper Rex,DRX,1,2,Icebox,1.27,190,42,40,27,+2,75%,129,31%,23/03/2025,15:00
DRX vs. Paper Rex,Champions Tour 2025: Pacific Stage 1,Group Stage,loss,Paper Rex,DRX,1,2,Lotus,1.24,238,19,15,8,+4,65%,156,25%,23/03/2025,15:00
DetonatioN FocusMe vs. Paper Rex,Champions Tour 2025: Pacific Kickoff,Main Event,loss,Paper Rex,DetonatioN FocusMe,0,2,Abyss,0.75,163,14,17,2,-3,70%,110,56%,01/02/2025,19:10
DetonatioN FocusMe vs. Paper Rex,Champions Tour 2025: Pacific Kickoff,Main Event,loss,Paper Rex,DetonatioN FocusMe,0,2,Pearl,0.54,200,24,30,7,-6,62%,131,38%,01/02/2025,19:10
Paper Rex vs. ZETA DIVISION,Champions Tour 2025: Pacific Kickoff,Main Event,win,Paper Rex,ZETA DIVISION,2,0,Lotus,1.22,217,16,9,0,+7,72%,129,17%,26/01/2025,18:00
Paper Rex vs. ZETA DIVISION,Champions Tour 2025: Pacific Kickoff,Main Event,win,Paper Rex,ZETA DIVISION,2,0,Fracture,1.29,215,33,21,4,+12,77%,142,16%,26/01/2025,18:00
Paper Rex vs. T1,Champions Tour 2025: Pacific Kickoff,Main Event,loss,Paper Rex,T1,1,2,Bind,0.88,236,14,17,3,-3,58%,146,9%,20/01/2025,18:15
Paper Rex vs. T1,Champions Tour 2025: Pacific Kickoff,Main Event,loss,Paper Rex,T1,1,2,Fracture,1.01,233,51,47,12,+4,72%,152,16%,20/01/2025,18:15
Paper Rex vs. T1,Champions Tour 2025: Pacific Kickoff,Main Event,loss,Paper Rex,T1,1,2,Split,1.50,269,21,12,3,+9,81%,190,24%,20/01/2025,18:15
Xipto x Global Esports vs. Paper Rex x Spotlight Series,VCT OFF//SEASON Spotlight Series 2024: Pacific,Main Event,win,Paper Rex x Spotlight Series,Xipto x Global Esports,3,0,Pearl,1.39,311,25,16,8,+9,79%,187,38%,22/12/2024,17:00
Xipto x Global Esports vs. Paper Rex x Spotlight Series,VCT OFF//SEASON Spotlight Series 2024: Pacific,Main Event,win,Paper Rex x Spotlight Series,Xipto x Global Esports,3,0,Bind,0.90,267,62,48,17,+14,76%,168,28%,22/12/2024,17:00
Xipto x Global Esports vs. Paper Rex x Spotlight Series,VCT OFF//SEASON Spotlight Series 2024: Pacific,Main Event,win,Paper Rex x Spotlight Series,Xipto x Global Esports,3,0,Ascent,1.53,321,23,13,5,+10,90%,205,23%,22/12/2024,17:00
Paper Rex x Spotlight Series vs. ZETA DIVISION GC,VCT OFF//SEASON Spotlight Series 2024: Pacific,Main Event,win,Paper Rex x Spotlight Series,ZETA DIVISION GC,2,0,Sunset,1.44,334,21,13,8,+8,89%,246,38%,21/12/2024,17:00
Paper Rex x Spotlight Series vs. ZETA DIVISION GC,VCT OFF//SEASON Spotlight Series 2024: Pacific,Main Event,win,Paper Rex x Spotlight Series,ZETA DIVISION GC,2,0,Bind,1.31,252,30,22,11,+8,79%,187,34%,21/12/2024,17:00
Paper Rex x Spotlight Series vs. DRX Changers,VCT OFF//SEASON Spotlight Series 2024: Pacific,Main Event,win,Paper Rex x Spotlight Series,DRX Changers,2,0,Sunset,1.44,251,21,12,6,+9,86%,177,46%,20/12/2024,17:00
Paper Rex x Spotlight Series vs. DRX Changers,VCT OFF//SEASON Spotlight Series 2024: Pacific,Main Event,win,Paper Rex x Spotlight Series,DRX Changers,2,0,Ascent,1.51,257,42,26,10,+16,83%,181,39%,20/12/2024,17:00
Paper Rex x Spotlight Series vs. Xipto x Global Esports,VCT OFF//SEASON Spotlight Series 2024: Pacific,Main Event,loss,Paper Rex x Spotlight Series,Xipto x Global Esports,0,2,Split,1.17,245,20,18,5,+2,54%,172,29%,19/12/2024,17:00
Paper Rex x Spotlight Series vs. Xipto x Global Esports,VCT OFF//SEASON Spotlight Series 2024: Pacific,Main Event,loss,Paper Rex x Spotlight Series,Xipto x Global Esports,0,2,Ascent,1.51,196,28,33,6,-5,51%,142,29%,19/12/2024,17:00
EDward Gaming vs. Paper Rex,Valorant Champions 2024,Group Stage,loss,Paper Rex,EDward Gaming,1,2,Icebox,0.74,131,7,11,10,-4,75%,85,10%,11/08/2024,17:15
EDward Gaming vs. Paper Rex,Valorant Champions 2024,Group Stage,loss,Paper Rex,EDward Gaming,1,2,Sunset,0.52,194,32,42,19,-10,69%,130,13%,11/08/2024,17:15
EDward Gaming vs. Paper Rex,Valorant Champions 2024,Group Stage,loss,Paper Rex,EDward Gaming,1,2,Lotus,0.72,179,12,17,3,-5,57%,114,12%,11/08/2024,17:15
FUT Esports vs. Paper Rex,Valorant Champions 2024,Group Stage,win,Paper Rex,FUT Esports,2,0,Sunset,1.02,213,16,17,10,-1,58%,147,19%,09/08/2024,17:25
FUT Esports vs. Paper Rex,Valorant Champions 2024,Group Stage,win,Paper Rex,FUT Esports,2,0,Bind,1.22,261,37,30,13,+7,70%,158,23%,09/08/2024,17:25
G2 Esports vs. Paper Rex,Valorant Champions 2024,Group Stage,loss,Paper Rex,G2 Esports,0,2,Icebox,1.18,216,16,14,9,+2,76%,142,29%,04/08/2024,15:00
G2 Esports vs. Paper Rex,Valorant Champions 2024,Group Stage,loss,Paper Rex,G2 Esports,0,2,Lotus,0.50,183,25,35,17,-10,67%,125,19%,04/08/2024,15:00
DRX vs. Paper Rex,Champions Tour 2024: Pacific Stage 2,Playoffs,loss,Paper Rex,DRX,2,3,Abyss,1.31,207,17,10,1,+7,75%,146,42%,20/07/2024,15:00
DRX vs. Paper Rex,Champions Tour 2024: Pacific Stage 2,Playoffs,loss,Paper Rex,DRX,2,3,Lotus,0.76,192,72,78,19,-6,64%,130,22%,20/07/2024,15:00
DRX vs. Paper Rex,Champions Tour 2024: Pacific Stage 2,Playoffs,loss,Paper Rex,DRX,2,3,Bind,1.45,330,28,14,3,+14,78%,209,20%,20/07/2024,15:00
DRX vs. Paper Rex,Champions Tour 2024: Pacific Stage 2,Playoffs,loss,Paper Rex,DRX,2,3,Icebox,0.37,98,7,18,3,-11,57%,70,14%,20/07/2024,15:00
DRX vs. Paper Rex,Champions Tour 2024: Pacific Stage 2,Playoffs,loss,Paper Rex,DRX,2,3,Ascent,0.64,153,13,18,3,-5,61%,102,40%,20/07/2024,15:00
Paper Rex vs. TALON,Champions Tour 2024: Pacific Stage 2,Playoffs,win,Paper Rex,TALON,2,0,Ascent,1.17,224,13,9,5,+4,75%,157,14%,14/07/2024,18:15
Paper Rex vs. TALON,Champions Tour 2024: Pacific Stage 2,Playoffs,win,Paper Rex,TALON,2,0,Sunset,1.47,257,31,19,9,+12,78%,168,15%,14/07/2024,18:15
Paper Rex vs. Gen.G,Champions Tour 2024: Pacific Stage 2,Playoffs,loss,Paper Rex,Gen.G,0,2,Ascent,0.93,229,17,19,1,-2,57%,145,24%,13/07/2024,15:00
Paper Rex vs. Gen.G,Champions Tour 2024: Pacific Stage 2,Playoffs,loss,Paper Rex,Gen.G,0,2,Icebox,1.31,207,28,34,4,-6,56%,128,25%,13/07/2024,15:00
Paper Rex vs. ZETA DIVISION,Champions Tour 2024: Pacific Stage 2,Regular Season,win,Paper Rex,ZETA DIVISION,2,1,Ascent,0.85,218,16,20,11,-4,73%,142,17%,07/07/2024,18:00
Paper Rex vs. ZETA DIVISION,Champions Tour 2024: Pacific Stage 2,Regular Season,win,Paper Rex,ZETA DIVISION,2,1,Lotus,1.57,252,50,42,22,+8,80%,156,20%,07/07/2024,18:00
Paper Rex vs. ZETA DIVISION,Champions Tour 2024: Pacific Stage 2,Regular Season,win,Paper Rex,ZETA DIVISION,2,1,Sunset,1.28,270,18,12,7,+6,86%,160,25%,07/07/2024,18:00
Paper Rex vs. Rex Regum Qeon,Champions Tour 2024: Pacific Stage 2,Regular Season,win,Paper Rex,Rex Regum Qeon,2,1,Lotus,1.01,275,18,18,11,0,85%,167,11%,05/07/2024,15:00
Paper Rex vs. Rex Regum Qeon,Champions Tour 2024: Pacific Stage 2,Regular Season,win,Paper Rex,Rex Regum Qeon,2,1,Ascent,0.82,250,52,57,30,-5,81%,163,17%,05/07/2024,15:00
Paper Rex vs. Rex Regum Qeon,Champions Tour 2024: Pacific Stage 2,Regular Season,win,Paper Rex,Rex Regum Qeon,2,1,Sunset,1.00,284,19,22,12,-3,75%,191,21%,05/07/2024,15:00
Paper Rex vs. DetonatioN FocusMe,Champions Tour 2024: Pacific Stage 2,Regular Season,win,Paper Rex,DetonatioN FocusMe,2,0,Icebox,1.01,182,12,9,3,+3,82%,110,44%,01/07/2024,15:00
Paper Rex vs. DetonatioN FocusMe,Champions Tour 2024: Pacific Stage 2,Regular Season,win,Paper Rex,DetonatioN FocusMe,2,0,Sunset,0.99,235,33,21,6,+12,74%,152,30%,01/07/2024,15:00
Paper Rex vs. DRX,Champions Tour 2024: Pacific Stage 2,Regular Season,win,Paper Rex,DRX,2,1,Split,1.13,254,16,12,3,+4,88%,158,15%,22/06/2024,18:50
Paper Rex vs. DRX,Champions Tour 2024: Pacific Stage 2,Regular Season,win,Paper Rex,DRX,2,1,Haven,1.24,222,46,38,18,+8,80%,140,28%,22/06/2024,18:50
Paper Rex vs. DRX,Champions Tour 2024: Pacific Stage 2,Regular Season,win,Paper Rex,DRX,2,1,Icebox,0.82,219,17,16,3,+1,71%,140,36%,22/06/2024,18:50
Paper Rex vs. TALON,Champions Tour 2024: Pacific Stage 2,Regular Season,win,Paper Rex,TALON,2,0,Icebox,1.44,179,12,5,9,+7,82%,110,15%,16/06/2024,18:30
Paper Rex vs. TALON,Champions Tour 2024: Pacific Stage 2,Regular Season,win,Paper Rex,TALON,2,0,Sunset,1.15,203,27,19,17,+8,78%,138,17%,16/06/2024,18:30
Paper Rex vs. Gen.G,Champions Tour 2024: Pacific Stage 1,Playoffs,win,Paper Rex,Gen.G,3,2,Lotus,1.01,221,16,16,1,0,55%,148,19%,12/05/2024,15:00
Paper Rex vs. Gen.G,Champions Tour 2024: Pacific Stage 1,Playoffs,win,Paper Rex,Gen.G,3,2,Sunset,1.19,239,91,77,23,+14,68%,158,20%,12/05/2024,15:00
Paper Rex vs. Gen.G,Champions Tour 2024: Pacific Stage 1,Playoffs,win,Paper Rex,Gen.G,3,2,Icebox,1.48,329,24,14,5,+10,77%,207,22%,12/05/2024,15:00
Paper Rex vs. Gen.G,Champions Tour 2024: Pacific Stage 1,Playoffs,win,Paper Rex,Gen.G,3,2,Bind,1.00,199,17,17,8,0,71%,132,28%,12/05/2024,15:00
Paper Rex vs. Gen.G,Champions Tour 2024: Pacific Stage 1,Playoffs,win,Paper Rex,Gen.G,3,2,Split,1.49,293,23,15,4,+8,68%,199,21%,12/05/2024,15:00
T1 vs. Paper Rex,Champions Tour 2024: Pacific Stage 1,Playoffs,win,Paper Rex,T1,2,0,Lotus,1.65,333,20,9,2,+11,88%,198,21%,05/05/2024,15:00
T1 vs. Paper Rex,Champions Tour 2024: Pacific Stage 1,Playoffs,win,Paper Rex,T1,2,0,Sunset,2.01,283,35,20,4,+15,88%,172,18%,05/05/2024,15:00
DRX vs. Paper Rex,Champions Tour 2024: Pacific Stage 1,Playoffs,win,Paper Rex,DRX,2,1,Lotus,0.92,197,13,15,4,-2,89%,133,19%,04/05/2024,18:10
DRX vs. Paper Rex,Champions Tour 2024: Pacific Stage 1,Playoffs,win,Paper Rex,DRX,2,1,Ascent,0.92,232,49,43,17,+6,82%,155,23%,04/05/2024,18:10
DRX vs. Paper Rex,Champions Tour 2024: Pacific Stage 1,Playoffs,win,Paper Rex,DRX,2,1,Bind,1.06,225,17,16,10,+1,74%,145,26%,04/05/2024,18:10
Paper Rex vs. TALON,Champions Tour 2024: Pacific Stage 1,Playoffs,win,Paper Rex,TALON,2,1,Sunset,1.58,286,54,32,10,+22,82%,187,24%,03/05/2024,17:10
Paper Rex vs. TALON,Champions Tour 2024: Pacific Stage 1,Playoffs,win,Paper Rex,TALON,2,1,Bind,1.07,263,18,16,6,+2,77%,189,17%,03/05/2024,17:10
BLEED vs. Paper Rex,Champions Tour 2024: Pacific Stage 1,Regular Season,win,Paper Rex,BLEED,2,0,Ascent,0.78,169,11,14,7,-3,89%,126,23%,27/04/2024,15:00
BLEED vs. Paper Rex,Champions Tour 2024: Pacific Stage 1,Regular Season,win,Paper Rex,BLEED,2,0,Bind,1.26,180,24,29,12,-5,81%,125,19%,27/04/2024,15:00
Global Esports vs. Paper Rex,Champions Tour 2024: Pacific Stage 1,Regular Season,win,Paper Rex,Global Esports,2,0,Sunset,1.19,265,16,11,1,+5,65%,196,33%,23/04/2024,17:50
Global Esports vs. Paper Rex,Champions Tour 2024: Pacific Stage 1,Regular Season,win,Paper Rex,Global Esports,2,0,Icebox,1.13,277,36,24,16,+12,76%,193,31%,23/04/2024,17:50
Team Secret vs. Paper Rex,Champions Tour 2024: Pacific Stage 1,Regular Season,loss,Paper Rex,Team Secret,0,2,Icebox,0.65,179,13,20,6,-7,68%,117,27%,21/04/2024,18:00
Team Secret vs. Paper Rex,Champions Tour 2024: Pacific Stage 1,Regular Season,loss,Paper Rex,Team Secret,0,2,Sunset,0.52,164,22,40,13,-18,67%,112,17%,21/04/2024,18:00
Gen.G vs. Paper Rex,Champions Tour 2024: Pacific Stage 1,Regular Season,win,Paper Rex,Gen.G,2,1,Lotus,0.81,225,18,21,4,-3,67%,147,18%,13/04/2024,15:00
Gen.G vs. Paper Rex,Champions Tour 2024: Pacific Stage 1,Regular Season,win,Paper Rex,Gen.G,2,1,Icebox,0.78,205,51,48,13,+3,73%,139,23%,13/04/2024,15:00
Gen.G vs. Paper Rex,Champions Tour 2024: Pacific Stage 1,Regular Season,win,Paper Rex,Gen.G,2,1,Bind,1.06,185,18,16,7,+2,79%,132,32%,13/04/2024,15:00
T1 vs. Paper Rex,Champions Tour 2024: Pacific Stage 1,Regular Season,win,Paper Rex,T1,2,0,Lotus,1.16,215,19,14,3,+5,74%,144,23%,07/04/2024,18:15
T1 vs. Paper Rex,Champions Tour 2024: Pacific Stage 1,Regular Season,win,Paper Rex,T1,2,0,Bind,0.94,227,40,32,11,+8,86%,150,15%,07/04/2024,18:15
Sentinels vs. Paper Rex,AfreecaTV Valorant League,Playoffs,loss,Paper Rex,Sentinels,0,3,Split,0.61,170,11,17,4,-6,75%,119,19%,10/12/2023,16:25
Sentinels vs. Paper Rex,AfreecaTV Valorant League,Playoffs,loss,Paper Rex,Sentinels,0,3,Sunset,0.72,193,27,35,9,-8,70%,135,19%,10/12/2023,16:25
Sentinels vs. Paper Rex,AfreecaTV Valorant League,Playoffs,loss,Paper Rex,Sentinels,0,3,Breeze,0.88,215,16,18,5,-2,65%,149,20%,10/12/2023,16:25
T1 vs. Paper Rex,AfreecaTV Valorant League,Playoffs,win,Paper Rex,T1,2,0,Sunset,1.55,267,21,11,2,+10,80%,174,31%,09/12/2023,19:00
T1 vs. Paper Rex,AfreecaTV Valorant League,Playoffs,win,Paper Rex,T1,2,0,Lotus,1.05,267,21,11,2,+10,80%,174,31%,09/12/2023,19:00
Paper Rex vs. FULL SENSE,AfreecaTV Valorant League,Group Stage,win,Paper Rex,FULL SENSE,2,0,Haven,1.16,234,27,24,11,+3,68%,151,29%,07/12/2023,15:00
Paper Rex vs. FULL SENSE,AfreecaTV Valorant League,Group Stage,win,Paper Rex,FULL SENSE,2,0,Sunset,1.14,234,45,35,15,+10,72%,153,26%,07/12/2023,15:00
Sentinels vs. Paper Rex,AfreecaTV Valorant League,Group Stage,loss,Paper Rex,Sentinels,1,2,Sunset,1.44,257,46,31,6,+15,73%,153,26%,05/12/2023,15:00
Sentinels vs. Paper Rex,AfreecaTV Valorant League,Group Stage,loss,Paper Rex,Sentinels,1,2,Haven,1.38,295,22,12,3,+10,90%,181,24%,05/12/2023,15:00
Paper Rex vs. Evil Geniuses,Valorant Champions 2023,Playoffs,loss,Paper Rex,Evil Geniuses,1,3,Split,0.74,208,13,20,6,-7,57%,138,22%,27/08/2023,2:30
Paper Rex vs. Evil Geniuses,Valorant Champions 2023,Playoffs,loss,Paper Rex,Evil Geniuses,1,3,Ascent,0.89,234,63,77,20,-14,65%,158,20%,27/08/2023,2:30
Paper Rex vs. Evil Geniuses,Valorant Champions 2023,Playoffs,loss,Paper Rex,Evil Geniuses,1,3,Bind,0.94,272,20,22,3,-2,75%,180,21%,27/08/2023,2:30
Paper Rex vs. Evil Geniuses,Valorant Champions 2023,Playoffs,loss,Paper Rex,Evil Geniuses,1,3,Lotus,0.73,188,11,17,6,-6,56%,118,18%,27/08/2023,2:30
Paper Rex vs. Evil Geniuses,Valorant Champions 2023,Playoffs,win,Paper Rex,Evil Geniuses,2,1,Ascent,1.12,259,20,18,6,+2,83%,166,18%,25/08/2023,2:00
Paper Rex vs. Evil Geniuses,Valorant Champions 2023,Playoffs,win,Paper Rex,Evil Geniuses,2,1,Bind,1.13,253,63,56,20,+7,79%,162,18%,25/08/2023,2:00
Paper Rex vs. Evil Geniuses,Valorant Champions 2023,Playoffs,win,Paper Rex,Evil Geniuses,2,1,Pearl,1.30,291,22,16,4,+6,77%,179,16%,25/08/2023,2:00
LOUD vs. Paper Rex,Valorant Champions 2023,Playoffs,win,Paper Rex,LOUD,2,1,Lotus,0.89,226,20,23,8,-3,71%,169,24%,20/08/2023,2:00
LOUD vs. Paper Rex,Valorant Champions 2023,Playoffs,win,Paper Rex,LOUD,2,1,Split,0.81,224,51,54,20,-3,70%,160,26%,20/08/2023,2:00
LOUD vs. Paper Rex,Valorant Champions 2023,Playoffs,win,Paper Rex,LOUD,2,1,Pearl,0.52,159,8,13,2,-5,60%,100,23%,20/08/2023,2:00
Paper Rex vs. FUT Esports,Valorant Champions 2023,Playoffs,win,Paper Rex,FUT Esports,2,0,Ascent,1.02,228,21,15,2,+6,70%,140,18%,17/08/2023,4:25
Paper Rex vs. FUT Esports,Valorant Champions 2023,Playoffs,win,Paper Rex,FUT Esports,2,0,Pearl,0.49,186,30,27,7,+3,65%,119,21%,17/08/2023,4:25
Paper Rex vs. EDward Gaming,Valorant Champions 2023,Group Stage,win,Paper Rex,EDward Gaming,2,0,Fracture,1.10,263,19,16,4,+3,80%,164,23%,11/08/2023,6:45
Paper Rex vs. EDward Gaming,Valorant Champions 2023,Group Stage,win,Paper Rex,EDward Gaming,2,0,Pearl,0.80,266,43,38,15,+5,74%,181,23%,11/08/2023,6:45
Paper Rex vs. KRÜ Esports,Valorant Champions 2023,Group Stage,win,Paper Rex,KRÜ Esports,2,0,Split,1.09,270,19,15,4,+4,80%,166,23%,10/08/2023,2:00
Paper Rex vs. KRÜ Esports,Valorant Champions 2023,Group Stage,win,Paper Rex,KRÜ Esports,2,0,Pearl,1.09,238,35,27,10,+8,80%,147,24%,10/08/2023,2:00
Evil Geniuses vs. Paper Rex,Champions Tour 2023: Masters Tokyo,Playoffs,loss,Paper Rex,Evil Geniuses,2,3,Fracture,0.78,217,14,17,5,-3,70%,142,17%,24/06/2023,10:00
Evil Geniuses vs. Paper Rex,Champions Tour 2023: Masters Tokyo,Playoffs,loss,Paper Rex,Evil Geniuses,2,3,Lotus,1.10,227,81,86,36,-5,67%,154,18%,24/06/2023,10:00
Evil Geniuses vs. Paper Rex,Champions Tour 2023: Masters Tokyo,Playoffs,loss,Paper Rex,Evil Geniuses,2,3,Split,1.41,319,28,19,4,+9,69%,225,21%,24/06/2023,10:00
Evil Geniuses vs. Paper Rex,Champions Tour 2023: Masters Tokyo,Playoffs,loss,Paper Rex,Evil Geniuses,2,3,Pearl,0.88,203,16,19,4,-3,61%,125,18%,24/06/2023,10:00
Evil Geniuses vs. Paper Rex,Champions Tour 2023: Masters Tokyo,Playoffs,loss,Paper Rex,Evil Geniuses,2,3,Ascent,0.94,213,11,14,12,-3,74%,140,14%,24/06/2023,10:00
NRG Esports vs. Paper Rex,Champions Tour 2023: Masters Tokyo,Playoffs,win,Paper Rex,NRG Esports,2,1,Pearl,1.02,232,22,20,4,+2,75%,149,22%,21/06/2023,13:25
NRG Esports vs. Paper Rex,Champions Tour 2023: Masters Tokyo,Playoffs,win,Paper Rex,NRG Esports,2,1,Lotus,1.07,225,51,52,11,-1,72%,151,22%,21/06/2023,13:25
NRG Esports vs. Paper Rex,Champions Tour 2023: Masters Tokyo,Playoffs,win,Paper Rex,NRG Esports,2,1,Bind,1.09,237,13,13,4,0,74%,158,22%,21/06/2023,13:25
Paper Rex vs. EDward Gaming,Champions Tour 2023: Masters Tokyo,Playoffs,win,Paper Rex,EDward Gaming,2,1,Fracture,1.17,284,26,21,7,+5,69%,183,13%,20/06/2023,13:45
Paper Rex vs. EDward Gaming,Champions Tour 2023: Masters Tokyo,Playoffs,win,Paper Rex,EDward Gaming,2,1,Split,0.73,273,65,60,18,+5,74%,175,14%,20/06/2023,13:45
Paper Rex vs. EDward Gaming,Champions Tour 2023: Masters Tokyo,Playoffs,win,Paper Rex,EDward Gaming,2,1,Lotus,0.59,189,14,21,5,-7,64%,126,13%,20/06/2023,13:45
Paper Rex vs. FNATIC,Champions Tour 2023: Masters Tokyo,Playoffs,loss,Paper Rex,FNATIC,0,2,Lotus,1.41,337,22,15,2,+7,72%,223,20%,19/06/2023,12:15
Paper Rex vs. FNATIC,Champions Tour 2023: Masters Tokyo,Playoffs,loss,Paper Rex,FNATIC,0,2,Bind,0.67,264,35,30,5,+5,63%,171,20%,19/06/2023,12:15
Paper Rex vs. DRX,Champions Tour 2023: Masters Tokyo,Playoffs,win,Paper Rex,DRX,2,0,Split,1.35,318,26,17,3,+9,83%,189,17%,17/06/2023,12:30
Paper Rex vs. DRX,Champions Tour 2023: Masters Tokyo,Playoffs,win,Paper Rex,DRX,2,0,Bind,1.41,323,53,34,8,+19,83%,203,19%,17/06/2023,12:30
Paper Rex vs. DRX,Champions Tour 2023: Pacific League,Playoffs,win,Paper Rex,DRX,3,2,Fracture,0.81,178,12,14,1,-2,63%,108,21%,28/05/2023,14:00
Paper Rex vs. DRX,Champions Tour 2023: Pacific League,Playoffs,win,Paper Rex,DRX,3,2,Ascent,0.82,243,92,73,20,+19,70%,162,19%,28/05/2023,14:00
Paper Rex vs. DRX,Champions Tour 2023: Pacific League,Playoffs,win,Paper Rex,DRX,3,2,Pearl,1.22,242,29,20,1,+9,60%,155,20%,28/05/2023,14:00
Paper Rex vs. DRX,Champions Tour 2023: Pacific League,Playoffs,win,Paper Rex,DRX,3,2,Bind,1.10,224,15,15,9,0,67%,161,12%,28/05/2023,14:00
Paper Rex vs. DRX,Champions Tour 2023: Pacific League,Playoffs,win,Paper Rex,DRX,3,2,Lotus,1.09,247,16,14,6,+2,89%,174,17%,28/05/2023,14:00
DRX vs. Paper Rex,Champions Tour 2023: Pacific League,Playoffs,win,Paper Rex,DRX,2,0,Fracture,1.47,289,17,9,8,+8,94%,185,11%,22/05/2023,15:00
DRX vs. Paper Rex,Champions Tour 2023: Pacific League,Playoffs,win,Paper Rex,DRX,2,0,Bind,0.71,242,30,22,13,+8,84%,154,12%,22/05/2023,15:00
Paper Rex vs. T1,Champions Tour 2023: Pacific League,Playoffs,win,Paper Rex,T1,2,0,Lotus,1.05,194,17,12,3,+5,78%,139,21%,20/05/2023,18:15
Paper Rex vs. T1,Champions Tour 2023: Pacific League,Playoffs,win,Paper Rex,T1,2,0,Fracture,0.94,209,36,27,7,+9,76%,142,19%,20/05/2023,18:15
Rex Regum Qeon vs. Paper Rex,Champions Tour 2023: Pacific League,League Play,win,Paper Rex,Rex Regum Qeon,2,0,Bind,0.70,177,13,16,5,-3,73%,128,16%,16/05/2023,17:30
Rex Regum Qeon vs. Paper Rex,Champions Tour 2023: Pacific League,League Play,win,Paper Rex,Rex Regum Qeon,2,0,Pearl,0.81,208,31,33,21,-2,78%,144,15%,16/05/2023,17:30
Paper Rex vs. Gen.G,Champions Tour 2023: Pacific League,League Play,win,Paper Rex,Gen.G,2,0,Split,1.46,278,21,11,2,+10,80%,166,18%,12/05/2023,15:00
Paper Rex vs. Gen.G,Champions Tour 2023: Pacific League,League Play,win,Paper Rex,Gen.G,2,0,Ascent,1.59,253,34,18,6,+16,80%,156,20%,12/05/2023,15:00
ZETA DIVISION vs. Paper Rex,Champions Tour 2023: Pacific League,League Play,win,Paper Rex,ZETA DIVISION,2,0,Split,0.90,209,13,14,5,-1,74%,149,20%,06/05/2023,17:30
ZETA DIVISION vs. Paper Rex,Champions Tour 2023: Pacific League,League Play,win,Paper Rex,ZETA DIVISION,2,0,Ascent,0.85,179,23,28,17,-5,81%,126,19%,06/05/2023,17:30
TALON vs. Paper Rex,Champions Tour 2023: Pacific League,League Play,win,Paper Rex,TALON,2,1,Pearl,1.15,189,17,15,6,+2,75%,120,10%,01/05/2023,17:00
TALON vs. Paper Rex,Champions Tour 2023: Pacific League,League Play,win,Paper Rex,TALON,2,1,Split,1.21,219,48,43,15,+5,70%,143,13%,01/05/2023,17:00
TALON vs. Paper Rex,Champions Tour 2023: Pacific League,League Play,win,Paper Rex,TALON,2,1,Fracture,0.94,241,13,12,5,+1,76%,156,12%,01/05/2023,17:00
Paper Rex vs. Global Esports,Champions Tour 2023: Pacific League,League Play,win,Paper Rex,Global Esports,2,1,Icebox,0.94,186,11,14,12,-3,75%,114,24%,22/04/2023,15:00
Paper Rex vs. Global Esports,Champions Tour 2023: Pacific League,League Play,win,Paper Rex,Global Esports,2,1,Split,1.21,239,48,40,22,+8,76%,155,19%,22/04/2023,15:00
Paper Rex vs. Global Esports,Champions Tour 2023: Pacific League,League Play,win,Paper Rex,Global Esports,2,1,Pearl,1.12,281,19,14,4,+5,79%,189,17%,22/04/2023,15:00
Paper Rex vs. DRX,Champions Tour 2023: Pacific League,League Play,loss,Paper Rex,DRX,0,2,Split,1.22,229,16,18,5,-2,78%,158,22%,15/04/2023,16:00
T1 vs. Paper Rex,Champions Tour 2023: Pacific League,League Play,win,Paper Rex,T1,2,0,Pearl,0.52,127,5,12,9,-7,63%,96,5%,08/04/2023,18:10
T1 vs. Paper Rex,Champions Tour 2023: Pacific League,League Play,win,Paper Rex,T1,2,0,Fracture,0.70,140,16,25,15,-9,69%,102,9%,08/04/2023,18:10
Team Secret vs. Paper Rex,Champions Tour 2023: Pacific League,League Play,loss,Paper Rex,Team Secret,1,2,Haven,1.16,248,20,20,6,0,71%,160,16%,02/04/2023,16:00
Team Secret vs. Paper Rex,Champions Tour 2023: Pacific League,League Play,loss,Paper Rex,Team Secret,1,2,Fracture,1.42,266,61,54,18,+7,69%,169,16%,02/04/2023,16:00
Team Secret vs. Paper Rex,Champions Tour 2023: Pacific League,League Play,loss,Paper Rex,Team Secret,1,2,Split,1.07,238,18,20,9,-2,71%,151,16%,02/04/2023,16:00
Paper Rex vs. DetonatioN FocusMe,Champions Tour 2023: Pacific League,League Play,win,Paper Rex,DetonatioN FocusMe,2,0,Pearl,1.40,294,19,11,7,+8,61%,188,24%,26/03/2023,16:00
Paper Rex vs. DetonatioN FocusMe,Champions Tour 2023: Pacific League,League Play,win,Paper Rex,DetonatioN FocusMe,2,0,Lotus,1.09,256,36,30,12,+6,71%,156,18%,26/03/2023,16:00
Cloud9 vs. Paper Rex,Champions Tour 2023: LOCK//IN São Paulo,Bracket Stage,loss,Paper Rex,Cloud9,0,2,Lotus,1.17,227,16,15,3,+1,67%,160,14%,15/02/2023,7:05
Cloud9 vs. Paper Rex,Champions Tour 2023: LOCK//IN São Paulo,Bracket Stage,loss,Paper Rex,Cloud9,0,2,Pearl,1.39,204,27,29,8,-2,68%,157,20%,15/02/2023,7:05
DetonatioN FocusMe vs. Paper Rex,Riot Games ONE Pro Invitational 2022,Main Event,win,Paper Rex,DetonatioN FocusMe,1,0,Ascent,0.90,248,17,17,5,0,62%,166,15%,24/12/2022,12:35
ZETA DIVISION vs. Paper Rex,Riot Games ONE Pro Invitational 2022,Main Event,loss,Paper Rex,ZETA DIVISION,0,1,Breeze,0.42,122,7,15,2,-8,44%,71,24%,24/12/2022,11:20
Team Heretics vs. Paper Rex,Valorant India Invitational by Galaxy Racer,Playoffs,win,Paper Rex,Team Heretics,3,1,Bind,0.64,197,16,22,1,-6,50%,137,20%,20/11/2022,13:30
Team Heretics vs. Paper Rex,Valorant India Invitational by Galaxy Racer,Playoffs,win,Paper Rex,Team Heretics,3,1,Fracture,0.41,207,61,70,15,-9,64%,137,21%,20/11/2022,13:30
Team Heretics vs. Paper Rex,Valorant India Invitational by Galaxy Racer,Playoffs,win,Paper Rex,Team Heretics,3,1,Breeze,0.79,200,13,16,4,-3,74%,125,20%,20/11/2022,13:30
Team Heretics vs. Paper Rex,Valorant India Invitational by Galaxy Racer,Playoffs,win,Paper Rex,Team Heretics,3,1,Ascent,0.82,170,14,16,3,-2,61%,119,22%,20/11/2022,13:30
Paper Rex vs. Team Secret,Valorant India Invitational by Galaxy Racer,Playoffs,win,Paper Rex,Team Secret,2,1,Pearl,1.02,222,18,14,3,+4,73%,146,14%,19/11/2022,22:15
Paper Rex vs. Team Secret,Valorant India Invitational by Galaxy Racer,Playoffs,win,Paper Rex,Team Secret,2,1,Icebox,1.00,234,51,42,11,+9,68%,155,17%,19/11/2022,22:15
Paper Rex vs. Team Secret,Valorant India Invitational by Galaxy Racer,Playoffs,win,Paper Rex,Team Secret,2,1,Ascent,0.94,212,15,18,3,-3,52%,139,16%,19/11/2022,22:15
BOOM Esports vs. Paper Rex,Valorant India Invitational by Galaxy Racer,Group Stage,win,Paper Rex,BOOM Esports,1,0,Fracture,1.75,318,15,5,10,+10,100%,204,27%,19/11/2022,12:30
Paper Rex vs. BLEED,Valorant India Invitational by Galaxy Racer,Group Stage,loss,Paper Rex,BLEED,0,1,Bind,1.08,279,16,17,5,-1,74%,186,17%,19/11/2022,2:30
Paper Rex vs. Global Esports,Valorant India Invitational by Galaxy Racer,Group Stage,win,Paper Rex,Global Esports,1,0,Haven,1.15,256,17,14,9,+3,85%,194,25%,19/11/2022,1:00
Paper Rex vs. Team Liquid,Valorant Champions 2022,Group Stage,loss,Paper Rex,Team Liquid,1,2,Haven,1.30,296,30,21,2,+9,64%,194,29%,07/09/2022,21:00
Paper Rex vs. Team Liquid,Valorant Champions 2022,Group Stage,loss,Paper Rex,Team Liquid,1,2,Pearl,0.69,234,55,51,8,+4,64%,159,22%,07/09/2022,21:00
Paper Rex vs. Team Liquid,Valorant Champions 2022,Group Stage,loss,Paper Rex,Team Liquid,1,2,Ascent,0.91,245,13,14,4,-1,82%,176,21%,07/09/2022,21:00
Paper Rex vs. LEVIATÁN,Valorant Champions 2022,Group Stage,loss,Paper Rex,LEVIATÁN,0,2,Haven,0.42,168,9,21,5,-12,52%,116,7%,02/09/2022,1:35
Paper Rex vs. LEVIATÁN,Valorant Champions 2022,Group Stage,loss,Paper Rex,LEVIATÁN,0,2,Bind,0.54,212,29,43,10,-14,62%,138,10%,02/09/2022,1:35
Paper Rex vs. EDward Gaming,Valorant Champions 2022,Group Stage,win,Paper Rex,EDward Gaming,2,1,Pearl,0.85,219,17,21,6,-4,88%,149,17%,31/08/2022,21:00
Paper Rex vs. EDward Gaming,Valorant Champions 2022,Group Stage,win,Paper Rex,EDward Gaming,2,1,Icebox,1.17,251,54,52,18,+2,76%,160,27%,31/08/2022,21:00
Paper Rex vs. EDward Gaming,Valorant Champions 2022,Group Stage,win,Paper Rex,EDward Gaming,2,1,Haven,1.00,196,12,14,7,-2,72%,125,32%,31/08/2022,21:00
Paper Rex vs. FunPlus Phoenix,Valorant Champions Tour Stage 2: Masters Copenhagen,Playoffs,loss,Paper Rex,FunPlus Phoenix,2,3,Bind,1.14,287,14,14,4,0,75%,182,31%,24/07/2022,22:00
Paper Rex vs. FunPlus Phoenix,Valorant Champions Tour Stage 2: Masters Copenhagen,Playoffs,loss,Paper Rex,FunPlus Phoenix,2,3,Icebox,1.00,283,95,84,20,+11,71%,176,24%,24/07/2022,22:00
Paper Rex vs. FunPlus Phoenix,Valorant Champions Tour Stage 2: Masters Copenhagen,Playoffs,loss,Paper Rex,FunPlus Phoenix,2,3,Fracture,1.01,290,20,18,6,+2,70%,188,25%,24/07/2022,22:00
Paper Rex vs. FunPlus Phoenix,Valorant Champions Tour Stage 2: Masters Copenhagen,Playoffs,loss,Paper Rex,FunPlus Phoenix,2,3,Haven,0.92,219,16,17,4,-1,65%,137,20%,24/07/2022,22:00
Paper Rex vs. FunPlus Phoenix,Valorant Champions Tour Stage 2: Masters Copenhagen,Playoffs,loss,Paper Rex,FunPlus Phoenix,2,3,Breeze,1.36,343,25,17,1,+8,75%,202,18%,24/07/2022,22:00
Paper Rex vs. OpTic Gaming,Valorant Champions Tour Stage 2: Masters Copenhagen,Playoffs,win,Paper Rex,OpTic Gaming,2,1,Haven,1.41,297,16,10,3,+6,81%,209,15%,22/07/2022,22:00
Paper Rex vs. OpTic Gaming,Valorant Champions Tour Stage 2: Masters Copenhagen,Playoffs,win,Paper Rex,OpTic Gaming,2,1,Bind,0.78,227,40,41,15,-1,68%,146,15%,22/07/2022,22:00
Paper Rex vs. OpTic Gaming,Valorant Champions Tour Stage 2: Masters Copenhagen,Playoffs,win,Paper Rex,OpTic Gaming,2,1,Fracture,0.41,139,9,20,7,-11,50%,90,15%,22/07/2022,22:00
Paper Rex vs. FNATIC,Valorant Champions Tour Stage 2: Masters Copenhagen,Playoffs,win,Paper Rex,FNATIC,2,0,Ascent,1.06,264,21,19,4,+2,67%,165,20%,17/07/2022,22:00
Paper Rex vs. FNATIC,Valorant Champions Tour Stage 2: Masters Copenhagen,Playoffs,win,Paper Rex,FNATIC,2,0,Bind,0.81,292,46,38,9,+8,72%,176,21%,17/07/2022,22:00
Paper Rex vs. Guild Esports,Valorant Champions Tour Stage 2: Masters Copenhagen,Playoffs,win,Paper Rex,Guild Esports,2,0,Ascent,1.26,331,20,14,2,+6,88%,206,26%,14/07/2022,22:00
Paper Rex vs. Guild Esports,Valorant Champions Tour Stage 2: Masters Copenhagen,Playoffs,win,Paper Rex,Guild Esports,2,0,Fracture,0.51,233,30,33,15,-3,77%,136,20%,14/07/2022,22:00
Paper Rex vs. XERXIA Esports,Champions Tour Asia-Pacific Stage 2: Challengers Playoffs,Playoffs,win,Paper Rex,XERXIA Esports,3,0,Icebox,1.45,335,26,13,1,+13,76%,193,36%,26/06/2022,13:45
Paper Rex vs. XERXIA Esports,Champions Tour Asia-Pacific Stage 2: Challengers Playoffs,Playoffs,win,Paper Rex,XERXIA Esports,3,0,Fracture,1.28,246,51,34,8,+17,71%,158,24%,26/06/2022,13:45
Paper Rex vs. XERXIA Esports,Champions Tour Asia-Pacific Stage 2: Challengers Playoffs,Playoffs,win,Paper Rex,XERXIA Esports,3,0,Breeze,1.46,214,12,7,6,+5,82%,146,12%,26/06/2022,13:45
Paper Rex vs. Team Secret,Champions Tour Asia-Pacific Stage 2: Challengers Playoffs,Playoffs,win,Paper Rex,Team Secret,2,0,Ascent,1.10,255,19,16,4,+3,80%,158,12%,25/06/2022,16:30
Paper Rex vs. Team Secret,Champions Tour Asia-Pacific Stage 2: Challengers Playoffs,Playoffs,win,Paper Rex,Team Secret,2,0,Bind,0.90,239,31,25,7,+6,80%,156,14%,25/06/2022,16:30
Paper Rex vs. BLEED,Champions Tour Asia-Pacific Stage 2: Challengers Playoffs,Playoffs,win,Paper Rex,BLEED,2,1,Split,1.09,292,20,17,5,+3,70%,177,20%,24/06/2022,10:00
Paper Rex vs. BLEED,Champions Tour Asia-Pacific Stage 2: Challengers Playoffs,Playoffs,win,Paper Rex,BLEED,2,1,Fracture,1.31,252,49,46,19,+3,76%,174,17%,24/06/2022,10:00
Paper Rex vs. BLEED,Champions Tour Asia-Pacific Stage 2: Challengers Playoffs,Playoffs,win,Paper Rex,BLEED,2,1,Ascent,0.95,185,10,11,5,-1,82%,135,17%,24/06/2022,10:00
Paper Rex vs. Alter Ego,Champions Tour Asia-Pacific Stage 2: Challengers Playoffs,Playoffs,win,Paper Rex,Alter Ego,2,1,Bind,1.16,256,20,17,6,+3,78%,172,23%,23/06/2022,10:00
Paper Rex vs. Alter Ego,Champions Tour Asia-Pacific Stage 2: Challengers Playoffs,Playoffs,win,Paper Rex,Alter Ego,2,1,Fracture,1.54,283,70,50,16,+20,83%,192,25%,23/06/2022,10:00
Paper Rex vs. Alter Ego,Champions Tour Asia-Pacific Stage 2: Challengers Playoffs,Playoffs,win,Paper Rex,Alter Ego,2,1,Icebox,1.57,343,32,18,2,+14,88%,238,23%,23/06/2022,10:00
Paper Rex vs. ORDER,Champions Tour Asia-Pacific Stage 2: Challengers Playoffs,Group Stage,win,Paper Rex,ORDER,2,0,Haven,0.89,222,15,17,7,-2,76%,141,24%,19/06/2022,10:00
Paper Rex vs. ORDER,Champions Tour Asia-Pacific Stage 2: Challengers Playoffs,Group Stage,win,Paper Rex,ORDER,2,0,Bind,1.14,264,36,31,11,+5,75%,169,23%,19/06/2022,10:00
Paper Rex vs. BOOM Esports,Champions Tour Asia-Pacific Stage 2: Challengers Playoffs,Group Stage,win,Paper Rex,BOOM Esports,2,0,Haven,0.89,251,16,18,7,-2,76%,174,15%,16/06/2022,14:25
Paper Rex vs. BOOM Esports,Champions Tour Asia-Pacific Stage 2: Challengers Playoffs,Group Stage,win,Paper Rex,BOOM Esports,2,0,Fracture,1.06,252,37,32,14,+5,82%,171,18%,16/06/2022,14:25
LaZe vs. Paper Rex,Champions Tour Malaysia & Singapore Stage 2: Challengers,Playoffs,win,Paper Rex,LaZe,3,0,Fracture,1.47,356,25,15,4,+10,75%,217,19%,29/05/2022,11:30
LaZe vs. Paper Rex,Champions Tour Malaysia & Singapore Stage 2: Challengers,Playoffs,win,Paper Rex,LaZe,3,0,Haven,1.52,286,57,35,13,+22,72%,177,15%,29/05/2022,11:30
LaZe vs. Paper Rex,Champions Tour Malaysia & Singapore Stage 2: Challengers,Playoffs,win,Paper Rex,LaZe,3,0,Ascent,1.67,326,18,7,5,+11,93%,201,12%,29/05/2022,11:30
Paper Rex vs. BLEED,Champions Tour Malaysia & Singapore Stage 2: Challengers,Playoffs,win,Paper Rex,BLEED,2,0,Ascent,1.50,340,17,10,4,+7,93%,233,22%,28/05/2022,17:20
Paper Rex vs. BLEED,Champions Tour Malaysia & Singapore Stage 2: Challengers,Playoffs,win,Paper Rex,BLEED,2,0,Fracture,0.95,272,29,26,15,+3,86%,189,21%,28/05/2022,17:20
Paper Rex vs. LaZe,Champions Tour Malaysia & Singapore Stage 2: Challengers,Playoffs,loss,Paper Rex,LaZe,1,2,Ascent,1.49,328,21,12,6,+9,84%,220,19%,28/05/2022,11:30
Paper Rex vs. LaZe,Champions Tour Malaysia & Singapore Stage 2: Challengers,Playoffs,loss,Paper Rex,LaZe,1,2,Icebox,1.12,252,46,47,25,-1,77%,176,17%,28/05/2022,11:30
Paper Rex vs. LaZe,Champions Tour Malaysia & Singapore Stage 2: Challengers,Playoffs,loss,Paper Rex,LaZe,1,2,Split,0.51,173,9,18,10,-9,75%,122,21%,28/05/2022,11:30
Paper Rex vs. No Namers,Champions Tour Malaysia & Singapore Stage 2: Challengers,Playoffs,win,Paper Rex,No Namers,2,0,Fracture,1.70,375,22,10,6,+12,82%,239,21%,27/05/2022,9:30
Paper Rex vs. No Namers,Champions Tour Malaysia & Singapore Stage 2: Challengers,Playoffs,win,Paper Rex,No Namers,2,0,Bind,0.99,358,40,22,8,+18,84%,233,23%,27/05/2022,9:30
Paper Rex vs. Blitz Esports,Champions Tour Malaysia & Singapore Stage 2: Challengers,Group Stage,win,Paper Rex,Blitz Esports,2,0,Haven,1.58,323,20,11,5,+9,94%,184,21%,22/05/2022,11:55
Paper Rex vs. Blitz Esports,Champions Tour Malaysia & Singapore Stage 2: Challengers,Group Stage,win,Paper Rex,Blitz Esports,2,0,Breeze,0.99,243,31,26,9,+5,79%,147,15%,22/05/2022,11:55
Paper Rex vs. Todak,Champions Tour Malaysia & Singapore Stage 2: Challengers,Group Stage,win,Paper Rex,Todak,2,0,Bind,1.24,315,18,11,7,+7,88%,172,17%,21/05/2022,11:35
Paper Rex vs. Todak,Champions Tour Malaysia & Singapore Stage 2: Challengers,Group Stage,win,Paper Rex,Todak,2,0,Split,1.29,292,36,24,9,+12,76%,166,14%,21/05/2022,11:35
Paper Rex vs. KPMOONIIBLM9,Champions Tour Malaysia & Singapore Stage 2: Challengers,Group Stage,win,Paper Rex,KPMOONIIBLM9,2,0,Breeze,1.26,303,20,15,5,+5,79%,182,31%,20/05/2022,13:00
Paper Rex vs. KPMOONIIBLM9,Champions Tour Malaysia & Singapore Stage 2: Challengers,Group Stage,win,Paper Rex,KPMOONIIBLM9,2,0,Icebox,1.39,286,37,30,8,+7,78%,179,23%,20/05/2022,13:00
Paper Rex vs. Avium Esports,Champions Tour Malaysia & Singapore Stage 2: Challengers,Group Stage,win,Paper Rex,Avium Esports,2,0,Ascent,1.40,315,19,9,2,+10,81%,183,20%,19/05/2022,16:20
Paper Rex vs. Avium Esports,Champions Tour Malaysia & Singapore Stage 2: Challengers,Group Stage,win,Paper Rex,Avium Esports,2,0,Icebox,1.18,283,36,23,8,+13,71%,167,21%,19/05/2022,16:20
Paper Rex vs. Galaxy Esports,Champions Tour Malaysia & Singapore Stage 2: Challengers,Group Stage,win,Paper Rex,Galaxy Esports,2,0,Bind,1.23,229,14,9,6,+5,72%,144,16%,15/05/2022,9:30
Paper Rex vs. Galaxy Esports,Champions Tour Malaysia & Singapore Stage 2: Challengers,Group Stage,win,Paper Rex,Galaxy Esports,2,0,Icebox,1.28,284,36,16,6,+20,76%,173,24%,15/05/2022,9:30
Paper Rex vs. BLEED,Champions Tour Malaysia & Singapore Stage 2: Challengers,Group Stage,win,Paper Rex,BLEED,2,1,Icebox,0.84,188,14,16,2,-2,70%,123,23%,14/05/2022,15:05
Paper Rex vs. BLEED,Champions Tour Malaysia & Singapore Stage 2: Challengers,Group Stage,win,Paper Rex,BLEED,2,1,Bind,1.04,227,46,41,6,+5,70%,141,25%,14/05/2022,15:05
Paper Rex vs. BLEED,Champions Tour Malaysia & Singapore Stage 2: Challengers,Group Stage,win,Paper Rex,BLEED,2,1,Breeze,1.27,300,16,11,3,+5,88%,192,23%,14/05/2022,15:05
Paper Rex vs. LaZe,Champions Tour Malaysia & Singapore Stage 2: Challengers,Group Stage,win,Paper Rex,LaZe,2,0,Fracture,1.05,235,17,14,5,+3,67%,151,14%,13/05/2022,13:00
Paper Rex vs. LaZe,Champions Tour Malaysia & Singapore Stage 2: Challengers,Group Stage,win,Paper Rex,LaZe,2,0,Split,1.29,253,30,26,10,+4,67%,163,17%,13/05/2022,13:00
ZETA DIVISION vs. Paper Rex,Valorant Champions Tour Stage 1: Masters Reykjavík,Playoffs,loss,Paper Rex,ZETA DIVISION,1,2,Icebox,1.62,298,22,10,2,+12,79%,186,27%,23/04/2022,3:25
ZETA DIVISION vs. Paper Rex,Valorant Champions Tour Stage 1: Masters Reykjavík,Playoffs,loss,Paper Rex,ZETA DIVISION,1,2,Haven,1.24,233,51,42,7,+9,67%,156,20%,23/04/2022,3:25
G2 Esports vs. Paper Rex,Valorant Champions Tour Stage 1: Masters Reykjavík,Playoffs,win,Paper Rex,G2 Esports,2,0,Split,1.16,292,21,20,12,+1,70%,195,8%,19/04/2022,4:00
G2 Esports vs. Paper Rex,Valorant Champions Tour Stage 1: Masters Reykjavík,Playoffs,win,Paper Rex,G2 Esports,2,0,Bind,1.19,267,39,35,14,+4,65%,176,10%,19/04/2022,4:00
Paper Rex vs. The Guard,Valorant Champions Tour Stage 1: Masters Reykjavík,Playoffs,win,Paper Rex,The Guard,2,0,Haven,1.23,277,24,16,3,+8,74%,170,21%,17/04/2022,3:30
Paper Rex vs. The Guard,Valorant Champions Tour Stage 1: Masters Reykjavík,Playoffs,win,Paper Rex,The Guard,2,0,Split,1.43,331,52,34,9,+18,75%,207,20%,17/04/2022,3:30
Paper Rex vs. DRX,Valorant Champions Tour Stage 1: Masters Reykjavík,Playoffs,loss,Paper Rex,DRX,1,2,Haven,1.35,285,23,19,7,+4,70%,188,25%,16/04/2022,12:00
Paper Rex vs. DRX,Valorant Champions Tour Stage 1: Masters Reykjavík,Playoffs,loss,Paper Rex,DRX,1,2,Bind,0.55,204,42,57,21,-15,63%,142,14%,16/04/2022,12:00
Paper Rex vs. DRX,Valorant Champions Tour Stage 1: Masters Reykjavík,Playoffs,loss,Paper Rex,DRX,1,2,Ascent,0.45,166,10,20,8,-10,62%,116,10%,16/04/2022,12:00
Paper Rex vs. XERXIA Esports,Champions Tour Asia-Pacific Stage 1: Challengers Playoffs,Knockouts,win,Paper Rex,XERXIA Esports,3,2,Fracture,1.04,164,9,11,14,-2,82%,104,20%,27/03/2022,14:30
Paper Rex vs. XERXIA Esports,Champions Tour Asia-Pacific Stage 1: Challengers Playoffs,Knockouts,win,Paper Rex,XERXIA Esports,3,2,Split,1.15,200,67,75,37,-8,74%,133,15%,27/03/2022,14:30
Paper Rex vs. XERXIA Esports,Champions Tour Asia-Pacific Stage 1: Challengers Playoffs,Knockouts,win,Paper Rex,XERXIA Esports,3,2,Icebox,0.88,205,14,17,5,-3,67%,135,18%,27/03/2022,14:30
Paper Rex vs. XERXIA Esports,Champions Tour Asia-Pacific Stage 1: Challengers Playoffs,Knockouts,win,Paper Rex,XERXIA Esports,3,2,Breeze,1.37,240,16,11,6,+5,84%,175,18%,27/03/2022,14:30
Paper Rex vs. XERXIA Esports,Champions Tour Asia-Pacific Stage 1: Challengers Playoffs,Knockouts,win,Paper Rex,XERXIA Esports,3,2,Haven,0.38,120,9,21,4,-12,58%,87,9%,27/03/2022,14:30
BLEED vs. Paper Rex,Champions Tour Asia-Pacific Stage 1: Challengers Playoffs,Knockouts,win,Paper Rex,BLEED,2,0,Icebox,1.17,261,26,22,7,+4,71%,190,36%,26/03/2022,15:10
BLEED vs. Paper Rex,Champions Tour Asia-Pacific Stage 1: Challengers Playoffs,Knockouts,win,Paper Rex,BLEED,2,0,Split,1.55,284,45,36,10,+9,71%,189,32%,26/03/2022,15:10
XERXIA Esports vs. Paper Rex,Champions Tour Asia-Pacific Stage 1: Challengers Playoffs,Knockouts,win,Paper Rex,XERXIA Esports,2,0,Bind,1.03,229,16,15,5,+1,75%,155,22%,25/03/2022,13:30
XERXIA Esports vs. Paper Rex,Champions Tour Asia-Pacific Stage 1: Challengers Playoffs,Knockouts,win,Paper Rex,XERXIA Esports,2,0,Haven,0.91,200,31,32,8,-1,70%,139,25%,25/03/2022,13:30
Paper Rex vs. South Built Esports,Champions Tour Asia-Pacific Stage 1: Challengers Playoffs,Knockouts,win,Paper Rex,South Built Esports,2,0,Haven,0.80,187,13,16,7,-3,59%,126,17%,24/03/2022,19:30
Paper Rex vs. South Built Esports,Champions Tour Asia-Pacific Stage 1: Challengers Playoffs,Knockouts,win,Paper Rex,South Built Esports,2,0,Split,1.08,212,27,33,14,-6,64%,143,19%,24/03/2022,19:30
Paper Rex vs. Persija Esports,Champions Tour Asia-Pacific Stage 1: Challengers Playoffs,Group Stage,win,Paper Rex,Persija Esports,2,1,Fracture,1.52,306,25,16,18,+9,87%,195,21%,19/03/2022,13:20
Paper Rex vs. Persija Esports,Champions Tour Asia-Pacific Stage 1: Challengers Playoffs,Group Stage,win,Paper Rex,Persija Esports,2,1,Breeze,1.62,295,66,45,38,+21,81%,177,22%,19/03/2022,13:20
Paper Rex vs. Persija Esports,Champions Tour Asia-Pacific Stage 1: Challengers Playoffs,Group Stage,win,Paper Rex,Persija Esports,2,1,Icebox,0.86,188,15,20,16,-5,73%,125,14%,19/03/2022,13:20
Paper Rex vs. Fancy United Esports,Champions Tour Asia-Pacific Stage 1: Challengers Playoffs,Group Stage,win,Paper Rex,Fancy United Esports,2,0,Haven,0.98,273,17,15,1,+2,67%,149,25%,17/03/2022,12:30
Paper Rex vs. Fancy United Esports,Champions Tour Asia-Pacific Stage 1: Challengers Playoffs,Group Stage,win,Paper Rex,Fancy United Esports,2,0,Icebox,1.45,240,33,29,7,+4,70%,140,21%,17/03/2022,12:30
Paper Rex vs. BLEED,Champions Tour Malaysia & Singapore Stage 1: Challengers,Playoffs,win,Paper Rex,BLEED,3,0,Haven,1.47,316,19,10,2,+9,93%,207,29%,27/02/2022,13:00
Paper Rex vs. BLEED,Champions Tour Malaysia & Singapore Stage 1: Challengers,Playoffs,win,Paper Rex,BLEED,3,0,Fracture,0.72,233,57,47,19,+10,72%,156,24%,27/02/2022,13:00
Paper Rex vs. BLEED,Champions Tour Malaysia & Singapore Stage 1: Challengers,Playoffs,win,Paper Rex,BLEED,3,0,Ascent,1.20,270,31,23,8,+8,71%,177,25%,27/02/2022,13:00
Paper Rex vs. No Namers,Champions Tour Malaysia & Singapore Stage 1: Challengers,Playoffs,win,Paper Rex,No Namers,2,0,Icebox,1.44,253,24,13,6,+11,65%,158,31%,26/02/2022,15:30
Paper Rex vs. No Namers,Champions Tour Malaysia & Singapore Stage 1: Challengers,Playoffs,win,Paper Rex,No Namers,2,0,Split,1.11,261,43,29,10,+14,65%,165,28%,26/02/2022,15:30
Paper Rex vs. KPMOONIIBLM9,Champions Tour Malaysia & Singapore Stage 1: Challengers,Playoffs,win,Paper Rex,KPMOONIIBLM9,2,0,Breeze,0.94,137,8,11,6,-3,78%,100,24%,25/02/2022,16:15
Paper Rex vs. KPMOONIIBLM9,Champions Tour Malaysia & Singapore Stage 1: Challengers,Playoffs,win,Paper Rex,KPMOONIIBLM9,2,0,Ascent,1.10,183,25,28,13,-3,79%,123,24%,25/02/2022,16:15
Paper Rex vs. Madness Esports,Champions Tour Malaysia & Singapore Stage 1: Challengers,Playoffs,win,Paper Rex,Madness Esports,2,0,Icebox,0.92,213,15,14,4,+1,84%,132,17%,24/02/2022,13:30
Paper Rex vs. Madness Esports,Champions Tour Malaysia & Singapore Stage 1: Challengers,Playoffs,win,Paper Rex,Madness Esports,2,0,Haven,1.25,242,37,28,7,+9,76%,150,25%,24/02/2022,13:30
Paper Rex vs. Todak,Champions Tour Malaysia & Singapore Stage 1: Challengers,Group Stage,win,Paper Rex,Todak,2,0,Haven,1.27,244,15,11,7,+4,82%,161,28%,18/02/2022,18:55
Paper Rex vs. Todak,Champions Tour Malaysia & Singapore Stage 1: Challengers,Group Stage,win,Paper Rex,Todak,2,0,Ascent,0.71,220,31,27,18,+4,85%,145,27%,18/02/2022,18:55
Paper Rex vs. You Guys Get Paid?,Champions Tour Malaysia & Singapore Stage 1: Challengers,Group Stage,win,Paper Rex,You Guys Get Paid?,2,0,Split,1.86,373,18,7,5,+11,93%,244,20%,10/02/2022,16:30
Paper Rex vs. You Guys Get Paid?,Champions Tour Malaysia & Singapore Stage 1: Challengers,Group Stage,win,Paper Rex,You Guys Get Paid?,2,0,Haven,2.44,400,42,11,7,+31,93%,256,23%,10/02/2022,16:30
Paper Rex vs. Louvre,The Esports Club Showdown,Main Event,win,Paper Rex,Louvre,3,0,Split,1.03,203,16,14,6,+2,76%,135,14%,30/11/2021,17:30
Paper Rex vs. Louvre,The Esports Club Showdown,Main Event,win,Paper Rex,Louvre,3,0,Haven,1.57,337,69,31,20,+38,84%,211,18%,30/11/2021,17:30
Paper Rex vs. Louvre,The Esports Club Showdown,Main Event,win,Paper Rex,Louvre,3,0,Icebox,2.23,393,22,5,9,+17,93%,252,16%,30/11/2021,17:30
Paper Rex vs. Alter Ego,The Esports Club Showdown,Main Event,win,Paper Rex,Alter Ego,2,0,Fracture,0.85,189,9,11,7,-2,75%,121,15%,25/11/2021,18:30
Paper Rex vs. Louvre,The Esports Club Showdown,Main Event,win,Paper Rex,Louvre,2,0,Split,1.08,204,22,22,5,0,77%,132,26%,22/11/2021,18:30
Paper Rex vs. Louvre,The Esports Club Showdown,Main Event,win,Paper Rex,Louvre,2,0,Icebox,0.98,238,43,42,10,+1,72%,158,26%,22/11/2021,18:30
BOOM Esports vs. Paper Rex,Royal SEA Challenge,Playoffs,loss,Paper Rex,BOOM Esports,0,2,Icebox,0.48,120,10,19,3,-9,55%,84,23%,19/11/2021,20:50
BOOM Esports vs. Paper Rex,Royal SEA Challenge,Playoffs,loss,Paper Rex,BOOM Esports,0,2,Ascent,0.49,178,23,33,6,-10,56%,109,20%,19/11/2021,20:50
Sharper Esport vs. Paper Rex,Royal SEA Challenge,Playoffs,win,Paper Rex,Sharper Esport,2,1,Bind,0.82,174,11,15,7,-4,75%,118,22%,19/11/2021,14:10
Sharper Esport vs. Paper Rex,Royal SEA Challenge,Playoffs,win,Paper Rex,Sharper Esport,2,1,Ascent,1.22,282,69,46,15,+23,85%,180,26%,19/11/2021,14:10
Sharper Esport vs. Paper Rex,Royal SEA Challenge,Playoffs,win,Paper Rex,Sharper Esport,2,1,Split,1.71,368,36,19,2,+17,88%,227,31%,19/11/2021,14:10
Paper Rex vs. Team Exploit,The Esports Club Showdown,Main Event,win,Paper Rex,Team Exploit,2,0,Ascent,1.88,384,19,6,3,+13,69%,264,41%,18/11/2021,14:50
Paper Rex vs. Team Exploit,The Esports Club Showdown,Main Event,win,Paper Rex,Team Exploit,2,0,Icebox,2.41,434,47,12,4,+35,79%,282,37%,18/11/2021,14:50
Paper Rex vs. Bren Esports,Royal SEA Challenge,Group Stage,win,Paper Rex,Bren Esports,2,0,Haven,1.01,310,18,14,2,+4,82%,187,35%,17/11/2021,16:20
Paper Rex vs. Bren Esports,Royal SEA Challenge,Group Stage,win,Paper Rex,Bren Esports,2,0,Split,1.24,259,37,29,5,+8,85%,157,30%,17/11/2021,16:20
Paper Rex vs. BLEED,Royal SEA Challenge,Group Stage,win,Paper Rex,BLEED,2,0,Split,1.63,357,21,11,5,+10,81%,231,34%,16/11/2021,16:00
Paper Rex vs. BLEED,Royal SEA Challenge,Group Stage,win,Paper Rex,BLEED,2,0,Haven,1.17,327,43,24,10,+19,75%,212,29%,16/11/2021,16:00
Paper Rex vs. Team Big BAAM,Royal SEA Challenge,Group Stage,win,Paper Rex,Team Big BAAM,2,0,Bind,1.21,256,15,10,3,+5,88%,150,17%,15/11/2021,16:00
Paper Rex vs. Team Big BAAM,Royal SEA Challenge,Group Stage,win,Paper Rex,Team Big BAAM,2,0,Icebox,1.12,271,37,25,6,+12,73%,177,23%,15/11/2021,16:00
Paper Rex vs. South Built Esports,Royal SEA Challenge,Group Stage,draw,Paper Rex,South Built Esports,1,1,Split,0.89,175,13,15,9,-2,86%,121,9%,14/11/2021,16:00
Paper Rex vs. South Built Esports,Royal SEA Challenge,Group Stage,draw,Paper Rex,South Built Esports,1,1,Icebox,1.04,236,37,30,11,+7,80%,158,20%,14/11/2021,16:00
Paper Rex vs. DAMWON Gaming,Champions Tour Asia-Pacific: Last Chance Qualifier,Main Event,loss,Paper Rex,DAMWON Gaming,1,2,Bind,1.02,242,20,18,2,+2,83%,156,20%,15/10/2021,17:15
Paper Rex vs. DAMWON Gaming,Champions Tour Asia-Pacific: Last Chance Qualifier,Main Event,loss,Paper Rex,DAMWON Gaming,1,2,Breeze,0.63,210,45,45,5,0,68%,129,16%,15/10/2021,17:15
Paper Rex vs. DAMWON Gaming,Champions Tour Asia-Pacific: Last Chance Qualifier,Main Event,loss,Paper Rex,DAMWON Gaming,1,2,Ascent,1.01,229,14,11,2,+3,63%,136,17%,15/10/2021,17:15
Paper Rex vs. NORTHEPTION,Champions Tour Asia-Pacific: Last Chance Qualifier,Main Event,loss,Paper Rex,NORTHEPTION,0,2,Icebox,0.95,240,19,22,9,-3,65%,163,17%,14/10/2021,14:00
Paper Rex vs. NORTHEPTION,Champions Tour Asia-Pacific: Last Chance Qualifier,Main Event,loss,Paper Rex,NORTHEPTION,0,2,Ascent,0.53,201,32,43,12,-11,64%,138,15%,14/10/2021,14:00
Paper Rex vs. Global Esports,Champions Tour Asia-Pacific: Last Chance Qualifier,Main Event,win,Paper Rex,Global Esports,2,0,Icebox,1.23,306,17,10,4,+7,88%,196,22%,12/10/2021,20:30
Paper Rex vs. Global Esports,Champions Tour Asia-Pacific: Last Chance Qualifier,Main Event,win,Paper Rex,Global Esports,2,0,Split,1.14,303,32,16,7,+16,90%,183,16%,12/10/2021,20:30
Paper Rex vs. BLEED,KJC eSports VALORANT Invitational,Playoffs,win,Paper Rex,BLEED,3,0,Bind,1.57,346,23,13,3,+10,78%,191,9%,10/10/2021,16:00
Paper Rex vs. BLEED,KJC eSports VALORANT Invitational,Playoffs,win,Paper Rex,BLEED,3,0,Icebox,1.45,306,57,33,11,+24,82%,182,18%,10/10/2021,16:00
Paper Rex vs. BLEED,KJC eSports VALORANT Invitational,Playoffs,win,Paper Rex,BLEED,3,0,Ascent,1.30,305,17,9,4,+8,87%,180,27%,10/10/2021,16:00
BLEED vs. Paper Rex,KJC eSports VALORANT Invitational,Playoffs,win,Paper Rex,BLEED,2,1,Ascent,1.14,245,21,17,1,+4,71%,154,18%,09/10/2021,16:00
BLEED vs. Paper Rex,KJC eSports VALORANT Invitational,Playoffs,win,Paper Rex,BLEED,2,1,Bind,0.94,253,59,52,14,+7,75%,166,16%,09/10/2021,16:00
BLEED vs. Paper Rex,KJC eSports VALORANT Invitational,Playoffs,win,Paper Rex,BLEED,2,1,Breeze,1.22,263,23,23,7,0,79%,174,14%,09/10/2021,16:00
Paper Rex vs. Louvre,KJC eSports VALORANT Invitational,Playoffs,win,Paper Rex,Louvre,2,0,Ascent,1.27,287,20,16,6,+4,76%,188,9%,08/10/2021,16:35
Paper Rex vs. Louvre,KJC eSports VALORANT Invitational,Playoffs,win,Paper Rex,Louvre,2,0,Bind,1.05,307,42,30,10,+12,78%,194,13%,08/10/2021,16:35
Paper Rex vs. Foxy Araikordai,KJC eSports VALORANT Invitational,Playoffs,win,Paper Rex,Foxy Araikordai,2,0,Ascent,1.44,274,24,16,2,+8,69%,185,27%,07/10/2021,15:30
Paper Rex vs. Foxy Araikordai,KJC eSports VALORANT Invitational,Playoffs,win,Paper Rex,Foxy Araikordai,2,0,Split,1.37,317,48,31,4,+17,74%,195,24%,07/10/2021,15:30
Louvre vs. Team SMG,Champions Tour Malaysia & Singapore Stage 3: Challengers 2,Main Event,loss,Team SMG,Louvre,0,1,Split,1.04,251,18,18,7,0,73%,146,16%,24/07/2021,14:00
Team SMG vs. UndeRank,Champions Tour Malaysia & Singapore Stage 3: Challengers 2,Main Event,win,Team SMG,UndeRank,1,0,Ascent,2.09,424,22,7,6,+15,93%,231,19%,23/07/2021,20:15
Paper Rex vs. Team SMG,Champions Tour Malaysia & Singapore Stage 3: Challengers 2,Main Event,loss,Team SMG,Paper Rex,0,2,Icebox,1.06,237,16,15,1,+1,74%,140,35%,23/07/2021,9:00
Paper Rex vs. Team SMG,Champions Tour Malaysia & Singapore Stage 3: Challengers 2,Main Event,loss,Team SMG,Paper Rex,0,2,Split,0.89,236,32,31,5,+1,68%,155,26%,23/07/2021,9:00
Team SMG vs. Brain And Friends,Champions Tour Malaysia & Singapore Stage 3: Challengers 2,Qualifiers,win,Team SMG,Brain And Friends,2,1,Icebox,1.63,342,25,15,8,+10,70%,197,16%,17/07/2021,15:30
Team SMG vs. Brain And Friends,Champions Tour Malaysia & Singapore Stage 3: Challengers 2,Qualifiers,win,Team SMG,Brain And Friends,2,1,Ascent,1.60,344,70,34,21,+36,80%,203,17%,17/07/2021,15:30
Team SMG vs. Brain And Friends,Champions Tour Malaysia & Singapore Stage 3: Challengers 2,Qualifiers,win,Team SMG,Brain And Friends,2,1,Haven,2.02,394,29,10,8,+19,85%,235,15%,17/07/2021,15:30
Team SMG vs. Team Titan,Champions Tour Malaysia & Singapore Stage 3: Challengers 2,Qualifiers,win,Team SMG,Team Titan,2,0,Haven,1.89,365,25,11,6,+14,100%,225,25%,17/07/2021,12:00
Team SMG vs. Team Titan,Champions Tour Malaysia & Singapore Stage 3: Challengers 2,Qualifiers,win,Team SMG,Team Titan,2,0,Icebox,1.38,303,42,23,10,+19,85%,182,20%,17/07/2021,12:00
Todak vs. Team SMG,Champions Tour Malaysia & Singapore Stage 3: Challengers 1,Main Event,loss,Team SMG,Todak,0,1,Icebox,1.22,222,14,11,3,+3,74%,137,21%,10/07/2021,15:15
Saints vs. Team SMG,Champions Tour Malaysia & Singapore Stage 3: Challengers 1,Main Event,win,Team SMG,Saints,1,0,Icebox,1.23,312,24,19,2,+5,83%,181,22%,09/07/2021,19:15
Team SMG vs. Kingsmen,Champions Tour Malaysia & Singapore Stage 3: Challengers 1,Main Event,loss,Team SMG,Kingsmen,0,2,Icebox,1.62,372,29,16,2,+13,78%,210,28%,09/07/2021,12:10
Team SMG vs. Kingsmen,Champions Tour Malaysia & Singapore Stage 3: Challengers 1,Main Event,loss,Team SMG,Kingsmen,0,2,Haven,1.14,276,38,30,4,+8,73%,164,23%,09/07/2021,12:10
Team SMG vs. Saints,Champions Tour Malaysia & Singapore Stage 3: Challengers 1,Qualifiers,win,Team SMG,Saints,2,0,Icebox,1.15,245,29,24,8,+5,69%,132,28%,03/07/2021,15:30
Team SMG vs. Running Dogs,Champions Tour Malaysia & Singapore Stage 3: Challengers 1,Qualifiers,win,Team SMG,Running Dogs,2,0,Ascent,1.54,279,19,8,1,+11,76%,145,16%,03/07/2021,12:00
Team SMG vs. Running Dogs,Champions Tour Malaysia & Singapore Stage 3: Challengers 1,Qualifiers,win,Team SMG,Running Dogs,2,0,Split,1.47,306,39,22,8,+17,77%,176,19%,03/07/2021,12:00
Team SMG vs. Orgless,Champions Tour Malaysia & Singapore Stage 2: Challengers 3,Main Event,loss,Orgless,Team SMG,1,2,Ascent,1.10,251,20,18,8,+2,71%,143,22%,24/04/2021,9:00
Team SMG vs. Orgless,Champions Tour Malaysia & Singapore Stage 2: Challengers 3,Main Event,loss,Orgless,Team SMG,1,2,Bind,0.67,235,48,50,15,-2,66%,139,16%,24/04/2021,9:00
Team SMG vs. Orgless,Champions Tour Malaysia & Singapore Stage 2: Challengers 3,Main Event,loss,Orgless,Team SMG,1,2,Split,0.65,181,11,18,2,-7,55%,115,17%,24/04/2021,9:00
Todak vs. Orgless,Champions Tour Malaysia & Singapore Stage 2: Challengers 3,Main Event,loss,Orgless,Todak,1,2,Haven,1.72,362,24,11,4,+13,84%,201,21%,23/04/2021,9:00
Todak vs. Orgless,Champions Tour Malaysia & Singapore Stage 2: Challengers 3,Main Event,loss,Orgless,Todak,1,2,Bind,1.29,268,59,46,8,+13,68%,146,16%,23/04/2021,9:00
Todak vs. Orgless,Champions Tour Malaysia & Singapore Stage 2: Challengers 3,Main Event,loss,Orgless,Todak,1,2,Split,0.81,211,15,17,1,-2,60%,106,20%,23/04/2021,9:00
Louvre vs. Orgless,Champions Tour Malaysia & Singapore Stage 2: Challengers 2,Main Event,loss,Orgless,Louvre,0,1,Haven,1.35,293,23,15,3,+8,68%,166,21%,17/04/2021,15:40
Kingsmen vs. Orgless,Champions Tour Malaysia & Singapore Stage 2: Challengers 2,Main Event,win,Orgless,Kingsmen,1,0,Bind,1.40,317,27,16,4,+11,71%,190,19%,16/04/2021,19:15
Team SMG vs. Orgless,Champions Tour Malaysia & Singapore Stage 2: Challengers 2,Main Event,loss,Orgless,Team SMG,0,2,Split,0.70,181,15,18,0,-3,59%,109,16%,16/04/2021,12:30
Team SMG vs. Orgless,Champions Tour Malaysia & Singapore Stage 2: Challengers 2,Main Event,loss,Orgless,Team SMG,0,2,Ascent,0.72,185,26,33,4,-7,62%,112,17%,16/04/2021,12:30
Orgless vs. Todak,Champions Tour Malaysia & Singapore Stage 2: Challengers 2,Qualifiers Day 1,win,Orgless,Todak,2,0,Icebox,0.78,234,18,23,5,-5,63%,161,14%,10/04/2021,16:00
Orgless vs. Todak,Champions Tour Malaysia & Singapore Stage 2: Challengers 2,Qualifiers Day 1,win,Orgless,Todak,2,0,Bind,0.94,269,37,33,12,+4,70%,166,16%,10/04/2021,16:00
Orgless vs. Wulf Esports,Champions Tour Malaysia & Singapore Stage 2: Challengers 2,Qualifiers Day 1,win,Orgless,Wulf Esports,2,0,Bind,2.35,457,24,7,3,+17,100%,259,26%,10/04/2021,12:30
Orgless vs. Wulf Esports,Champions Tour Malaysia & Singapore Stage 2: Challengers 2,Qualifiers Day 1,win,Orgless,Wulf Esports,2,0,Ascent,2.47,432,50,13,8,+37,97%,244,20%,10/04/2021,12:30
Orgless vs. Rendezvous,Champions Tour Malaysia & Singapore Stage 2: Challengers 2,Qualifiers Day 1,win,Orgless,Rendezvous,2,0,Ascent,1.50,306,16,8,5,+8,87%,175,21%,10/04/2021,10:30
Orgless vs. Rendezvous,Champions Tour Malaysia & Singapore Stage 2: Challengers 2,Qualifiers Day 1,win,Orgless,Rendezvous,2,0,Haven,2.10,350,39,19,9,+20,78%,206,19%,10/04/2021,10:30
Team SMG vs. Orgless,Champions Tour Malaysia & Singapore Stage 2: Challengers 1,Main Event,loss,Orgless,Team SMG,0,1,Ascent,0.94,215,18,19,5,-1,63%,151,21%,03/04/2021,14:45
Orgless vs. Zero Synergy,Champions Tour Malaysia & Singapore Stage 2: Challengers 1,Main Event,win,Orgless,Zero Synergy,1,0,Bind,1.35,289,22,15,6,+7,64%,192,14%,02/04/2021,20:10
Orgless vs. Team 600,Champions Tour Malaysia & Singapore Stage 2: Challengers 1,Main Event,loss,Orgless,Team 600,0,2,Ascent,0.84,230,11,16,5,-5,59%,139,16%,02/04/2021,14:25
Orgless vs. Team 600,Champions Tour Malaysia & Singapore Stage 2: Challengers 1,Main Event,loss,Orgless,Team 600,0,2,Split,0.73,269,35,33,9,+2,68%,166,18%,02/04/2021,14:25
Reality Rift vs. Paper Rex,Champions Tour Malaysia & Singapore Stage 1: Challengers 1,Qualifier,win,Reality Rift,Paper Rex,2,1,Ascent,1.26,277,21,15,3,+6,81%,144,22%,30/01/2021,12:30
Reality Rift vs. Paper Rex,Champions Tour Malaysia & Singapore Stage 1: Challengers 1,Qualifier,win,Reality Rift,Paper Rex,2,1,Haven,0.84,266,59,49,9,+10,75%,156,16%,30/01/2021,12:30
Reality Rift vs. Paper Rex,Champions Tour Malaysia & Singapore Stage 1: Challengers 1,Qualifier,win,Reality Rift,Paper Rex,2,1,Bind,0.87,216,12,18,3,-6,67%,138,14%,30/01/2021,12:30
