Paper Rex vs. Global Esports,Champions Tour 2025: Pacific Stage 1,Group Stage,win,Paper Rex,Global Esports,2,0,Split,0.59,147,6,9,2,-3,58%,93,8%,19/04/2025,15:00
Paper Rex vs. Global Esports,Champions Tour 2025: Pacific Stage 1,Group Stage,win,Paper Rex,Global Esports,2,0,Lotus,0.41,121,10,18,3,-8,50%,75,10%,19/04/2025,15:00
DetonatioN FocusMe vs. Paper Rex,Champions Tour 2025: Pacific Stage 1,Group Stage,win,Paper Rex,DetonatioN FocusMe,2,1,Ascent,1.61,262,12,5,0,+7,92%,158,41%,14/04/2025,17:10
DetonatioN FocusMe vs. Paper Rex,Champions Tour 2025: Pacific Stage 1,Group Stage,win,Paper Rex,DetonatioN FocusMe,2,1,Lotus,1.28,267,39,19,7,+20,87%,176,32%,14/04/2025,17:10
DetonatioN FocusMe vs. Paper Rex,Champions Tour 2025: Pacific Stage 1,Group Stage,win,Paper Rex,DetonatioN FocusMe,2,1,Pearl,1.65,246,12,7,5,+5,92%,175,21%,14/04/2025,17:10
Paper Rex vs. BOOM Esports,Champions Tour 2025: Pacific Stage 1,Group Stage,loss,Paper Rex,BOOM Esports,1,2,Ascent,1.54,273,13,5,1,+8,92%,153,13%,06/04/2025,15:00
Paper Rex vs. BOOM Esports,Champions Tour 2025: Pacific Stage 1,Group Stage,loss,Paper Rex,BOOM Esports,1,2,Fracture,0.89,187,25,18,6,+7,80%,117,23%,06/04/2025,15:00
Paper Rex vs. BOOM Esports,Champions Tour 2025: Pacific Stage 1,Group Stage,loss,Paper Rex,BOOM Esports,1,2,Pearl,1.22,228,10,9,2,+1,67%,165,32%,06/04/2025,15:00
Gen.G vs. Paper Rex,Champions Tour 2025: Pacific Stage 1,Group Stage,loss,Paper Rex,Gen.G,1,2,Lotus,0.54,141,5,9,3,-4,55%,88,42%,30/03/2025,15:00
Gen.G vs. Paper Rex,Champions Tour 2025: Pacific Stage 1,Group Stage,loss,Paper Rex,Gen.G,1,2,Fracture,0.95,166,21,26,16,-5,71%,105,28%,30/03/2025,15:00
Gen.G vs. Paper Rex,Champions Tour 2025: Pacific Stage 1,Group Stage,loss,Paper Rex,Gen.G,1,2,Haven,1.57,195,9,6,9,+3,92%,132,23%,30/03/2025,15:00
DRX vs. Paper Rex,Champions Tour 2025: Pacific Stage 1,Group Stage,loss,Paper Rex,DRX,1,2,Haven,0.64,159,5,8,4,-3,40%,102,31%,23/03/2025,15:00
DRX vs. Paper Rex,Champions Tour 2025: Pacific Stage 1,Group Stage,loss,Paper Rex,DRX,1,2,Icebox,1.03,133,15,27,7,-12,47%,81,33%,23/03/2025,15:00
DRX vs. Paper Rex,Champions Tour 2025: Pacific Stage 1,Group Stage,loss,Paper Rex,DRX,1,2,Lotus,0.82,176,7,9,1,-2,50%,103,55%,23/03/2025,15:00
DetonatioN FocusMe vs. Paper Rex,Champions Tour 2025: Pacific Kickoff,Main Event,loss,Paper Rex,DetonatioN FocusMe,0,2,Abyss,0.81,165,7,8,2,-1,73%,99,11%,01/02/2025,19:10
DetonatioN FocusMe vs. Paper Rex,Champions Tour 2025: Pacific Kickoff,Main Event,loss,Paper Rex,DetonatioN FocusMe,0,2,Pearl,0.86,188,16,17,3,-1,70%,122,19%,01/02/2025,19:10
Paper Rex vs. ZETA DIVISION,Champions Tour 2025: Pacific Kickoff,Main Event,win,Paper Rex,ZETA DIVISION,2,0,Lotus,2.54,575,12,3,1,+9,83%,292,11%,26/01/2025,18:00
Paper Rex vs. ZETA DIVISION,Champions Tour 2025: Pacific Kickoff,Main Event,win,Paper Rex,ZETA DIVISION,2,0,Fracture,1.31,297,18,11,4,+7,78%,176,15%,26/01/2025,18:00
Paper Rex vs. T1,Champions Tour 2025: Pacific Kickoff,Main Event,loss,Paper Rex,T1,1,2,Bind,0.21,90,2,11,5,-9,58%,65,13%,20/01/2025,18:15
Paper Rex vs. T1,Champions Tour 2025: Pacific Kickoff,Main Event,loss,Paper Rex,T1,1,2,Fracture,0.85,150,19,26,9,-7,69%,96,15%,20/01/2025,18:15
Paper Rex vs. T1,Champions Tour 2025: Pacific Kickoff,Main Event,loss,Paper Rex,T1,1,2,Split,1.05,165,8,6,3,+2,83%,107,25%,20/01/2025,18:15
Xipto x Global Esports vs. Paper Rex x Spotlight Series,VCT OFF//SEASON Spotlight Series 2024: Pacific,Main Event,win,Paper Rex x Spotlight Series,Xipto x Global Esports,3,0,Pearl,1.30,219,10,5,1,+5,92%,132,18%,22/12/2024,17:00
Xipto x Global Esports vs. Paper Rex x Spotlight Series,VCT OFF//SEASON Spotlight Series 2024: Pacific,Main Event,win,Paper Rex x Spotlight Series,Xipto x Global Esports,3,0,Bind,1.53,279,34,16,8,+18,88%,169,22%,22/12/2024,17:00
Xipto x Global Esports vs. Paper Rex x Spotlight Series,VCT OFF//SEASON Spotlight Series 2024: Pacific,Main Event,win,Paper Rex x Spotlight Series,Xipto x Global Esports,3,0,Ascent,1.80,316,11,3,5,+8,89%,189,25%,22/12/2024,17:00
Paper Rex x Spotlight Series vs. ZETA DIVISION GC,VCT OFF//SEASON Spotlight Series 2024: Pacific,Main Event,win,Paper Rex x Spotlight Series,ZETA DIVISION GC,2,0,Sunset,1.90,384,7,3,3,+4,100%,235,64%,21/12/2024,17:00
Paper Rex x Spotlight Series vs. ZETA DIVISION GC,VCT OFF//SEASON Spotlight Series 2024: Pacific,Main Event,win,Paper Rex x Spotlight Series,ZETA DIVISION GC,2,0,Bind,1.81,380,24,7,9,+17,89%,240,63%,21/12/2024,17:00
Paper Rex x Spotlight Series vs. DRX Changers,VCT OFF//SEASON Spotlight Series 2024: Pacific,Main Event,win,Paper Rex x Spotlight Series,DRX Changers,2,0,Sunset,1.89,364,12,5,3,+7,100%,250,26%,20/12/2024,17:00
Paper Rex x Spotlight Series vs. DRX Changers,VCT OFF//SEASON Spotlight Series 2024: Pacific,Main Event,win,Paper Rex x Spotlight Series,DRX Changers,2,0,Ascent,1.73,384,29,13,8,+16,90%,245,22%,20/12/2024,17:00
Paper Rex x Spotlight Series vs. Xipto x Global Esports,VCT OFF//SEASON Spotlight Series 2024: Pacific,Main Event,loss,Paper Rex x Spotlight Series,Xipto x Global Esports,0,2,Split,0.69,155,6,10,2,-4,50%,102,41%,19/12/2024,17:00
Paper Rex x Spotlight Series vs. Xipto x Global Esports,VCT OFF//SEASON Spotlight Series 2024: Pacific,Main Event,loss,Paper Rex x Spotlight Series,Xipto x Global Esports,0,2,Ascent,0.90,170,12,20,6,-8,58%,126,29%,19/12/2024,17:00
EDward Gaming vs. Paper Rex,Valorant Champions 2024,Group Stage,loss,Paper Rex,EDward Gaming,1,2,Icebox,2.56,370,5,0,1,+5,100%,264,44%,11/08/2024,17:15
EDward Gaming vs. Paper Rex,Valorant Champions 2024,Group Stage,loss,Paper Rex,EDward Gaming,1,2,Sunset,0.98,188,17,16,10,+1,71%,124,24%,11/08/2024,17:15
EDward Gaming vs. Paper Rex,Valorant Champions 2024,Group Stage,loss,Paper Rex,EDward Gaming,1,2,Lotus,1.03,144,5,7,8,-2,67%,110,29%,11/08/2024,17:15
FUT Esports vs. Paper Rex,Valorant Champions 2024,Group Stage,win,Paper Rex,FUT Esports,2,0,Sunset,1.42,236,9,7,7,+2,83%,169,38%,09/08/2024,17:25
FUT Esports vs. Paper Rex,Valorant Champions 2024,Group Stage,win,Paper Rex,FUT Esports,2,0,Bind,0.98,217,18,13,12,+5,83%,150,27%,09/08/2024,17:25
G2 Esports vs. Paper Rex,Valorant Champions 2024,Group Stage,loss,Paper Rex,G2 Esports,0,2,Icebox,0.86,215,9,10,0,-1,50%,122,18%,04/08/2024,15:00
G2 Esports vs. Paper Rex,Valorant Champions 2024,Group Stage,loss,Paper Rex,G2 Esports,0,2,Lotus,0.81,234,19,14,2,+5,59%,151,24%,04/08/2024,15:00
DRX vs. Paper Rex,Champions Tour 2024: Pacific Stage 2,Playoffs,loss,Paper Rex,DRX,2,3,Abyss,2.01,289,9,2,2,+7,100%,183,37%,20/07/2024,15:00
DRX vs. Paper Rex,Champions Tour 2024: Pacific Stage 2,Playoffs,loss,Paper Rex,DRX,2,3,Lotus,1.07,217,42,34,12,+8,75%,138,26%,20/07/2024,15:00
DRX vs. Paper Rex,Champions Tour 2024: Pacific Stage 2,Playoffs,loss,Paper Rex,DRX,2,3,Bind,0.44,96,4,8,1,-4,58%,61,20%,20/07/2024,15:00
DRX vs. Paper Rex,Champions Tour 2024: Pacific Stage 2,Playoffs,loss,Paper Rex,DRX,2,3,Icebox,1.55,310,11,7,4,+4,91%,208,22%,20/07/2024,15:00
DRX vs. Paper Rex,Champions Tour 2024: Pacific Stage 2,Playoffs,loss,Paper Rex,DRX,2,3,Ascent,0.99,215,9,10,1,-1,58%,140,28%,20/07/2024,15:00
Paper Rex vs. TALON,Champions Tour 2024: Pacific Stage 2,Playoffs,win,Paper Rex,TALON,2,0,Ascent,1.74,339,15,5,2,+10,92%,213,25%,14/07/2024,18:15
Paper Rex vs. TALON,Champions Tour 2024: Pacific Stage 2,Playoffs,win,Paper Rex,TALON,2,0,Sunset,1.68,394,24,8,3,+16,94%,252,31%,14/07/2024,18:15
Paper Rex vs. Gen.G,Champions Tour 2024: Pacific Stage 2,Playoffs,loss,Paper Rex,Gen.G,0,2,Ascent,1.43,226,10,4,0,+6,73%,142,29%,13/07/2024,15:00
Paper Rex vs. Gen.G,Champions Tour 2024: Pacific Stage 2,Playoffs,loss,Paper Rex,Gen.G,0,2,Icebox,0.59,164,11,10,1,+1,65%,110,29%,13/07/2024,15:00
Paper Rex vs. ZETA DIVISION,Champions Tour 2024: Pacific Stage 2,Regular Season,win,Paper Rex,ZETA DIVISION,2,1,Ascent,0.67,146,4,9,2,-5,60%,109,19%,07/07/2024,18:00
Paper Rex vs. ZETA DIVISION,Champions Tour 2024: Pacific Stage 2,Regular Season,win,Paper Rex,ZETA DIVISION,2,1,Lotus,0.99,157,17,26,7,-9,65%,116,35%,07/07/2024,18:00
Paper Rex vs. ZETA DIVISION,Champions Tour 2024: Pacific Stage 2,Regular Season,win,Paper Rex,ZETA DIVISION,2,1,Sunset,0.43,107,4,8,0,-4,67%,74,67%,07/07/2024,18:00
Paper Rex vs. Rex Regum Qeon,Champions Tour 2024: Pacific Stage 2,Regular Season,win,Paper Rex,Rex Regum Qeon,2,1,Lotus,1.31,243,12,7,1,+5,75%,145,14%,05/07/2024,15:00
Paper Rex vs. Rex Regum Qeon,Champions Tour 2024: Pacific Stage 2,Regular Season,win,Paper Rex,Rex Regum Qeon,2,1,Ascent,1.10,194,25,20,6,+5,74%,116,25%,05/07/2024,15:00
Paper Rex vs. Rex Regum Qeon,Champions Tour 2024: Pacific Stage 2,Regular Season,win,Paper Rex,Rex Regum Qeon,2,1,Sunset,0.68,109,4,6,1,-2,63%,73,43%,05/07/2024,15:00
Paper Rex vs. DetonatioN FocusMe,Champions Tour 2024: Pacific Stage 2,Regular Season,win,Paper Rex,DetonatioN FocusMe,2,0,Icebox,1.42,179,4,2,0,+2,100%,108,29%,01/07/2024,15:00
Paper Rex vs. DetonatioN FocusMe,Champions Tour 2024: Pacific Stage 2,Regular Season,win,Paper Rex,DetonatioN FocusMe,2,0,Sunset,0.84,179,11,9,2,+2,82%,106,32%,01/07/2024,15:00
Paper Rex vs. DRX,Champions Tour 2024: Pacific Stage 2,Regular Season,win,Paper Rex,DRX,2,1,Split,1.92,250,5,1,1,+4,100%,164,36%,22/06/2024,18:50
Paper Rex vs. DRX,Champions Tour 2024: Pacific Stage 2,Regular Season,win,Paper Rex,DRX,2,1,Haven,1.07,144,9,14,5,-5,60%,100,27%,22/06/2024,18:50
Paper Rex vs. DRX,Champions Tour 2024: Pacific Stage 2,Regular Season,win,Paper Rex,DRX,2,1,Icebox,0.40,105,2,8,4,-6,33%,68,29%,22/06/2024,18:50
Paper Rex vs. TALON,Champions Tour 2024: Pacific Stage 2,Regular Season,win,Paper Rex,TALON,2,0,Icebox,1.19,217,4,3,1,+1,60%,149,0%,16/06/2024,18:30
Paper Rex vs. TALON,Champions Tour 2024: Pacific Stage 2,Regular Season,win,Paper Rex,TALON,2,0,Sunset,1.05,233,11,10,2,+1,77%,157,17%,16/06/2024,18:30
Paper Rex vs. Gen.G,Champions Tour 2024: Pacific Stage 1,Playoffs,win,Paper Rex,Gen.G,3,2,Lotus,0.92,226,7,8,1,-1,60%,149,29%,12/05/2024,15:00
Paper Rex vs. Gen.G,Champions Tour 2024: Pacific Stage 1,Playoffs,win,Paper Rex,Gen.G,3,2,Sunset,1.12,234,42,35,16,+7,77%,148,23%,12/05/2024,15:00
Paper Rex vs. Gen.G,Champions Tour 2024: Pacific Stage 1,Playoffs,win,Paper Rex,Gen.G,3,2,Icebox,0.92,205,8,9,3,-1,92%,128,18%,12/05/2024,15:00
Paper Rex vs. Gen.G,Champions Tour 2024: Pacific Stage 1,Playoffs,win,Paper Rex,Gen.G,3,2,Bind,1.21,246,10,8,5,+2,83%,160,20%,12/05/2024,15:00
Paper Rex vs. Gen.G,Champions Tour 2024: Pacific Stage 1,Playoffs,win,Paper Rex,Gen.G,3,2,Split,1.00,210,7,7,5,0,60%,137,38%,12/05/2024,15:00
T1 vs. Paper Rex,Champions Tour 2024: Pacific Stage 1,Playoffs,win,Paper Rex,T1,2,0,Lotus,1.66,290,4,2,0,+2,50%,183,60%,05/05/2024,15:00
T1 vs. Paper Rex,Champions Tour 2024: Pacific Stage 1,Playoffs,win,Paper Rex,T1,2,0,Sunset,1.06,266,15,8,5,+7,75%,184,34%,05/05/2024,15:00
DRX vs. Paper Rex,Champions Tour 2024: Pacific Stage 1,Playoffs,win,Paper Rex,DRX,2,1,Lotus,1.60,340,13,8,5,+5,83%,219,26%,04/05/2024,18:10
DRX vs. Paper Rex,Champions Tour 2024: Pacific Stage 1,Playoffs,win,Paper Rex,DRX,2,1,Ascent,1.32,267,27,19,10,+8,84%,177,29%,04/05/2024,18:10
DRX vs. Paper Rex,Champions Tour 2024: Pacific Stage 1,Playoffs,win,Paper Rex,DRX,2,1,Bind,1.07,200,8,7,1,+1,83%,133,32%,04/05/2024,18:10
Paper Rex vs. TALON,Champions Tour 2024: Pacific Stage 1,Playoffs,win,Paper Rex,TALON,2,1,Lotus,5.40,901,4,0,0,+4,100%,430,43%,03/05/2024,17:10
Paper Rex vs. TALON,Champions Tour 2024: Pacific Stage 1,Playoffs,win,Paper Rex,TALON,2,1,Sunset,1.33,251,25,13,3,+12,76%,162,35%,03/05/2024,17:10
Paper Rex vs. TALON,Champions Tour 2024: Pacific Stage 1,Playoffs,win,Paper Rex,TALON,2,1,Bind,1.54,265,13,5,1,+8,92%,181,33%,03/05/2024,17:10
BLEED vs. Paper Rex,Champions Tour 2024: Pacific Stage 1,Regular Season,win,Paper Rex,BLEED,2,0,Ascent,1.13,274,13,8,3,+5,83%,144,10%,27/04/2024,15:00
BLEED vs. Paper Rex,Champions Tour 2024: Pacific Stage 1,Regular Season,win,Paper Rex,BLEED,2,0,Bind,1.19,261,25,15,4,+10,92%,143,18%,27/04/2024,15:00
Global Esports vs. Paper Rex,Champions Tour 2024: Pacific Stage 1,Regular Season,win,Paper Rex,Global Esports,2,0,Sunset,0.33,30,1,3,0,-2,40%,21,0%,23/04/2024,17:50
Global Esports vs. Paper Rex,Champions Tour 2024: Pacific Stage 1,Regular Season,win,Paper Rex,Global Esports,2,0,Icebox,1.04,129,6,9,2,-3,54%,74,17%,23/04/2024,17:50
Team Secret vs. Paper Rex,Champions Tour 2024: Pacific Stage 1,Regular Season,loss,Paper Rex,Team Secret,0,2,Icebox,0.76,221,7,8,0,-1,80%,125,15%,21/04/2024,18:00
Team Secret vs. Paper Rex,Champions Tour 2024: Pacific Stage 1,Regular Season,loss,Paper Rex,Team Secret,0,2,Sunset,0.62,241,18,18,3,0,82%,160,28%,21/04/2024,18:00
Gen.G vs. Paper Rex,Champions Tour 2024: Pacific Stage 1,Regular Season,win,Paper Rex,Gen.G,2,1,Lotus,1.54,322,13,8,3,+5,83%,204,33%,13/04/2024,15:00
Gen.G vs. Paper Rex,Champions Tour 2024: Pacific Stage 1,Regular Season,win,Paper Rex,Gen.G,2,1,Icebox,1.28,290,37,21,9,+16,83%,183,30%,13/04/2024,15:00
Gen.G vs. Paper Rex,Champions Tour 2024: Pacific Stage 1,Regular Season,win,Paper Rex,Gen.G,2,1,Bind,1.53,290,12,7,2,+5,75%,172,22%,13/04/2024,15:00
T1 vs. Paper Rex,Champions Tour 2024: Pacific Stage 1,Regular Season,win,Paper Rex,T1,2,0,Lotus,1.56,294,11,6,1,+5,100%,177,28%,07/04/2024,18:15
T1 vs. Paper Rex,Champions Tour 2024: Pacific Stage 1,Regular Season,win,Paper Rex,T1,2,0,Bind,1.10,243,23,12,3,+11,96%,144,24%,07/04/2024,18:15
Sentinels vs. Paper Rex,Champions Tour 2024: Masters Madrid,Playoffs,loss,Paper Rex,Sentinels,1,3,Lotus,1.49,266,13,9,1,+4,69%,172,36%,23/03/2024,22:00
Sentinels vs. Paper Rex,Champions Tour 2024: Masters Madrid,Playoffs,loss,Paper Rex,Sentinels,1,3,Ascent,0.92,218,29,27,8,+2,72%,144,28%,23/03/2024,22:00
Sentinels vs. Paper Rex,Champions Tour 2024: Masters Madrid,Playoffs,loss,Paper Rex,Sentinels,1,3,Split,0.46,117,2,7,4,-5,57%,77,25%,23/03/2024,22:00
Sentinels vs. Paper Rex,Champions Tour 2024: Masters Madrid,Playoffs,loss,Paper Rex,Sentinels,1,3,Sunset,1.20,209,11,7,1,+4,83%,126,23%,23/03/2024,22:00
Paper Rex vs. LOUD,Champions Tour 2024: Masters Madrid,Playoffs,win,Paper Rex,LOUD,2,0,Ascent,1.83,361,15,6,4,+9,92%,192,17%,23/03/2024,12:55
Paper Rex vs. LOUD,Champions Tour 2024: Masters Madrid,Playoffs,win,Paper Rex,LOUD,2,0,Sunset,1.46,295,25,15,9,+10,79%,163,24%,23/03/2024,12:55
Gen.G vs. Paper Rex,Champions Tour 2024: Masters Madrid,Playoffs,loss,Paper Rex,Gen.G,0,2,Split,0.92,148,7,8,4,-1,75%,99,13%,21/03/2024,22:00
Gen.G vs. Paper Rex,Champions Tour 2024: Masters Madrid,Playoffs,loss,Paper Rex,Gen.G,0,2,Lotus,0.91,238,19,17,8,+2,77%,153,22%,21/03/2024,22:00
Karmine Corp vs. Paper Rex,Champions Tour 2024: Masters Madrid,Swiss Stage,win,Paper Rex,Karmine Corp,2,1,Bind,1.23,218,9,7,1,+2,73%,139,42%,18/03/2024,23:55
Karmine Corp vs. Paper Rex,Champions Tour 2024: Masters Madrid,Swiss Stage,win,Paper Rex,Karmine Corp,2,1,Lotus,1.00,220,26,18,2,+8,71%,142,26%,18/03/2024,23:55
Karmine Corp vs. Paper Rex,Champions Tour 2024: Masters Madrid,Swiss Stage,win,Paper Rex,Karmine Corp,2,1,Ascent,1.05,198,5,4,0,+1,43%,106,14%,18/03/2024,23:55
Team Heretics vs. Paper Rex,Champions Tour 2024: Masters Madrid,Swiss Stage,win,Paper Rex,Team Heretics,2,1,Sunset,1.46,266,11,6,3,+5,100%,188,22%,18/03/2024,12:20
Team Heretics vs. Paper Rex,Champions Tour 2024: Masters Madrid,Swiss Stage,win,Paper Rex,Team Heretics,2,1,Lotus,1.33,261,27,16,7,+11,90%,183,23%,18/03/2024,12:20
Team Heretics vs. Paper Rex,Champions Tour 2024: Masters Madrid,Swiss Stage,win,Paper Rex,Team Heretics,2,1,Split,1.59,296,11,6,1,+5,82%,203,35%,18/03/2024,12:20
EDward Gaming vs. Paper Rex,Champions Tour 2024: Masters Madrid,Swiss Stage,loss,Paper Rex,EDward Gaming,1,2,Sunset,0.94,163,4,5,2,-1,78%,94,36%,15/03/2024,22:00
EDward Gaming vs. Paper Rex,Champions Tour 2024: Masters Madrid,Swiss Stage,loss,Paper Rex,EDward Gaming,1,2,Bind,0.86,115,9,21,4,-12,55%,84,22%,15/03/2024,22:00
EDward Gaming vs. Paper Rex,Champions Tour 2024: Masters Madrid,Swiss Stage,loss,Paper Rex,EDward Gaming,1,2,Split,0.54,99,4,7,0,-3,50%,73,27%,15/03/2024,22:00
Paper Rex vs. Gen.G,Champions Tour 2024: Pacific Kickoff,Playoffs,loss,Paper Rex,Gen.G,1,3,Ascent,0.36,142,3,6,1,-3,83%,85,40%,25/02/2024,15:00
Paper Rex vs. Gen.G,Champions Tour 2024: Pacific Kickoff,Playoffs,loss,Paper Rex,Gen.G,1,3,Split,1.02,185,23,28,7,-5,66%,128,23%,25/02/2024,15:00
Paper Rex vs. Gen.G,Champions Tour 2024: Pacific Kickoff,Playoffs,loss,Paper Rex,Gen.G,1,3,Lotus,1.10,208,5,3,1,+2,80%,165,5%,25/02/2024,15:00
Paper Rex vs. Gen.G,Champions Tour 2024: Pacific Kickoff,Playoffs,loss,Paper Rex,Gen.G,1,3,Bind,1.23,258,9,10,4,-1,58%,179,31%,25/02/2024,15:00
T1 vs. Paper Rex,Champions Tour 2024: Pacific Kickoff,Playoffs,win,Paper Rex,T1,2,0,Split,0.84,159,8,10,2,-2,87%,104,32%,24/02/2024,15:00
T1 vs. Paper Rex,Champions Tour 2024: Pacific Kickoff,Playoffs,win,Paper Rex,T1,2,0,Ascent,1.04,140,11,15,3,-4,77%,93,40%,24/02/2024,15:00
Gen.G vs. Paper Rex,Champions Tour 2024: Pacific Kickoff,Group Stage,win,Paper Rex,Gen.G,2,1,Breeze,0.82,207,7,8,2,-1,64%,161,11%,19/02/2024,13:00
Gen.G vs. Paper Rex,Champions Tour 2024: Pacific Kickoff,Group Stage,win,Paper Rex,Gen.G,2,1,Lotus,1.37,242,29,22,9,+7,83%,162,14%,19/02/2024,13:00
Gen.G vs. Paper Rex,Champions Tour 2024: Pacific Kickoff,Group Stage,win,Paper Rex,Gen.G,2,1,Sunset,1.14,244,10,10,3,0,92%,152,12%,19/02/2024,13:00
Sentinels vs. Paper Rex,AfreecaTV Valorant League,Playoffs,loss,Paper Rex,Sentinels,0,3,Split,1.13,186,5,5,3,0,88%,131,22%,10/12/2023,16:25
Sentinels vs. Paper Rex,AfreecaTV Valorant League,Playoffs,loss,Paper Rex,Sentinels,0,3,Sunset,0.89,122,11,21,6,-10,54%,88,23%,10/12/2023,16:25
Sentinels vs. Paper Rex,AfreecaTV Valorant League,Playoffs,loss,Paper Rex,Sentinels,0,3,Breeze,0.46,115,4,10,3,-6,45%,88,31%,10/12/2023,16:25
T1 vs. Paper Rex,AfreecaTV Valorant League,Playoffs,win,Paper Rex,T1,2,0,Sunset,1.15,204,8,8,3,0,67%,146,36%,09/12/2023,19:00
T1 vs. Paper Rex,AfreecaTV Valorant League,Playoffs,win,Paper Rex,T1,2,0,Lotus,1.29,256,16,11,4,+5,67%,179,38%,09/12/2023,19:00
DRX vs. Paper Rex,AfreecaTV Valorant League,Group Stage,win,Paper Rex,DRX,2,0,Lotus,1.42,272,14,7,0,+7,75%,192,31%,07/12/2023,18:15
DRX vs. Paper Rex,AfreecaTV Valorant League,Group Stage,win,Paper Rex,DRX,2,0,Breeze,1.48,283,21,12,1,+9,74%,186,27%,07/12/2023,18:15
Paper Rex vs. FULL SENSE,AfreecaTV Valorant League,Group Stage,win,Paper Rex,FULL SENSE,2,0,Haven,1.33,282,17,12,1,+5,65%,207,26%,07/12/2023,15:00
Paper Rex vs. FULL SENSE,AfreecaTV Valorant League,Group Stage,win,Paper Rex,FULL SENSE,2,0,Sunset,1.08,276,24,18,2,+6,63%,198,33%,07/12/2023,15:00
Sentinels vs. Paper Rex,AfreecaTV Valorant League,Group Stage,loss,Paper Rex,Sentinels,1,2,Breeze,1.19,235,8,5,0,+3,75%,155,11%,05/12/2023,15:00
Sentinels vs. Paper Rex,AfreecaTV Valorant League,Group Stage,loss,Paper Rex,Sentinels,1,2,Sunset,0.86,169,19,23,4,-4,67%,116,24%,05/12/2023,15:00
Sentinels vs. Paper Rex,AfreecaTV Valorant League,Group Stage,loss,Paper Rex,Sentinels,1,2,Haven,0.78,188,5,8,2,-3,63%,131,43%,05/12/2023,15:00
Paper Rex vs. Indonesia Pacific,Valorant Indonesia CONNEXT 2023,Main Event,win,Paper Rex,Indonesia Pacific,1,0,Ascent,1.34,383,8,6,1,+2,83%,215,73%,12/11/2023,20:20
Paper Rex vs. CONNEXT Roster Hunt,Valorant Indonesia CONNEXT 2023,Main Event,win,Paper Rex,CONNEXT Roster Hunt,1,0,Split,0.62,242,3,4,2,-1,100%,137,38%,12/11/2023,17:55
Paper Rex vs. Evil Geniuses,Valorant Champions 2023,Playoffs,loss,Paper Rex,Evil Geniuses,1,3,Split,1.01,217,8,9,1,-1,82%,130,38%,27/08/2023,2:30
Paper Rex vs. Evil Geniuses,Valorant Champions 2023,Playoffs,loss,Paper Rex,Evil Geniuses,1,3,Ascent,1.06,197,27,28,3,-1,63%,125,26%,27/08/2023,2:30
Paper Rex vs. Evil Geniuses,Valorant Champions 2023,Playoffs,loss,Paper Rex,Evil Geniuses,1,3,Bind,1.83,327,14,6,0,+8,83%,214,37%,27/08/2023,2:30
Paper Rex vs. Evil Geniuses,Valorant Champions 2023,Playoffs,loss,Paper Rex,Evil Geniuses,1,3,Lotus,0.92,171,3,5,2,-2,33%,99,0%,27/08/2023,2:30
Paper Rex vs. Evil Geniuses,Valorant Champions 2023,Playoffs,win,Paper Rex,Evil Geniuses,2,1,Ascent,0.52,164,6,8,1,-2,55%,108,6%,25/08/2023,2:00
Paper Rex vs. Evil Geniuses,Valorant Champions 2023,Playoffs,win,Paper Rex,Evil Geniuses,2,1,Bind,0.89,201,23,23,5,0,69%,127,13%,25/08/2023,2:00
Paper Rex vs. Evil Geniuses,Valorant Champions 2023,Playoffs,win,Paper Rex,Evil Geniuses,2,1,Pearl,1.41,219,7,4,3,+3,90%,140,24%,25/08/2023,2:00
LOUD vs. Paper Rex,Valorant Champions 2023,Playoffs,win,Paper Rex,LOUD,2,1,Lotus,2.10,395,21,8,2,+13,86%,205,13%,20/08/2023,2:00
LOUD vs. Paper Rex,Valorant Champions 2023,Playoffs,win,Paper Rex,LOUD,2,1,Split,1.20,245,32,23,6,+9,73%,142,14%,20/08/2023,2:00
LOUD vs. Paper Rex,Valorant Champions 2023,Playoffs,win,Paper Rex,LOUD,2,1,Pearl,0.68,149,5,10,2,-5,50%,112,21%,20/08/2023,2:00
Paper Rex vs. FUT Esports,Valorant Champions 2023,Playoffs,win,Paper Rex,FUT Esports,2,0,Ascent,2.37,449,19,3,1,+16,91%,263,27%,17/08/2023,4:25
Paper Rex vs. FUT Esports,Valorant Champions 2023,Playoffs,win,Paper Rex,FUT Esports,2,0,Pearl,1.35,343,21,7,1,+14,75%,205,29%,17/08/2023,4:25
Paper Rex vs. EDward Gaming,Valorant Champions 2023,Group Stage,win,Paper Rex,EDward Gaming,2,0,Fracture,1.26,192,6,4,7,+2,75%,101,50%,11/08/2023,6:45
Paper Rex vs. EDward Gaming,Valorant Champions 2023,Group Stage,win,Paper Rex,EDward Gaming,2,0,Pearl,0.95,140,12,14,8,-2,74%,84,45%,11/08/2023,6:45
Paper Rex vs. KRÜ Esports,Valorant Champions 2023,Group Stage,win,Paper Rex,KRÜ Esports,2,0,Split,0.81,243,7,7,1,0,63%,155,26%,10/08/2023,2:00
Paper Rex vs. KRÜ Esports,Valorant Champions 2023,Group Stage,win,Paper Rex,KRÜ Esports,2,0,Pearl,1.10,232,14,13,4,+1,71%,147,22%,10/08/2023,2:00
Paper Rex vs. DRX,Champions Tour 2023: Pacific League,Playoffs,win,Paper Rex,DRX,3,2,Fracture,1.13,179,8,6,7,+2,83%,124,15%,28/05/2023,14:00
Paper Rex vs. DRX,Champions Tour 2023: Pacific League,Playoffs,win,Paper Rex,DRX,3,2,Ascent,1.30,241,55,34,14,+21,85%,157,17%,28/05/2023,14:00
Paper Rex vs. DRX,Champions Tour 2023: Pacific League,Playoffs,win,Paper Rex,DRX,3,2,Pearl,1.56,302,17,10,2,+7,93%,194,16%,28/05/2023,14:00
Paper Rex vs. DRX,Champions Tour 2023: Pacific League,Playoffs,win,Paper Rex,DRX,3,2,Bind,1.07,168,6,5,3,+1,89%,122,19%,28/05/2023,14:00
Paper Rex vs. DRX,Champions Tour 2023: Pacific League,Playoffs,win,Paper Rex,DRX,3,2,Lotus,1.57,306,15,7,1,+8,67%,198,23%,28/05/2023,14:00
DRX vs. Paper Rex,Champions Tour 2023: Pacific League,Playoffs,win,Paper Rex,DRX,2,0,Fracture,0.90,183,8,7,4,+1,75%,114,29%,22/05/2023,15:00
DRX vs. Paper Rex,Champions Tour 2023: Pacific League,Playoffs,win,Paper Rex,DRX,2,0,Bind,1.38,216,15,9,6,+6,79%,119,18%,22/05/2023,15:00
Paper Rex vs. T1,Champions Tour 2023: Pacific League,Playoffs,win,Paper Rex,T1,2,0,Lotus,0.70,124,5,8,4,-3,73%,73,9%,20/05/2023,18:15
Paper Rex vs. T1,Champions Tour 2023: Pacific League,Playoffs,win,Paper Rex,T1,2,0,Fracture,1.00,124,11,15,9,-4,74%,82,11%,20/05/2023,18:15
Rex Regum Qeon vs. Paper Rex,Champions Tour 2023: Pacific League,League Play,win,Paper Rex,Rex Regum Qeon,2,0,Bind,1.67,262,11,5,0,+6,100%,175,30%,16/05/2023,17:30
Rex Regum Qeon vs. Paper Rex,Champions Tour 2023: Pacific League,League Play,win,Paper Rex,Rex Regum Qeon,2,0,Pearl,1.30,203,19,12,0,+7,77%,130,32%,16/05/2023,17:30
Paper Rex vs. Gen.G,Champions Tour 2023: Pacific League,League Play,win,Paper Rex,Gen.G,2,0,Split,1.31,257,8,4,1,+4,63%,180,37%,12/05/2023,15:00
Paper Rex vs. Gen.G,Champions Tour 2023: Pacific League,League Play,win,Paper Rex,Gen.G,2,0,Ascent,1.07,273,12,6,1,+6,73%,171,36%,12/05/2023,15:00
ZETA DIVISION vs. Paper Rex,Champions Tour 2023: Pacific League,League Play,win,Paper Rex,ZETA DIVISION,2,0,Split,2.17,296,9,1,1,+8,100%,194,22%,06/05/2023,17:30
ZETA DIVISION vs. Paper Rex,Champions Tour 2023: Pacific League,League Play,win,Paper Rex,ZETA DIVISION,2,0,Ascent,1.50,312,23,7,2,+16,89%,187,24%,06/05/2023,17:30
TALON vs. Paper Rex,Champions Tour 2023: Pacific League,League Play,win,Paper Rex,TALON,2,1,Pearl,0.97,228,10,10,2,0,58%,150,43%,01/05/2023,17:00
TALON vs. Paper Rex,Champions Tour 2023: Pacific League,League Play,win,Paper Rex,TALON,2,1,Split,1.11,241,28,28,14,0,78%,159,21%,01/05/2023,17:00
TALON vs. Paper Rex,Champions Tour 2023: Pacific League,League Play,win,Paper Rex,TALON,2,1,Fracture,1.27,315,12,9,5,+3,100%,213,14%,01/05/2023,17:00
Paper Rex vs. Global Esports,Champions Tour 2023: Pacific League,League Play,win,Paper Rex,Global Esports,2,1,Icebox,0.94,286,7,7,1,0,63%,171,37%,22/04/2023,15:00
Paper Rex vs. Global Esports,Champions Tour 2023: Pacific League,League Play,win,Paper Rex,Global Esports,2,1,Split,1.28,232,18,19,4,-1,65%,141,29%,22/04/2023,15:00
Paper Rex vs. Global Esports,Champions Tour 2023: Pacific League,League Play,win,Paper Rex,Global Esports,2,1,Pearl,0.68,165,4,6,1,-2,71%,91,17%,22/04/2023,15:00
Paper Rex vs. DRX,Champions Tour 2023: Pacific League,League Play,loss,Paper Rex,DRX,0,2,Ascent,0.46,77,4,9,2,-5,50%,43,13%,15/04/2023,16:00
Paper Rex vs. DRX,Champions Tour 2023: Pacific League,League Play,loss,Paper Rex,DRX,0,2,Split,0.67,130,11,16,3,-5,70%,75,23%,15/04/2023,16:00
T1 vs. Paper Rex,Champions Tour 2023: Pacific League,League Play,win,Paper Rex,T1,2,0,Pearl,1.06,237,3,3,0,0,50%,157,57%,08/04/2023,18:10
T1 vs. Paper Rex,Champions Tour 2023: Pacific League,League Play,win,Paper Rex,T1,2,0,Fracture,1.54,237,3,3,0,0,50%,157,57%,08/04/2023,18:10
Sengoku Gaming vs. FENNEL,Challengers League Japan: Split 1,Playoffs,loss,Sengoku Gaming,FENNEL,2,3,Ascent,1.18,284,14,11,2,+3,79%,161,17%,20/02/2023,14:15
Sengoku Gaming vs. FENNEL,Challengers League Japan: Split 1,Playoffs,loss,Sengoku Gaming,FENNEL,2,3,Haven,1.54,303,68,38,5,+30,72%,190,20%,20/02/2023,14:15
Sengoku Gaming vs. FENNEL,Challengers League Japan: Split 1,Playoffs,loss,Sengoku Gaming,FENNEL,2,3,Lotus,1.69,313,11,5,0,+6,60%,201,27%,20/02/2023,14:15
Sengoku Gaming vs. FENNEL,Challengers League Japan: Split 1,Playoffs,loss,Sengoku Gaming,FENNEL,2,3,Split,2.28,437,21,4,1,+17,83%,268,29%,20/02/2023,14:15
Sengoku Gaming vs. FENNEL,Challengers League Japan: Split 1,Playoffs,loss,Sengoku Gaming,FENNEL,2,3,Pearl,1.55,323,14,9,1,+5,83%,212,19%,20/02/2023,14:15
Sengoku Gaming vs. IGZIST,Challengers League Japan: Split 1,Playoffs,win,Sengoku Gaming,IGZIST,3,1,Fracture,0.96,221,9,8,2,+1,67%,139,21%,19/02/2023,10:30
Sengoku Gaming vs. IGZIST,Challengers League Japan: Split 1,Playoffs,win,Sengoku Gaming,IGZIST,3,1,Pearl,1.53,324,68,37,8,+31,78%,194,21%,19/02/2023,10:30
Sengoku Gaming vs. IGZIST,Challengers League Japan: Split 1,Playoffs,win,Sengoku Gaming,IGZIST,3,1,Haven,1.83,347,27,13,2,+14,77%,205,16%,19/02/2023,10:30
Sengoku Gaming vs. IGZIST,Challengers League Japan: Split 1,Playoffs,win,Sengoku Gaming,IGZIST,3,1,Lotus,1.16,242,10,10,1,0,83%,158,14%,19/02/2023,10:30
Crazy Raccoon vs. Sengoku Gaming,Challengers League Japan: Split 1,Main Stage,loss,Sengoku Gaming,Crazy Raccoon,0,2,Haven,1.44,327,12,10,2,+2,83%,215,28%,10/02/2023,17:30
Crazy Raccoon vs. Sengoku Gaming,Challengers League Japan: Split 1,Main Stage,loss,Sengoku Gaming,Crazy Raccoon,0,2,Fracture,1.03,254,18,20,5,-2,83%,172,19%,10/02/2023,17:30
Sengoku Gaming vs. CREST GAMING Zst,Challengers League Japan: Split 1,Main Stage,win,Sengoku Gaming,CREST GAMING Zst,2,0,Haven,1.78,383,17,6,5,+11,75%,250,16%,05/02/2023,15:00
Sengoku Gaming vs. CREST GAMING Zst,Challengers League Japan: Split 1,Main Stage,win,Sengoku Gaming,CREST GAMING Zst,2,0,Ascent,1.64,380,34,9,6,+25,74%,224,20%,05/02/2023,15:00
Sengoku Gaming vs. NORTHEPTION,Challengers League Japan: Split 1,Main Stage,loss,Sengoku Gaming,NORTHEPTION,1,2,Ascent,1.56,281,12,5,4,+7,92%,187,26%,04/02/2023,10:00
Sengoku Gaming vs. NORTHEPTION,Challengers League Japan: Split 1,Main Stage,loss,Sengoku Gaming,NORTHEPTION,1,2,Fracture,1.12,276,28,18,9,+10,90%,178,21%,04/02/2023,10:00
Sengoku Gaming vs. NORTHEPTION,Challengers League Japan: Split 1,Main Stage,loss,Sengoku Gaming,NORTHEPTION,1,2,Breeze,1.33,313,13,10,4,+3,85%,194,20%,04/02/2023,10:00
Sengoku Gaming vs. SCARZ,Challengers League Japan: Split 1,Main Stage,loss,Sengoku Gaming,SCARZ,1,2,Fracture,1.65,344,15,9,4,+6,83%,247,20%,02/02/2023,18:00
Sengoku Gaming vs. SCARZ,Challengers League Japan: Split 1,Main Stage,loss,Sengoku Gaming,SCARZ,1,2,Pearl,1.54,364,41,24,10,+17,72%,236,23%,02/02/2023,18:00
Sengoku Gaming vs. SCARZ,Challengers League Japan: Split 1,Main Stage,loss,Sengoku Gaming,SCARZ,1,2,Icebox,1.65,350,10,6,3,+4,63%,231,21%,02/02/2023,18:00
FENNEL vs. Sengoku Gaming,Challengers League Japan: Split 1,Main Stage,win,Sengoku Gaming,FENNEL,2,1,Ascent,1.36,299,13,8,6,+5,75%,193,30%,01/02/2023,15:20
FENNEL vs. Sengoku Gaming,Challengers League Japan: Split 1,Main Stage,win,Sengoku Gaming,FENNEL,2,1,Pearl,1.67,273,35,27,13,+8,74%,192,30%,01/02/2023,15:20
FENNEL vs. Sengoku Gaming,Challengers League Japan: Split 1,Main Stage,win,Sengoku Gaming,FENNEL,2,1,Fracture,1.89,338,17,10,3,+7,80%,241,32%,01/02/2023,15:20
IGZIST vs. Sengoku Gaming,Challengers League Japan: Split 1,Main Stage,win,Sengoku Gaming,IGZIST,2,0,Ascent,1.21,199,9,5,4,+4,83%,134,11%,29/01/2023,9:30
IGZIST vs. Sengoku Gaming,Challengers League Japan: Split 1,Main Stage,win,Sengoku Gaming,IGZIST,2,0,Fracture,1.27,239,20,12,4,+8,86%,158,13%,29/01/2023,9:30
Sengoku Gaming vs. REJECT,Challengers League Japan: Split 1,Main Stage,win,Sengoku Gaming,REJECT,2,0,Ascent,1.32,255,14,12,9,+2,94%,167,20%,28/01/2023,9:40
Sengoku Gaming vs. REJECT,Challengers League Japan: Split 1,Main Stage,win,Sengoku Gaming,REJECT,2,0,Fracture,1.49,287,23,18,14,+5,92%,190,17%,28/01/2023,9:40
Sengoku Gaming vs. ENTER FORCE.36,Challengers League Japan: Split 1,Open Qualifier - Group D,win,Sengoku Gaming,ENTER FORCE.36,2,0,Icebox,1.76,361,16,9,6,+7,85%,250,27%,15/01/2023,18:15
Sengoku Gaming vs. ENTER FORCE.36,Challengers League Japan: Split 1,Open Qualifier - Group D,win,Sengoku Gaming,ENTER FORCE.36,2,0,Bind,1.25,306,23,14,8,+9,77%,200,27%,15/01/2023,18:15
Sengoku Gaming vs. ENTER FORCE.36,Challengers League Japan: Split 1,Open Qualifier - Group D,win,Sengoku Gaming,ENTER FORCE.36,2,0,Pearl,2.21,426,21,4,0,+17,92%,264,25%,14/01/2023,16:00
Sengoku Gaming vs. ENTER FORCE.36,Challengers League Japan: Split 1,Open Qualifier - Group D,win,Sengoku Gaming,ENTER FORCE.36,2,0,Haven,1.76,407,33,6,2,+27,90%,260,26%,14/01/2023,16:00
thirst for victory vs. Sengoku Gaming,Challengers League Japan: Split 1,Open Qualifier - Group D,win,Sengoku Gaming,thirst for victory,2,0,Ascent,1.18,287,12,9,4,+3,83%,179,17%,13/01/2023,18:00
thirst for victory vs. Sengoku Gaming,Challengers League Japan: Split 1,Open Qualifier - Group D,win,Sengoku Gaming,thirst for victory,2,0,Bind,1.52,276,23,18,6,+5,75%,171,22%,13/01/2023,18:00
Sengoku Gaming vs. CERULEAN.EXE,Challengers League Japan: Split 1,Open Qualifier - Group D,win,Sengoku Gaming,CERULEAN.EXE,2,0,Bind,2.87,611,3,0,0,+3,100%,250,17%,13/01/2023,16:00
Sengoku Gaming vs. CERULEAN.EXE,Challengers League Japan: Split 1,Open Qualifier - Group D,win,Sengoku Gaming,CERULEAN.EXE,2,0,Pearl,1.61,418,20,5,3,+15,85%,280,34%,13/01/2023,16:00
IGZIST vs. Sengoku Gaming,Riot Games ONE Pro Invitational Online 2022,Main Event,win,Sengoku Gaming,IGZIST,2,1,Haven,1.68,287,11,8,5,+3,82%,216,23%,10/12/2022,17:00
IGZIST vs. Sengoku Gaming,Riot Games ONE Pro Invitational Online 2022,Main Event,win,Sengoku Gaming,IGZIST,2,1,Pearl,1.44,255,24,23,10,+1,75%,165,17%,10/12/2022,17:00
IGZIST vs. Sengoku Gaming,Riot Games ONE Pro Invitational Online 2022,Main Event,win,Sengoku Gaming,IGZIST,2,1,Ascent,0.97,229,6,7,2,-1,63%,139,6%,10/12/2022,17:00
BLUE BEES.ESP vs. Sengoku Gaming,Champions Tour Japan Stage 2: Challengers Playoffs,Main Event,loss,Sengoku Gaming,BLUE BEES.ESP,0,2,Bind,0.74,140,7,8,1,-1,58%,82,25%,11/06/2022,13:00
BLUE BEES.ESP vs. Sengoku Gaming,Champions Tour Japan Stage 2: Challengers Playoffs,Main Event,loss,Sengoku Gaming,BLUE BEES.ESP,0,2,Haven,0.83,210,17,13,1,+4,62%,132,24%,11/06/2022,13:00
Sengoku Gaming vs. FAV gaming,Champions Tour Japan Stage 2: Challengers Playoffs,Main Event,loss,Sengoku Gaming,FAV gaming,0,2,Icebox,1.39,317,12,11,1,+1,67%,209,23%,10/06/2022,18:20
Sengoku Gaming vs. FAV gaming,Champions Tour Japan Stage 2: Challengers Playoffs,Main Event,loss,Sengoku Gaming,FAV gaming,0,2,Breeze,1.09,320,26,19,1,+7,71%,202,19%,10/06/2022,18:20
Sengoku Gaming vs. Jadeite,Champions Tour Japan Stage 2: Challengers Week 2,Main Event,win,Sengoku Gaming,Jadeite,2,0,Icebox,2.02,365,5,2,1,+3,100%,227,7%,04/06/2022,18:00
Sengoku Gaming vs. Jadeite,Champions Tour Japan Stage 2: Challengers Week 2,Main Event,win,Sengoku Gaming,Jadeite,2,0,Bind,1.59,275,16,7,3,+9,88%,182,17%,04/06/2022,18:00
REIGNITE vs. Sengoku Gaming,Champions Tour Japan Stage 2: Challengers Week 2,Main Event,win,Sengoku Gaming,REIGNITE,2,1,Icebox,0.61,128,6,8,0,-2,58%,88,7%,04/06/2022,12:00
REIGNITE vs. Sengoku Gaming,Champions Tour Japan Stage 2: Challengers Week 2,Main Event,win,Sengoku Gaming,REIGNITE,2,1,Haven,0.90,198,26,22,3,+4,75%,134,9%,04/06/2022,12:00
REIGNITE vs. Sengoku Gaming,Champions Tour Japan Stage 2: Challengers Week 2,Main Event,win,Sengoku Gaming,REIGNITE,2,1,Split,0.86,150,6,6,1,0,83%,102,4%,04/06/2022,12:00
Sengoku Gaming vs. DeToNator,Champions Tour Japan Stage 2: Challengers Week 2,Open Qualifier,win,Sengoku Gaming,DeToNator,2,1,Icebox,0.83,182,8,10,0,-2,58%,138,27%,28/05/2022,16:30
Sengoku Gaming vs. DeToNator,Champions Tour Japan Stage 2: Challengers Week 2,Open Qualifier,win,Sengoku Gaming,DeToNator,2,1,Haven,1.21,316,40,27,7,+13,78%,206,27%,28/05/2022,16:30
Sengoku Gaming vs. DeToNator,Champions Tour Japan Stage 2: Challengers Week 2,Open Qualifier,win,Sengoku Gaming,DeToNator,2,1,Breeze,2.39,496,21,7,4,+14,100%,323,23%,28/05/2022,16:30
Sengoku Gaming vs. ShikouKouketsu,Champions Tour Japan Stage 2: Challengers Week 2,Open Qualifier,win,Sengoku Gaming,ShikouKouketsu,2,0,Breeze,0.68,197,5,7,0,-2,25%,119,46%,26/05/2022,20:00
Sengoku Gaming vs. ShikouKouketsu,Champions Tour Japan Stage 2: Challengers Week 2,Open Qualifier,win,Sengoku Gaming,ShikouKouketsu,2,0,Haven,1.40,223,13,13,1,0,50%,139,31%,26/05/2022,20:00
Sengoku Gaming vs. Ark5,Champions Tour Japan Stage 2: Challengers Week 2,Open Qualifier,win,Sengoku Gaming,Ark5,2,0,Icebox,1.07,215,5,4,1,+1,83%,138,56%,26/05/2022,17:00
Sengoku Gaming vs. Ark5,Champions Tour Japan Stage 2: Challengers Week 2,Open Qualifier,win,Sengoku Gaming,Ark5,2,0,Split,1.51,365,22,11,6,+11,94%,231,19%,26/05/2022,17:00
CREST GAMING Zst vs. Sengoku Gaming,Champions Tour Japan Stage 2: Challengers Week 1,Open Qualifier,loss,Sengoku Gaming,CREST GAMING Zst,0,2,Icebox,0.05,69,1,6,1,-5,33%,61,40%,15/05/2022,15:05
CREST GAMING Zst vs. Sengoku Gaming,Champions Tour Japan Stage 2: Challengers Week 1,Open Qualifier,loss,Sengoku Gaming,CREST GAMING Zst,0,2,Bind,1.01,246,14,14,5,0,67%,162,20%,15/05/2022,15:05
iXA vs. Sengoku Gaming,Champions Tour Japan Stage 2: Challengers Week 1,Open Qualifier,win,Sengoku Gaming,iXA,2,0,Icebox,1.10,200,6,5,3,+1,100%,142,20%,12/05/2022,18:00
iXA vs. Sengoku Gaming,Champions Tour Japan Stage 2: Challengers Week 1,Open Qualifier,win,Sengoku Gaming,iXA,2,0,Split,1.05,224,18,11,3,+7,91%,148,22%,12/05/2022,18:00
AriaSheeP vs. Sengoku Gaming,Champions Tour Japan Stage 2: Challengers Week 1,Open Qualifier,win,Sengoku Gaming,AriaSheeP,2,0,Ascent,0.94,343,2,2,2,0,50%,231,11%,10/05/2022,18:00
AriaSheeP vs. Sengoku Gaming,Champions Tour Japan Stage 2: Challengers Week 1,Open Qualifier,win,Sengoku Gaming,AriaSheeP,2,0,Bind,1.84,383,18,9,6,+9,86%,252,15%,10/05/2022,18:00
FAV gaming vs. BLUE BEES.ESP,Champions Tour Japan Stage 1: Challengers Week 2,Main Event,loss,BLUE BEES.ESP,FAV gaming,0,2,Split,1.44,273,10,7,1,+3,70%,166,38%,12/03/2022,12:00
FAV gaming vs. BLUE BEES.ESP,Champions Tour Japan Stage 1: Challengers Week 2,Main Event,loss,BLUE BEES.ESP,FAV gaming,0,2,Breeze,1.23,278,18,13,3,+5,68%,171,29%,12/03/2022,12:00
REJECT vs. BLUE BEES.ESP,Champions Tour Japan Stage 1: Challengers Week 1,Main Event,loss,BLUE BEES.ESP,REJECT,1,2,Split,1.73,304,7,1,1,+6,86%,165,0%,26/02/2022,15:30
REJECT vs. BLUE BEES.ESP,Champions Tour Japan Stage 1: Challengers Week 1,Main Event,loss,BLUE BEES.ESP,REJECT,1,2,Breeze,1.32,270,29,16,3,+13,71%,160,16%,26/02/2022,15:30
REJECT vs. BLUE BEES.ESP,Champions Tour Japan Stage 1: Challengers Week 1,Main Event,loss,BLUE BEES.ESP,REJECT,1,2,Haven,1.50,299,13,5,2,+8,83%,194,21%,26/02/2022,15:30
SCARZ vs. BLUE BEES.ESP,Champions Tour Japan Stage 1: Challengers Week 1,Open Qualifier,win,BLUE BEES.ESP,SCARZ,2,0,Ascent,1.96,348,9,3,1,+6,100%,205,10%,19/02/2022,18:00
SCARZ vs. BLUE BEES.ESP,Champions Tour Japan Stage 1: Challengers Week 1,Open Qualifier,win,BLUE BEES.ESP,SCARZ,2,0,Haven,1.00,279,17,7,3,+10,94%,178,13%,19/02/2022,18:00
BLUE BEES.ESP vs. looking for a name,Champions Tour Japan Stage 1: Challengers Week 1,Open Qualifier,win,BLUE BEES.ESP,looking for a name,2,0,Bind,1.13,226,10,9,4,+1,67%,136,30%,17/02/2022,18:00
BLUE BEES.ESP vs. looking for a name,Champions Tour Japan Stage 1: Challengers Week 1,Open Qualifier,win,BLUE BEES.ESP,looking for a name,2,0,Split,1.27,236,14,11,4,+3,69%,141,36%,17/02/2022,18:00
Big Bang vs. BLUE BEES.ESP,UTAGE Season 3,Main Event,win,BLUE BEES.ESP,Big Bang,2,1,Split,1.41,307,10,7,3,+3,80%,199,16%,21/10/2021,18:00
Big Bang vs. BLUE BEES.ESP,UTAGE Season 3,Main Event,win,BLUE BEES.ESP,Big Bang,2,1,Icebox,1.14,254,30,25,5,+5,71%,167,16%,21/10/2021,18:00
Big Bang vs. BLUE BEES.ESP,UTAGE Season 3,Main Event,win,BLUE BEES.ESP,Big Bang,2,1,Bind,1.23,259,11,10,0,+1,58%,145,12%,21/10/2021,18:00
FAV gaming vs. BLUE BEES.ESP,UTAGE Season 3,Main Event,win,BLUE BEES.ESP,FAV gaming,2,1,Split,1.26,249,8,5,0,+3,63%,170,18%,20/10/2021,19:30
FAV gaming vs. BLUE BEES.ESP,UTAGE Season 3,Main Event,win,BLUE BEES.ESP,FAV gaming,2,1,Ascent,1.19,260,31,22,2,+9,69%,151,13%,20/10/2021,19:30
FAV gaming vs. BLUE BEES.ESP,UTAGE Season 3,Main Event,win,BLUE BEES.ESP,FAV gaming,2,1,Haven,1.05,240,11,9,1,+2,58%,136,12%,20/10/2021,19:30
iXA vs. BLUE BEES.ESP,UTAGE Season 3,Main Event,win,BLUE BEES.ESP,iXA,2,1,Split,0.47,136,5,9,1,-4,58%,107,15%,19/10/2021,18:30
iXA vs. BLUE BEES.ESP,UTAGE Season 3,Main Event,win,BLUE BEES.ESP,iXA,2,1,Ascent,0.89,221,28,23,3,+5,71%,143,12%,19/10/2021,18:30
iXA vs. BLUE BEES.ESP,UTAGE Season 3,Main Event,win,BLUE BEES.ESP,iXA,2,1,Bind,1.39,271,11,8,1,+3,91%,170,13%,19/10/2021,18:30
BLUE BEES.ESP vs. Stella,UTAGE Season 3,Main Event,win,BLUE BEES.ESP,Stella,1,0,Ascent,1.05,200,10,5,0,+5,58%,132,27%,19/10/2021,17:00
FENNEL vs. Insomnia,Champions Tour Japan Stage 3: Challengers Playoffs,Main Event,loss,Insomnia,FENNEL,0,2,Bind,1.19,250,11,10,2,+1,67%,157,21%,14/08/2021,10:00
FENNEL vs. Insomnia,Champions Tour Japan Stage 3: Challengers Playoffs,Main Event,loss,Insomnia,FENNEL,0,2,Icebox,1.07,211,14,17,3,-3,63%,134,22%,14/08/2021,10:00
Insomnia vs. REJECT,Champions Tour Japan Stage 3: Challengers Playoffs,Main Event,win,Insomnia,REJECT,2,1,Icebox,2.18,377,17,5,1,+12,83%,231,25%,13/08/2021,10:00
Insomnia vs. REJECT,Champions Tour Japan Stage 3: Challengers Playoffs,Main Event,win,Insomnia,REJECT,2,1,Ascent,1.30,276,40,20,2,+20,73%,158,23%,13/08/2021,10:00
Insomnia vs. REJECT,Champions Tour Japan Stage 3: Challengers Playoffs,Main Event,win,Insomnia,REJECT,2,1,Bind,1.74,328,17,6,0,+11,75%,162,18%,13/08/2021,10:00
ZETA DIVISION vs. Insomnia,Champions Tour Japan Stage 3: Challengers Playoffs,Main Event,loss,Insomnia,ZETA DIVISION,0,2,Icebox,1.34,329,8,6,1,+2,86%,190,27%,12/08/2021,10:00
ZETA DIVISION vs. Insomnia,Champions Tour Japan Stage 3: Challengers Playoffs,Main Event,loss,Insomnia,ZETA DIVISION,0,2,Bind,1.06,209,13,19,1,-6,53%,122,32%,12/08/2021,10:00
SETOUCHI ENLIFE vs. Insomnia,Champions Tour Japan Stage 3: Challengers 2,Main Event,win,Insomnia,SETOUCHI ENLIFE,2,0,Icebox,0.55,114,4,7,1,-3,70%,64,50%,23/07/2021,17:25
SETOUCHI ENLIFE vs. Insomnia,Champions Tour Japan Stage 3: Challengers 2,Main Event,win,Insomnia,SETOUCHI ENLIFE,2,0,Ascent,0.67,156,12,15,3,-3,64%,94,14%,23/07/2021,17:25
REJECT vs. Insomnia,Champions Tour Japan Stage 3: Challengers 2,Main Event,loss,Insomnia,REJECT,0,2,Haven,1.42,237,12,7,2,+5,42%,142,21%,23/07/2021,15:00
REJECT vs. Insomnia,Champions Tour Japan Stage 3: Challengers 2,Main Event,loss,Insomnia,REJECT,0,2,Icebox,1.49,323,28,18,5,+10,63%,204,25%,23/07/2021,15:00
Storks Phalanx vs. Insomnia,Champions Tour Japan Stage 3: Challengers 2,Main Event,win,Insomnia,Storks Phalanx,2,0,Ascent,2.85,525,24,4,5,+20,92%,340,26%,23/07/2021,11:00
Storks Phalanx vs. Insomnia,Champions Tour Japan Stage 3: Challengers 2,Main Event,win,Insomnia,Storks Phalanx,2,0,Haven,1.59,389,33,13,8,+20,91%,234,23%,23/07/2021,11:00
Insomnia vs. Hexad,Champions Tour Japan Stage 3: Challengers 2,Open Qualifier,win,Insomnia,Hexad,1,0,Haven,2.30,499,21,6,6,+15,92%,289,18%,17/07/2021,16:30
Insomnia vs. NEXUS,Champions Tour Japan Stage 3: Challengers 2,Open Qualifier,win,Insomnia,NEXUS,1,0,Icebox,1.69,377,17,6,0,+11,75%,208,34%,17/07/2021,15:20
narrative vs. Insomnia,Champions Tour Japan Stage 3: Challengers 2,Open Qualifier,win,Insomnia,narrative,1,0,Haven,1.09,360,4,3,2,+1,100%,120,4%,17/07/2021,14:10
Break 7 vs. Insomnia,Champions Tour Japan Stage 3: Challengers 2,Open Qualifier,win,Insomnia,Break 7,1,0,Haven,1.71,295,6,2,2,+4,80%,118,44%,17/07/2021,12:55
Run it Back vs. Insomnia,Champions Tour Japan Stage 3: Challengers 2,Open Qualifier,win,Insomnia,Run it Back,1,0,Haven,2.12,408,12,4,2,+8,88%,169,21%,17/07/2021,10:30
Insomnia vs. INREGS,Champions Tour Japan Stage 3: Challengers 1,Open Qualifier,win,Insomnia,INREGS,1,0,Haven,1.53,361,16,10,1,+6,75%,243,32%,04/07/2021,17:40
Insomnia vs. SchwarzerLand,Champions Tour Japan Stage 3: Challengers 1,Open Qualifier,win,Insomnia,SchwarzerLand,1,0,Haven,1.74,413,14,8,2,+6,80%,201,10%,04/07/2021,16:30
BLUE BEES.ESP vs. Insomnia,Champions Tour Japan Stage 3: Challengers 1,Open Qualifier,loss,Insomnia,BLUE BEES.ESP,0,1,Icebox,0.51,156,5,12,5,-7,62%,113,19%,04/07/2021,14:10
no name vs. Insomnia,Champions Tour Japan Stage 3: Challengers 1,Open Qualifier,loss,Insomnia,no name,0,1,Ascent,1.35,251,13,8,2,+5,62%,176,43%,04/07/2021,13:00
Icicle Conflict vs. Insomnia,Champions Tour Japan Stage 3: Challengers 1,Open Qualifier,loss,Insomnia,Icicle Conflict,0,1,Bind,1.20,187,7,3,0,+4,63%,93,7%,04/07/2021,11:50
