Paper Rex vs. Global Esports,Champions Tour 2025: Pacific Stage 1,Group Stage,win,Paper Rex,Global Esports,2,0,Split,0.86,211,9,9,0,0,58%,129,24%,19/04/2025,15:00
Paper Rex vs. Global Esports,Champions Tour 2025: Pacific Stage 1,Group Stage,win,Paper Rex,Global Esports,2,0,Lotus,1.36,233,21,16,3,+5,63%,157,24%,19/04/2025,15:00
DetonatioN FocusMe vs. Paper Rex,Champions Tour 2025: Pacific Stage 1,Group Stage,win,Paper Rex,DetonatioN FocusMe,2,1,Ascent,1.98,313,15,5,8,+10,92%,250,52%,14/04/2025,17:10
DetonatioN FocusMe vs. Paper Rex,Champions Tour 2025: Pacific Stage 1,Group Stage,win,Paper Rex,DetonatioN FocusMe,2,1,Lotus,1.39,302,37,17,14,+20,84%,201,33%,14/04/2025,17:10
DetonatioN FocusMe vs. Paper Rex,Champions Tour 2025: Pacific Stage 1,Group Stage,win,Paper Rex,DetonatioN FocusMe,2,1,Pearl,1.66,276,6,5,4,+1,75%,167,25%,14/04/2025,17:10
Paper Rex vs. BOOM Esports,Champions Tour 2025: Pacific Stage 1,Group Stage,loss,Paper Rex,BOOM Esports,1,2,Ascent,1.31,183,9,5,5,+4,83%,134,30%,06/04/2025,15:00
Paper Rex vs. BOOM Esports,Champions Tour 2025: Pacific Stage 1,Group Stage,loss,Paper Rex,BOOM Esports,1,2,Fracture,1.16,231,29,22,12,+7,83%,165,31%,06/04/2025,15:00
Paper Rex vs. BOOM Esports,Champions Tour 2025: Pacific Stage 1,Group Stage,loss,Paper Rex,BOOM Esports,1,2,Pearl,1.56,323,14,8,3,+6,92%,221,34%,06/04/2025,15:00
Gen.G vs. Paper Rex,Champions Tour 2025: Pacific Stage 1,Group Stage,loss,Paper Rex,Gen.G,1,2,Lotus,0.75,103,4,7,1,-3,64%,77,23%,30/03/2025,15:00
Gen.G vs. Paper Rex,Champions Tour 2025: Pacific Stage 1,Group Stage,loss,Paper Rex,Gen.G,1,2,Fracture,0.91,217,26,26,11,0,77%,134,25%,30/03/2025,15:00
Gen.G vs. Paper Rex,Champions Tour 2025: Pacific Stage 1,Group Stage,loss,Paper Rex,Gen.G,1,2,Haven,1.90,366,15,8,6,+7,92%,213,29%,30/03/2025,15:00
DRX vs. Paper Rex,Champions Tour 2025: Pacific Stage 1,Group Stage,loss,Paper Rex,DRX,1,2,Haven,0.47,99,3,6,2,-3,80%,79,27%,23/03/2025,15:00
DRX vs. Paper Rex,Champions Tour 2025: Pacific Stage 1,Group Stage,loss,Paper Rex,DRX,1,2,Icebox,1.08,182,20,24,8,-4,68%,124,34%,23/03/2025,15:00
DRX vs. Paper Rex,Champions Tour 2025: Pacific Stage 1,Group Stage,loss,Paper Rex,DRX,1,2,Lotus,0.95,202,8,9,3,-1,58%,126,23%,23/03/2025,15:00
DetonatioN FocusMe vs. Paper Rex,Champions Tour 2025: Pacific Kickoff,Main Event,loss,Paper Rex,DetonatioN FocusMe,0,2,Abyss,1.02,197,8,7,2,+1,73%,131,57%,01/02/2025,19:10
DetonatioN FocusMe vs. Paper Rex,Champions Tour 2025: Pacific Kickoff,Main Event,loss,Paper Rex,DetonatioN FocusMe,0,2,Pearl,0.78,219,16,18,7,-2,57%,151,37%,01/02/2025,19:10
Paper Rex vs. ZETA DIVISION,Champions Tour 2025: Pacific Kickoff,Main Event,win,Paper Rex,ZETA DIVISION,2,0,Lotus,0.72,121,3,4,0,-1,83%,85,50%,26/01/2025,18:00
Paper Rex vs. ZETA DIVISION,Champions Tour 2025: Pacific Kickoff,Main Event,win,Paper Rex,ZETA DIVISION,2,0,Fracture,1.20,192,13,11,2,+2,83%,143,21%,26/01/2025,18:00
Paper Rex vs. T1,Champions Tour 2025: Pacific Kickoff,Main Event,loss,Paper Rex,T1,1,2,Bind,1.02,263,10,11,0,-1,50%,159,12%,20/01/2025,18:15
Paper Rex vs. T1,Champions Tour 2025: Pacific Kickoff,Main Event,loss,Paper Rex,T1,1,2,Fracture,1.09,242,30,26,4,+4,64%,150,15%,20/01/2025,18:15
Paper Rex vs. T1,Champions Tour 2025: Pacific Kickoff,Main Event,loss,Paper Rex,T1,1,2,Split,1.68,286,13,6,0,+7,83%,164,18%,20/01/2025,18:15
Xipto x Global Esports vs. Paper Rex x Spotlight Series,VCT OFF//SEASON Spotlight Series 2024: Pacific,Main Event,win,Paper Rex x Spotlight Series,Xipto x Global Esports,3,0,Pearl,2.13,455,19,7,5,+12,83%,260,51%,22/12/2024,17:00
Xipto x Global Esports vs. Paper Rex x Spotlight Series,VCT OFF//SEASON Spotlight Series 2024: Pacific,Main Event,win,Paper Rex x Spotlight Series,Xipto x Global Esports,3,0,Bind,1.19,303,35,21,9,+14,76%,183,33%,22/12/2024,17:00
Xipto x Global Esports vs. Paper Rex x Spotlight Series,VCT OFF//SEASON Spotlight Series 2024: Pacific,Main Event,win,Paper Rex x Spotlight Series,Xipto x Global Esports,3,0,Ascent,2.14,360,12,3,2,+9,100%,224,21%,22/12/2024,17:00
Paper Rex x Spotlight Series vs. ZETA DIVISION GC,VCT OFF//SEASON Spotlight Series 2024: Pacific,Main Event,win,Paper Rex x Spotlight Series,ZETA DIVISION GC,2,0,Sunset,1.36,339,7,4,2,+3,83%,245,33%,21/12/2024,17:00
Paper Rex x Spotlight Series vs. ZETA DIVISION GC,VCT OFF//SEASON Spotlight Series 2024: Pacific,Main Event,win,Paper Rex x Spotlight Series,ZETA DIVISION GC,2,0,Bind,1.14,229,14,11,4,+3,72%,168,36%,21/12/2024,17:00
Paper Rex x Spotlight Series vs. DRX Changers,VCT OFF//SEASON Spotlight Series 2024: Pacific,Main Event,win,Paper Rex x Spotlight Series,DRX Changers,2,0,Sunset,1.43,294,10,6,3,+4,78%,212,47%,20/12/2024,17:00
Paper Rex x Spotlight Series vs. DRX Changers,VCT OFF//SEASON Spotlight Series 2024: Pacific,Main Event,win,Paper Rex x Spotlight Series,DRX Changers,2,0,Ascent,1.38,244,19,13,5,+6,76%,189,37%,20/12/2024,17:00
Paper Rex x Spotlight Series vs. Xipto x Global Esports,VCT OFF//SEASON Spotlight Series 2024: Pacific,Main Event,loss,Paper Rex x Spotlight Series,Xipto x Global Esports,0,2,Split,0.45,152,4,12,1,-8,33%,120,23%,19/12/2024,17:00
Paper Rex x Spotlight Series vs. Xipto x Global Esports,VCT OFF//SEASON Spotlight Series 2024: Pacific,Main Event,loss,Paper Rex x Spotlight Series,Xipto x Global Esports,0,2,Ascent,0.86,157,11,24,2,-13,42%,114,30%,19/12/2024,17:00
EDward Gaming vs. Paper Rex,Valorant Champions 2024,Group Stage,loss,Paper Rex,EDward Gaming,1,2,Icebox,0.71,152,2,3,1,-1,75%,115,8%,11/08/2024,17:15
EDward Gaming vs. Paper Rex,Valorant Champions 2024,Group Stage,loss,Paper Rex,EDward Gaming,1,2,Sunset,0.81,250,21,21,9,0,68%,171,14%,11/08/2024,17:15
EDward Gaming vs. Paper Rex,Valorant Champions 2024,Group Stage,loss,Paper Rex,EDward Gaming,1,2,Lotus,1.22,258,10,8,3,+2,67%,159,16%,11/08/2024,17:15
FUT Esports vs. Paper Rex,Valorant Champions 2024,Group Stage,win,Paper Rex,FUT Esports,2,0,Sunset,1.04,197,7,8,4,-1,58%,133,23%,09/08/2024,17:25
FUT Esports vs. Paper Rex,Valorant Champions 2024,Group Stage,win,Paper Rex,FUT Esports,2,0,Bind,1.16,228,18,15,6,+3,67%,142,27%,09/08/2024,17:25
G2 Esports vs. Paper Rex,Valorant Champions 2024,Group Stage,loss,Paper Rex,G2 Esports,0,2,Icebox,1.25,242,10,8,5,+2,75%,162,36%,04/08/2024,15:00
G2 Esports vs. Paper Rex,Valorant Champions 2024,Group Stage,loss,Paper Rex,G2 Esports,0,2,Lotus,0.79,232,17,17,11,0,77%,155,22%,04/08/2024,15:00
DRX vs. Paper Rex,Champions Tour 2024: Pacific Stage 2,Playoffs,loss,Paper Rex,DRX,2,3,Abyss,1.54,276,9,3,0,+6,75%,177,42%,20/07/2024,15:00
DRX vs. Paper Rex,Champions Tour 2024: Pacific Stage 2,Playoffs,loss,Paper Rex,DRX,2,3,Lotus,0.86,204,39,36,10,+3,71%,141,24%,20/07/2024,15:00
DRX vs. Paper Rex,Champions Tour 2024: Pacific Stage 2,Playoffs,loss,Paper Rex,DRX,2,3,Bind,1.29,263,12,7,2,+5,83%,172,17%,20/07/2024,15:00
DRX vs. Paper Rex,Champions Tour 2024: Pacific Stage 2,Playoffs,loss,Paper Rex,DRX,2,3,Icebox,0.57,105,4,7,2,-3,73%,83,22%,20/07/2024,15:00
DRX vs. Paper Rex,Champions Tour 2024: Pacific Stage 2,Playoffs,loss,Paper Rex,DRX,2,3,Ascent,1.22,246,11,8,1,+3,75%,167,40%,20/07/2024,15:00
Paper Rex vs. TALON,Champions Tour 2024: Pacific Stage 2,Playoffs,win,Paper Rex,TALON,2,0,Ascent,1.17,227,10,7,2,+3,75%,167,17%,14/07/2024,18:15
Paper Rex vs. TALON,Champions Tour 2024: Pacific Stage 2,Playoffs,win,Paper Rex,TALON,2,0,Sunset,1.27,212,13,10,2,+3,75%,149,15%,14/07/2024,18:15
Paper Rex vs. Gen.G,Champions Tour 2024: Pacific Stage 2,Playoffs,loss,Paper Rex,Gen.G,0,2,Ascent,0.49,154,5,9,0,-4,45%,110,13%,13/07/2024,15:00
Paper Rex vs. Gen.G,Champions Tour 2024: Pacific Stage 2,Playoffs,loss,Paper Rex,Gen.G,0,2,Icebox,0.92,112,6,15,0,-9,47%,77,12%,13/07/2024,15:00
Paper Rex vs. ZETA DIVISION,Champions Tour 2024: Pacific Stage 2,Regular Season,win,Paper Rex,ZETA DIVISION,2,1,Ascent,0.34,128,3,10,7,-7,70%,86,10%,07/07/2024,18:00
Paper Rex vs. ZETA DIVISION,Champions Tour 2024: Pacific Stage 2,Regular Season,win,Paper Rex,ZETA DIVISION,2,1,Lotus,1.14,184,17,25,11,-8,77%,120,16%,07/07/2024,18:00
Paper Rex vs. ZETA DIVISION,Champions Tour 2024: Pacific Stage 2,Regular Season,win,Paper Rex,ZETA DIVISION,2,1,Sunset,0.88,242,6,7,3,-1,89%,159,20%,07/07/2024,18:00
Paper Rex vs. Rex Regum Qeon,Champions Tour 2024: Pacific Stage 2,Regular Season,win,Paper Rex,Rex Regum Qeon,2,1,Lotus,0.64,251,9,12,7,-3,83%,149,9%,05/07/2024,15:00
Paper Rex vs. Rex Regum Qeon,Champions Tour 2024: Pacific Stage 2,Regular Season,win,Paper Rex,Rex Regum Qeon,2,1,Ascent,0.95,299,31,30,18,+1,87%,188,15%,05/07/2024,15:00
Paper Rex vs. Rex Regum Qeon,Champions Tour 2024: Pacific Stage 2,Regular Season,win,Paper Rex,Rex Regum Qeon,2,1,Sunset,1.41,386,10,9,7,+1,88%,234,16%,05/07/2024,15:00
Paper Rex vs. DetonatioN FocusMe,Champions Tour 2024: Pacific Stage 2,Regular Season,win,Paper Rex,DetonatioN FocusMe,2,0,Icebox,0.97,231,5,3,0,+2,80%,129,40%,01/07/2024,15:00
Paper Rex vs. DetonatioN FocusMe,Champions Tour 2024: Pacific Stage 2,Regular Season,win,Paper Rex,DetonatioN FocusMe,2,0,Sunset,1.26,345,22,10,2,+12,71%,211,31%,01/07/2024,15:00
Paper Rex vs. DRX,Champions Tour 2024: Pacific Stage 2,Regular Season,win,Paper Rex,DRX,2,1,Split,0.82,209,4,4,2,0,100%,131,10%,22/06/2024,18:50
Paper Rex vs. DRX,Champions Tour 2024: Pacific Stage 2,Regular Season,win,Paper Rex,DRX,2,1,Haven,1.02,156,12,16,8,-4,80%,98,22%,22/06/2024,18:50
Paper Rex vs. DRX,Champions Tour 2024: Pacific Stage 2,Regular Season,win,Paper Rex,DRX,2,1,Icebox,0.30,131,4,8,1,-4,67%,86,44%,22/06/2024,18:50
Paper Rex vs. TALON,Champions Tour 2024: Pacific Stage 2,Regular Season,win,Paper Rex,TALON,2,0,Icebox,1.45,158,3,1,2,+2,100%,96,10%,16/06/2024,18:30
Paper Rex vs. TALON,Champions Tour 2024: Pacific Stage 2,Regular Season,win,Paper Rex,TALON,2,0,Sunset,1.25,239,10,6,7,+4,92%,158,14%,16/06/2024,18:30
Paper Rex vs. Gen.G,Champions Tour 2024: Pacific Stage 1,Playoffs,win,Paper Rex,Gen.G,3,2,Lotus,0.52,167,5,8,0,-3,50%,117,11%,12/05/2024,15:00
Paper Rex vs. Gen.G,Champions Tour 2024: Pacific Stage 1,Playoffs,win,Paper Rex,Gen.G,3,2,Sunset,1.13,240,42,39,11,+3,72%,163,20%,12/05/2024,15:00
Paper Rex vs. Gen.G,Champions Tour 2024: Pacific Stage 1,Playoffs,win,Paper Rex,Gen.G,3,2,Icebox,1.26,304,12,9,3,+3,83%,196,24%,12/05/2024,15:00
Paper Rex vs. Gen.G,Champions Tour 2024: Pacific Stage 1,Playoffs,win,Paper Rex,Gen.G,3,2,Bind,0.84,187,7,10,3,-3,67%,131,31%,12/05/2024,15:00
Paper Rex vs. Gen.G,Champions Tour 2024: Pacific Stage 1,Playoffs,win,Paper Rex,Gen.G,3,2,Split,1.69,336,12,7,3,+5,80%,233,22%,12/05/2024,15:00
T1 vs. Paper Rex,Champions Tour 2024: Pacific Stage 1,Playoffs,win,Paper Rex,T1,2,0,Lotus,0.12,45,1,3,0,-2,50%,35,0%,05/05/2024,15:00
T1 vs. Paper Rex,Champions Tour 2024: Pacific Stage 1,Playoffs,win,Paper Rex,T1,2,0,Sunset,1.45,151,9,10,2,-1,81%,102,10%,05/05/2024,15:00
DRX vs. Paper Rex,Champions Tour 2024: Pacific Stage 1,Playoffs,win,Paper Rex,DRX,2,1,Lotus,0.90,188,8,9,2,-1,83%,124,20%,04/05/2024,18:10
DRX vs. Paper Rex,Champions Tour 2024: Pacific Stage 1,Playoffs,win,Paper Rex,DRX,2,1,Ascent,1.09,258,29,20,5,+9,77%,172,28%,04/05/2024,18:10
DRX vs. Paper Rex,Champions Tour 2024: Pacific Stage 1,Playoffs,win,Paper Rex,DRX,2,1,Bind,1.42,309,13,7,3,+6,75%,204,34%,04/05/2024,18:10
Paper Rex vs. TALON,Champions Tour 2024: Pacific Stage 1,Playoffs,win,Paper Rex,TALON,2,1,Sunset,1.32,250,20,16,5,+4,80%,167,19%,03/05/2024,17:10
Paper Rex vs. TALON,Champions Tour 2024: Pacific Stage 1,Playoffs,win,Paper Rex,TALON,2,1,Bind,1.31,284,11,7,4,+4,75%,206,17%,03/05/2024,17:10
BLEED vs. Paper Rex,Champions Tour 2024: Pacific Stage 1,Regular Season,win,Paper Rex,BLEED,2,0,Ascent,0.65,147,6,9,5,-3,92%,121,17%,27/04/2024,15:00
BLEED vs. Paper Rex,Champions Tour 2024: Pacific Stage 1,Regular Season,win,Paper Rex,BLEED,2,0,Bind,0.79,147,11,19,8,-8,75%,115,15%,27/04/2024,15:00
Global Esports vs. Paper Rex,Champions Tour 2024: Pacific Stage 1,Regular Season,win,Paper Rex,Global Esports,2,0,Sunset,1.96,372,7,3,0,+4,60%,256,40%,23/04/2024,17:50
Global Esports vs. Paper Rex,Champions Tour 2024: Pacific Stage 1,Regular Season,win,Paper Rex,Global Esports,2,0,Icebox,1.37,352,16,8,8,+8,77%,230,29%,23/04/2024,17:50
Team Secret vs. Paper Rex,Champions Tour 2024: Pacific Stage 1,Regular Season,loss,Paper Rex,Team Secret,0,2,Icebox,0.87,291,10,10,3,0,80%,185,29%,21/04/2024,18:00
Team Secret vs. Paper Rex,Champions Tour 2024: Pacific Stage 1,Regular Season,loss,Paper Rex,Team Secret,0,2,Sunset,0.59,217,16,21,7,-5,82%,140,21%,21/04/2024,18:00
Gen.G vs. Paper Rex,Champions Tour 2024: Pacific Stage 1,Regular Season,win,Paper Rex,Gen.G,2,1,Lotus,0.82,230,9,12,1,-3,58%,143,17%,13/04/2024,15:00
Gen.G vs. Paper Rex,Champions Tour 2024: Pacific Stage 1,Regular Season,win,Paper Rex,Gen.G,2,1,Icebox,0.99,221,31,23,7,+8,69%,150,24%,13/04/2024,15:00
Gen.G vs. Paper Rex,Champions Tour 2024: Pacific Stage 1,Regular Season,win,Paper Rex,Gen.G,2,1,Bind,1.57,228,12,5,4,+7,83%,165,33%,13/04/2024,15:00
T1 vs. Paper Rex,Champions Tour 2024: Pacific Stage 1,Regular Season,win,Paper Rex,T1,2,0,Lotus,1.61,268,11,4,2,+7,91%,193,32%,07/04/2024,18:15
T1 vs. Paper Rex,Champions Tour 2024: Pacific Stage 1,Regular Season,win,Paper Rex,T1,2,0,Bind,1.16,270,23,13,7,+10,96%,185,15%,07/04/2024,18:15
Sentinels vs. Paper Rex,AfreecaTV Valorant League,Playoffs,loss,Paper Rex,Sentinels,0,3,Split,0.58,243,6,8,2,-2,88%,181,21%,10/12/2023,16:25
Sentinels vs. Paper Rex,AfreecaTV Valorant League,Playoffs,loss,Paper Rex,Sentinels,0,3,Sunset,0.75,242,14,16,6,-2,79%,171,20%,10/12/2023,16:25
Sentinels vs. Paper Rex,AfreecaTV Valorant League,Playoffs,loss,Paper Rex,Sentinels,0,3,Breeze,0.96,242,8,8,4,0,73%,163,20%,10/12/2023,16:25
T1 vs. Paper Rex,AfreecaTV Valorant League,Playoffs,win,Paper Rex,T1,2,0,Sunset,1.89,318,14,6,2,+8,75%,209,26%,09/12/2023,19:00
T1 vs. Paper Rex,AfreecaTV Valorant League,Playoffs,win,Paper Rex,T1,2,0,Lotus,1.55,318,14,6,2,+8,75%,209,26%,09/12/2023,19:00
Paper Rex vs. FULL SENSE,AfreecaTV Valorant League,Group Stage,win,Paper Rex,FULL SENSE,2,0,Haven,1.39,265,17,11,3,+6,65%,177,31%,07/12/2023,15:00
Paper Rex vs. FULL SENSE,AfreecaTV Valorant League,Group Stage,win,Paper Rex,FULL SENSE,2,0,Sunset,1.22,238,22,16,5,+6,71%,162,32%,07/12/2023,15:00
Sentinels vs. Paper Rex,AfreecaTV Valorant League,Group Stage,loss,Paper Rex,Sentinels,1,2,Sunset,1.22,201,16,16,2,0,59%,137,30%,05/12/2023,15:00
Sentinels vs. Paper Rex,AfreecaTV Valorant League,Group Stage,loss,Paper Rex,Sentinels,1,2,Haven,1.59,286,9,4,1,+5,88%,185,29%,05/12/2023,15:00
Paper Rex vs. Evil Geniuses,Valorant Champions 2023,Playoffs,loss,Paper Rex,Evil Geniuses,1,3,Split,0.86,218,6,10,2,-4,45%,148,14%,27/08/2023,2:30
Paper Rex vs. Evil Geniuses,Valorant Champions 2023,Playoffs,loss,Paper Rex,Evil Geniuses,1,3,Ascent,0.91,260,31,37,6,-6,65%,179,17%,27/08/2023,2:30
Paper Rex vs. Evil Geniuses,Valorant Champions 2023,Playoffs,loss,Paper Rex,Evil Geniuses,1,3,Bind,1.00,321,12,11,1,+1,83%,213,17%,27/08/2023,2:30
Paper Rex vs. Evil Geniuses,Valorant Champions 2023,Playoffs,loss,Paper Rex,Evil Geniuses,1,3,Lotus,0.86,205,4,6,2,-2,50%,136,17%,27/08/2023,2:30
Paper Rex vs. Evil Geniuses,Valorant Champions 2023,Playoffs,win,Paper Rex,Evil Geniuses,2,1,Ascent,0.92,246,8,10,3,-2,73%,172,15%,25/08/2023,2:00
Paper Rex vs. Evil Geniuses,Valorant Champions 2023,Playoffs,win,Paper Rex,Evil Geniuses,2,1,Bind,1.13,247,28,26,10,+2,80%,165,16%,25/08/2023,2:00
Paper Rex vs. Evil Geniuses,Valorant Champions 2023,Playoffs,win,Paper Rex,Evil Geniuses,2,1,Pearl,1.61,311,11,5,2,+6,90%,191,11%,25/08/2023,2:00
LOUD vs. Paper Rex,Valorant Champions 2023,Playoffs,win,Paper Rex,LOUD,2,1,Lotus,0.94,234,10,10,6,0,79%,196,21%,20/08/2023,2:00
LOUD vs. Paper Rex,Valorant Champions 2023,Playoffs,win,Paper Rex,LOUD,2,1,Split,0.92,238,29,27,13,+2,73%,168,23%,20/08/2023,2:00
LOUD vs. Paper Rex,Valorant Champions 2023,Playoffs,win,Paper Rex,LOUD,2,1,Pearl,0.54,159,6,10,1,-4,58%,107,27%,20/08/2023,2:00
Paper Rex vs. FUT Esports,Valorant Champions 2023,Playoffs,win,Paper Rex,FUT Esports,2,0,Ascent,1.53,326,15,5,2,+10,82%,182,17%,17/08/2023,4:25
Paper Rex vs. FUT Esports,Valorant Champions 2023,Playoffs,win,Paper Rex,FUT Esports,2,0,Pearl,0.86,293,19,9,4,+10,69%,161,20%,17/08/2023,4:25
Paper Rex vs. EDward Gaming,Valorant Champions 2023,Group Stage,win,Paper Rex,EDward Gaming,2,0,Fracture,1.43,332,10,6,1,+4,75%,202,19%,11/08/2023,6:45
Paper Rex vs. EDward Gaming,Valorant Champions 2023,Group Stage,win,Paper Rex,EDward Gaming,2,0,Pearl,1.11,345,26,16,6,+10,74%,234,26%,11/08/2023,6:45
Paper Rex vs. KRÜ Esports,Valorant Champions 2023,Group Stage,win,Paper Rex,KRÜ Esports,2,0,Split,0.99,223,7,6,1,+1,75%,126,9%,10/08/2023,2:00
Paper Rex vs. KRÜ Esports,Valorant Champions 2023,Group Stage,win,Paper Rex,KRÜ Esports,2,0,Pearl,1.06,210,13,11,4,+2,71%,135,13%,10/08/2023,2:00
Evil Geniuses vs. Paper Rex,Champions Tour 2023: Masters Tokyo,Playoffs,loss,Paper Rex,Evil Geniuses,2,3,Fracture,0.67,208,5,5,2,0,75%,127,31%,24/06/2023,10:00
Evil Geniuses vs. Paper Rex,Champions Tour 2023: Masters Tokyo,Playoffs,loss,Paper Rex,Evil Geniuses,2,3,Lotus,0.98,207,34,38,13,-4,65%,136,18%,24/06/2023,10:00
Evil Geniuses vs. Paper Rex,Champions Tour 2023: Masters Tokyo,Playoffs,loss,Paper Rex,Evil Geniuses,2,3,Split,1.15,248,10,10,3,0,62%,171,11%,24/06/2023,10:00
Evil Geniuses vs. Paper Rex,Champions Tour 2023: Masters Tokyo,Playoffs,loss,Paper Rex,Evil Geniuses,2,3,Pearl,1.05,228,9,8,2,+1,73%,136,16%,24/06/2023,10:00
Evil Geniuses vs. Paper Rex,Champions Tour 2023: Masters Tokyo,Playoffs,loss,Paper Rex,Evil Geniuses,2,3,Ascent,0.28,99,2,4,2,-2,57%,72,18%,24/06/2023,10:00
NRG Esports vs. Paper Rex,Champions Tour 2023: Masters Tokyo,Playoffs,win,Paper Rex,NRG Esports,2,1,Pearl,0.94,215,9,9,2,0,71%,154,21%,21/06/2023,13:25
NRG Esports vs. Paper Rex,Champions Tour 2023: Masters Tokyo,Playoffs,win,Paper Rex,NRG Esports,2,1,Lotus,1.01,216,23,28,7,-5,68%,149,19%,21/06/2023,13:25
NRG Esports vs. Paper Rex,Champions Tour 2023: Masters Tokyo,Playoffs,win,Paper Rex,NRG Esports,2,1,Bind,1.02,224,6,9,3,-3,67%,154,20%,21/06/2023,13:25
Paper Rex vs. EDward Gaming,Champions Tour 2023: Masters Tokyo,Playoffs,win,Paper Rex,EDward Gaming,2,1,Fracture,1.66,351,17,8,4,+9,85%,215,19%,20/06/2023,13:45
Paper Rex vs. EDward Gaming,Champions Tour 2023: Masters Tokyo,Playoffs,win,Paper Rex,EDward Gaming,2,1,Split,1.04,309,42,29,9,+13,84%,197,16%,20/06/2023,13:45
Paper Rex vs. EDward Gaming,Champions Tour 2023: Masters Tokyo,Playoffs,win,Paper Rex,EDward Gaming,2,1,Lotus,0.84,252,11,11,2,0,75%,162,18%,20/06/2023,13:45
Paper Rex vs. FNATIC,Champions Tour 2023: Masters Tokyo,Playoffs,loss,Paper Rex,FNATIC,0,2,Lotus,3.35,668,16,3,0,+13,100%,445,24%,19/06/2023,12:15
Paper Rex vs. FNATIC,Champions Tour 2023: Masters Tokyo,Playoffs,loss,Paper Rex,FNATIC,0,2,Bind,1.13,336,23,12,3,+11,72%,224,20%,19/06/2023,12:15
Paper Rex vs. DRX,Champions Tour 2023: Masters Tokyo,Playoffs,win,Paper Rex,DRX,2,0,Split,1.15,297,11,10,1,+1,64%,185,28%,17/06/2023,12:30
Paper Rex vs. DRX,Champions Tour 2023: Masters Tokyo,Playoffs,win,Paper Rex,DRX,2,0,Bind,1.43,332,28,18,3,+10,74%,216,23%,17/06/2023,12:30
Paper Rex vs. DRX,Champions Tour 2023: Pacific League,Playoffs,win,Paper Rex,DRX,3,2,Fracture,0.99,212,9,9,1,0,67%,136,26%,28/05/2023,14:00
Paper Rex vs. DRX,Champions Tour 2023: Pacific League,Playoffs,win,Paper Rex,DRX,3,2,Ascent,1.15,284,62,42,13,+20,72%,198,21%,28/05/2023,14:00
Paper Rex vs. DRX,Champions Tour 2023: Pacific League,Playoffs,win,Paper Rex,DRX,3,2,Pearl,1.65,281,17,8,1,+9,60%,185,22%,28/05/2023,14:00
Paper Rex vs. DRX,Champions Tour 2023: Pacific League,Playoffs,win,Paper Rex,DRX,3,2,Bind,1.51,316,9,7,5,+2,67%,242,16%,28/05/2023,14:00
Paper Rex vs. DRX,Champions Tour 2023: Pacific League,Playoffs,win,Paper Rex,DRX,3,2,Lotus,1.31,283,12,9,4,+3,92%,202,17%,28/05/2023,14:00
DRX vs. Paper Rex,Champions Tour 2023: Pacific League,Playoffs,win,Paper Rex,DRX,2,0,Fracture,1.89,345,14,3,4,+11,92%,212,13%,22/05/2023,15:00
DRX vs. Paper Rex,Champions Tour 2023: Pacific League,Playoffs,win,Paper Rex,DRX,2,0,Bind,1.18,311,20,7,5,+13,84%,190,15%,22/05/2023,15:00
Paper Rex vs. T1,Champions Tour 2023: Pacific League,Playoffs,win,Paper Rex,T1,2,0,Lotus,1.33,229,9,5,3,+4,100%,158,18%,20/05/2023,18:15
Paper Rex vs. T1,Champions Tour 2023: Pacific League,Playoffs,win,Paper Rex,T1,2,0,Fracture,1.14,219,18,11,6,+7,91%,154,16%,20/05/2023,18:15
Rex Regum Qeon vs. Paper Rex,Champions Tour 2023: Pacific League,League Play,win,Paper Rex,Rex Regum Qeon,2,0,Bind,0.56,141,4,7,2,-3,70%,114,10%,16/05/2023,17:30
Rex Regum Qeon vs. Paper Rex,Champions Tour 2023: Pacific League,League Play,win,Paper Rex,Rex Regum Qeon,2,0,Pearl,0.92,233,16,14,15,+2,82%,152,12%,16/05/2023,17:30
Paper Rex vs. Gen.G,Champions Tour 2023: Pacific League,League Play,win,Paper Rex,Gen.G,2,0,Split,0.95,179,5,4,1,+1,75%,101,12%,12/05/2023,15:00
Paper Rex vs. Gen.G,Champions Tour 2023: Pacific League,League Play,win,Paper Rex,Gen.G,2,0,Ascent,1.48,216,9,5,2,+4,73%,132,22%,12/05/2023,15:00
ZETA DIVISION vs. Paper Rex,Champions Tour 2023: Pacific League,League Play,win,Paper Rex,ZETA DIVISION,2,0,Split,1.21,281,6,6,4,0,86%,181,14%,06/05/2023,17:30
ZETA DIVISION vs. Paper Rex,Champions Tour 2023: Pacific League,League Play,win,Paper Rex,ZETA DIVISION,2,0,Ascent,0.87,224,12,15,8,-3,83%,151,16%,06/05/2023,17:30
TALON vs. Paper Rex,Champions Tour 2023: Pacific League,League Play,win,Paper Rex,TALON,2,1,Pearl,1.22,234,10,9,3,+1,75%,146,8%,01/05/2023,17:00
TALON vs. Paper Rex,Champions Tour 2023: Pacific League,League Play,win,Paper Rex,TALON,2,1,Split,1.06,203,23,26,10,-3,78%,137,9%,01/05/2023,17:00
TALON vs. Paper Rex,Champions Tour 2023: Pacific League,League Play,win,Paper Rex,TALON,2,1,Fracture,1.08,236,8,8,4,0,92%,161,12%,01/05/2023,17:00
Paper Rex vs. Global Esports,Champions Tour 2023: Pacific League,League Play,win,Paper Rex,Global Esports,2,1,Icebox,0.52,143,4,7,3,-3,75%,70,17%,22/04/2023,15:00
Paper Rex vs. Global Esports,Champions Tour 2023: Pacific League,League Play,win,Paper Rex,Global Esports,2,1,Split,1.12,221,17,17,7,0,74%,135,10%,22/04/2023,15:00
Paper Rex vs. Global Esports,Champions Tour 2023: Pacific League,League Play,win,Paper Rex,Global Esports,2,1,Pearl,0.95,259,6,5,1,+1,71%,166,5%,22/04/2023,15:00
Paper Rex vs. DRX,Champions Tour 2023: Pacific League,League Play,loss,Paper Rex,DRX,0,2,Split,0.96,185,6,9,3,-3,82%,136,25%,15/04/2023,16:00
T1 vs. Paper Rex,Champions Tour 2023: Pacific League,League Play,win,Paper Rex,T1,2,0,Pearl,0.02,49,0,4,1,-4,50%,49,20%,08/04/2023,18:10
T1 vs. Paper Rex,Champions Tour 2023: Pacific League,League Play,win,Paper Rex,T1,2,0,Fracture,0.65,119,4,8,4,-4,73%,86,13%,08/04/2023,18:10
Team Secret vs. Paper Rex,Champions Tour 2023: Pacific League,League Play,loss,Paper Rex,Team Secret,1,2,Haven,0.93,227,9,10,1,-1,75%,136,15%,02/04/2023,16:00
Team Secret vs. Paper Rex,Champions Tour 2023: Pacific League,League Play,loss,Paper Rex,Team Secret,1,2,Fracture,1.25,259,28,28,8,0,71%,165,15%,02/04/2023,16:00
Team Secret vs. Paper Rex,Champions Tour 2023: Pacific League,League Play,loss,Paper Rex,Team Secret,1,2,Split,0.86,199,7,10,6,-3,83%,130,11%,02/04/2023,16:00
Paper Rex vs. DetonatioN FocusMe,Champions Tour 2023: Pacific League,League Play,win,Paper Rex,DetonatioN FocusMe,2,0,Pearl,1.41,274,11,7,7,+4,67%,167,25%,26/03/2023,16:00
Paper Rex vs. DetonatioN FocusMe,Champions Tour 2023: Pacific League,League Play,win,Paper Rex,DetonatioN FocusMe,2,0,Lotus,1.12,242,18,17,10,+1,79%,150,16%,26/03/2023,16:00
Cloud9 vs. Paper Rex,Champions Tour 2023: LOCK//IN São Paulo,Bracket Stage,loss,Paper Rex,Cloud9,0,2,Lotus,0.38,83,2,7,1,-5,33%,66,0%,15/02/2023,7:05
Cloud9 vs. Paper Rex,Champions Tour 2023: LOCK//IN São Paulo,Bracket Stage,loss,Paper Rex,Cloud9,0,2,Pearl,1.07,145,10,16,5,-6,57%,129,18%,15/02/2023,7:05
DetonatioN FocusMe vs. Paper Rex,Riot Games ONE Pro Invitational 2022,Main Event,win,Paper Rex,DetonatioN FocusMe,1,0,Ascent,0.75,183,6,7,1,-1,67%,142,26%,24/12/2022,12:35
ZETA DIVISION vs. Paper Rex,Riot Games ONE Pro Invitational 2022,Main Event,loss,Paper Rex,ZETA DIVISION,0,1,Breeze,0.57,98,2,4,0,-2,50%,59,40%,24/12/2022,11:20
Team Heretics vs. Paper Rex,Valorant India Invitational by Galaxy Racer,Playoffs,win,Paper Rex,Team Heretics,3,1,Bind,1.21,275,12,10,0,+2,58%,197,22%,20/11/2022,13:30
Team Heretics vs. Paper Rex,Valorant India Invitational by Galaxy Racer,Playoffs,win,Paper Rex,Team Heretics,3,1,Fracture,0.84,279,43,31,6,+12,70%,183,24%,20/11/2022,13:30
Team Heretics vs. Paper Rex,Valorant India Invitational by Galaxy Racer,Playoffs,win,Paper Rex,Team Heretics,3,1,Breeze,0.52,167,4,7,0,-3,57%,93,27%,20/11/2022,13:30
Team Heretics vs. Paper Rex,Valorant India Invitational by Galaxy Racer,Playoffs,win,Paper Rex,Team Heretics,3,1,Ascent,1.19,226,10,6,3,+4,83%,167,25%,20/11/2022,13:30
Paper Rex vs. Team Secret,Valorant India Invitational by Galaxy Racer,Playoffs,win,Paper Rex,Team Secret,2,1,Pearl,1.58,285,11,3,1,+8,90%,206,13%,19/11/2022,22:15
Paper Rex vs. Team Secret,Valorant India Invitational by Galaxy Racer,Playoffs,win,Paper Rex,Team Secret,2,1,Icebox,1.11,243,23,15,5,+8,73%,174,16%,19/11/2022,22:15
Paper Rex vs. Team Secret,Valorant India Invitational by Galaxy Racer,Playoffs,win,Paper Rex,Team Secret,2,1,Ascent,0.51,127,4,8,0,-4,44%,78,12%,19/11/2022,22:15
BOOM Esports vs. Paper Rex,Valorant India Invitational by Galaxy Racer,Group Stage,win,Paper Rex,BOOM Esports,1,0,Fracture,1.77,332,13,5,9,+8,100%,213,24%,19/11/2022,12:30
Paper Rex vs. BLEED,Valorant India Invitational by Galaxy Racer,Group Stage,loss,Paper Rex,BLEED,0,1,Bind,1.16,322,7,7,0,0,57%,213,30%,19/11/2022,2:30
Paper Rex vs. Global Esports,Valorant India Invitational by Galaxy Racer,Group Stage,win,Paper Rex,Global Esports,1,0,Haven,1.22,196,5,4,2,+1,88%,174,23%,19/11/2022,1:00
Paper Rex vs. Team Liquid,Valorant Champions 2022,Group Stage,loss,Paper Rex,Team Liquid,1,2,Haven,1.58,368,19,10,1,+9,71%,225,24%,07/09/2022,21:00
Paper Rex vs. Team Liquid,Valorant Champions 2022,Group Stage,loss,Paper Rex,Team Liquid,1,2,Pearl,1.01,314,32,19,4,+13,75%,196,21%,07/09/2022,21:00
Paper Rex vs. Team Liquid,Valorant Champions 2022,Group Stage,loss,Paper Rex,Team Liquid,1,2,Ascent,1.07,249,4,4,2,0,100%,188,17%,07/09/2022,21:00
Paper Rex vs. LEVIATÁN,Valorant Champions 2022,Group Stage,loss,Paper Rex,LEVIATÁN,0,2,Haven,0.17,142,3,10,2,-7,44%,108,15%,02/09/2022,1:35
Paper Rex vs. LEVIATÁN,Valorant Champions 2022,Group Stage,loss,Paper Rex,LEVIATÁN,0,2,Bind,0.66,240,17,20,4,-3,52%,144,13%,02/09/2022,1:35
Paper Rex vs. EDward Gaming,Valorant Champions 2022,Group Stage,win,Paper Rex,EDward Gaming,2,1,Pearl,1.03,253,10,9,2,+1,83%,173,19%,31/08/2022,21:00
Paper Rex vs. EDward Gaming,Valorant Champions 2022,Group Stage,win,Paper Rex,EDward Gaming,2,1,Icebox,1.03,235,28,29,7,-1,69%,155,32%,31/08/2022,21:00
Paper Rex vs. EDward Gaming,Valorant Champions 2022,Group Stage,win,Paper Rex,EDward Gaming,2,1,Haven,0.90,181,7,10,4,-3,67%,108,39%,31/08/2022,21:00
Paper Rex vs. FunPlus Phoenix,Valorant Champions Tour Stage 2: Masters Copenhagen,Playoffs,loss,Paper Rex,FunPlus Phoenix,2,3,Bind,1.20,290,11,11,2,0,75%,179,30%,24/07/2022,22:00
Paper Rex vs. FunPlus Phoenix,Valorant Champions Tour Stage 2: Masters Copenhagen,Playoffs,loss,Paper Rex,FunPlus Phoenix,2,3,Icebox,1.10,299,47,41,8,+6,78%,185,24%,24/07/2022,22:00
Paper Rex vs. FunPlus Phoenix,Valorant Champions Tour Stage 2: Masters Copenhagen,Playoffs,loss,Paper Rex,FunPlus Phoenix,2,3,Fracture,0.16,110,2,8,2,-6,63%,84,14%,24/07/2022,22:00
Paper Rex vs. FunPlus Phoenix,Valorant Champions Tour Stage 2: Masters Copenhagen,Playoffs,loss,Paper Rex,FunPlus Phoenix,2,3,Haven,0.96,216,7,7,1,0,88%,114,17%,24/07/2022,22:00
Paper Rex vs. FunPlus Phoenix,Valorant Champions Tour Stage 2: Masters Copenhagen,Playoffs,loss,Paper Rex,FunPlus Phoenix,2,3,Breeze,2.07,461,13,6,1,+7,75%,287,18%,24/07/2022,22:00
Paper Rex vs. OpTic Gaming,Valorant Champions Tour Stage 2: Masters Copenhagen,Playoffs,win,Paper Rex,OpTic Gaming,2,1,Haven,2.69,472,8,1,0,+7,100%,303,23%,22/07/2022,22:00
Paper Rex vs. OpTic Gaming,Valorant Champions Tour Stage 2: Masters Copenhagen,Playoffs,win,Paper Rex,OpTic Gaming,2,1,Bind,0.95,226,21,16,8,+5,77%,149,17%,22/07/2022,22:00
Paper Rex vs. OpTic Gaming,Valorant Champions Tour Stage 2: Masters Copenhagen,Playoffs,win,Paper Rex,OpTic Gaming,2,1,Fracture,0.71,167,5,8,5,-3,60%,117,15%,22/07/2022,22:00
Paper Rex vs. FNATIC,Valorant Champions Tour Stage 2: Masters Copenhagen,Playoffs,win,Paper Rex,FNATIC,2,0,Ascent,1.37,342,15,9,1,+6,67%,196,20%,17/07/2022,22:00
Paper Rex vs. FNATIC,Valorant Champions Tour Stage 2: Masters Copenhagen,Playoffs,win,Paper Rex,FNATIC,2,0,Bind,1.20,344,29,18,6,+11,79%,201,21%,17/07/2022,22:00
Paper Rex vs. Guild Esports,Valorant Champions Tour Stage 2: Masters Copenhagen,Playoffs,win,Paper Rex,Guild Esports,2,0,Ascent,2.26,480,9,3,0,+6,100%,291,30%,14/07/2022,22:00
Paper Rex vs. Guild Esports,Valorant Champions Tour Stage 2: Masters Copenhagen,Playoffs,win,Paper Rex,Guild Esports,2,0,Fracture,0.87,249,16,10,5,+6,83%,157,27%,14/07/2022,22:00
Paper Rex vs. XERXIA Esports,Champions Tour Asia-Pacific Stage 2: Challengers Playoffs,Playoffs,win,Paper Rex,XERXIA Esports,3,0,Icebox,0.88,267,8,7,1,+1,67%,153,39%,26/06/2022,13:45
Paper Rex vs. XERXIA Esports,Champions Tour Asia-Pacific Stage 2: Challengers Playoffs,Playoffs,win,Paper Rex,XERXIA Esports,3,0,Fracture,1.22,221,21,16,5,+5,70%,138,21%,26/06/2022,13:45
Paper Rex vs. XERXIA Esports,Champions Tour Asia-Pacific Stage 2: Challengers Playoffs,Playoffs,win,Paper Rex,XERXIA Esports,3,0,Breeze,1.71,256,11,4,3,+7,83%,165,13%,26/06/2022,13:45
Paper Rex vs. Team Secret,Champions Tour Asia-Pacific Stage 2: Challengers Playoffs,Playoffs,win,Paper Rex,Team Secret,2,0,Ascent,1.37,354,11,7,2,+4,75%,200,11%,25/06/2022,16:30
Paper Rex vs. Team Secret,Champions Tour Asia-Pacific Stage 2: Challengers Playoffs,Playoffs,win,Paper Rex,Team Secret,2,0,Bind,1.07,296,13,7,3,+6,82%,173,14%,25/06/2022,16:30
Paper Rex vs. BLEED,Champions Tour Asia-Pacific Stage 2: Challengers Playoffs,Playoffs,win,Paper Rex,BLEED,2,1,Split,0.84,217,9,11,2,-2,75%,132,22%,24/06/2022,10:00
Paper Rex vs. BLEED,Champions Tour Asia-Pacific Stage 2: Challengers Playoffs,Playoffs,win,Paper Rex,BLEED,2,1,Fracture,1.08,232,22,31,14,-9,74%,168,16%,24/06/2022,10:00
Paper Rex vs. BLEED,Champions Tour Asia-Pacific Stage 2: Challengers Playoffs,Playoffs,win,Paper Rex,BLEED,2,1,Ascent,0.79,177,6,9,5,-3,75%,147,16%,24/06/2022,10:00
Paper Rex vs. Alter Ego,Champions Tour Asia-Pacific Stage 2: Challengers Playoffs,Playoffs,win,Paper Rex,Alter Ego,2,1,Bind,0.78,178,7,8,1,-1,64%,107,19%,23/06/2022,10:00
Paper Rex vs. Alter Ego,Champions Tour Asia-Pacific Stage 2: Challengers Playoffs,Playoffs,win,Paper Rex,Alter Ego,2,1,Fracture,1.31,241,26,24,6,+2,78%,167,22%,23/06/2022,10:00
Paper Rex vs. Alter Ego,Champions Tour Asia-Pacific Stage 2: Challengers Playoffs,Playoffs,win,Paper Rex,Alter Ego,2,1,Icebox,1.34,305,13,9,2,+4,85%,238,20%,23/06/2022,10:00
Paper Rex vs. ORDER,Champions Tour Asia-Pacific Stage 2: Challengers Playoffs,Group Stage,win,Paper Rex,ORDER,2,0,Haven,0.95,243,7,7,2,0,78%,147,26%,19/06/2022,10:00
Paper Rex vs. ORDER,Champions Tour Asia-Pacific Stage 2: Challengers Playoffs,Group Stage,win,Paper Rex,ORDER,2,0,Bind,1.11,266,15,13,2,+2,81%,181,26%,19/06/2022,10:00
Paper Rex vs. BOOM Esports,Champions Tour Asia-Pacific Stage 2: Challengers Playoffs,Group Stage,win,Paper Rex,BOOM Esports,2,0,Haven,0.97,292,7,8,5,-1,78%,212,17%,16/06/2022,14:25
Paper Rex vs. BOOM Esports,Champions Tour Asia-Pacific Stage 2: Challengers Playoffs,Group Stage,win,Paper Rex,BOOM Esports,2,0,Fracture,1.15,273,18,15,7,+3,81%,193,22%,16/06/2022,14:25
LaZe vs. Paper Rex,Champions Tour Malaysia & Singapore Stage 2: Challengers,Playoffs,win,Paper Rex,LaZe,3,0,Fracture,1.32,355,11,4,1,+7,88%,191,26%,29/05/2022,11:30
LaZe vs. Paper Rex,Champions Tour Malaysia & Singapore Stage 2: Challengers,Playoffs,win,Paper Rex,LaZe,3,0,Haven,1.31,275,30,18,7,+12,77%,161,14%,29/05/2022,11:30
LaZe vs. Paper Rex,Champions Tour Malaysia & Singapore Stage 2: Challengers,Playoffs,win,Paper Rex,LaZe,3,0,Ascent,1.30,292,12,7,5,+5,92%,188,13%,29/05/2022,11:30
Paper Rex vs. BLEED,Champions Tour Malaysia & Singapore Stage 2: Challengers,Playoffs,win,Paper Rex,BLEED,2,0,Ascent,1.55,369,14,8,3,+6,100%,259,24%,28/05/2022,17:20
Paper Rex vs. BLEED,Champions Tour Malaysia & Singapore Stage 2: Challengers,Playoffs,win,Paper Rex,BLEED,2,0,Fracture,1.17,293,22,17,11,+5,96%,210,22%,28/05/2022,17:20
Paper Rex vs. LaZe,Champions Tour Malaysia & Singapore Stage 2: Challengers,Playoffs,loss,Paper Rex,LaZe,1,2,Ascent,1.25,280,10,8,4,+2,75%,208,21%,28/05/2022,11:30
Paper Rex vs. LaZe,Champions Tour Malaysia & Singapore Stage 2: Challengers,Playoffs,loss,Paper Rex,LaZe,1,2,Icebox,0.99,211,16,23,11,-7,77%,159,14%,28/05/2022,11:30
Paper Rex vs. LaZe,Champions Tour Malaysia & Singapore Stage 2: Challengers,Playoffs,loss,Paper Rex,LaZe,1,2,Split,0.17,100,2,7,1,-5,75%,77,6%,28/05/2022,11:30
Paper Rex vs. No Namers,Champions Tour Malaysia & Singapore Stage 2: Challengers,Playoffs,win,Paper Rex,No Namers,2,0,Fracture,2.13,451,19,7,5,+12,92%,290,21%,27/05/2022,9:30
Paper Rex vs. No Namers,Champions Tour Malaysia & Singapore Stage 2: Challengers,Playoffs,win,Paper Rex,No Namers,2,0,Bind,1.48,441,22,9,6,+13,93%,280,23%,27/05/2022,9:30
Paper Rex vs. Blitz Esports,Champions Tour Malaysia & Singapore Stage 2: Challengers,Group Stage,win,Paper Rex,Blitz Esports,2,0,Haven,1.44,264,12,6,3,+6,92%,147,26%,22/05/2022,11:55
Paper Rex vs. Blitz Esports,Champions Tour Malaysia & Singapore Stage 2: Challengers,Group Stage,win,Paper Rex,Blitz Esports,2,0,Breeze,1.07,226,17,13,4,+4,81%,138,16%,22/05/2022,11:55
Paper Rex vs. Todak,Champions Tour Malaysia & Singapore Stage 2: Challengers,Group Stage,win,Paper Rex,Todak,2,0,Bind,1.03,299,12,10,6,+2,83%,170,9%,21/05/2022,11:35
Paper Rex vs. Todak,Champions Tour Malaysia & Singapore Stage 2: Challengers,Group Stage,win,Paper Rex,Todak,2,0,Split,1.13,290,18,14,7,+4,78%,166,9%,21/05/2022,11:35
Paper Rex vs. KPMOONIIBLM9,Champions Tour Malaysia & Singapore Stage 2: Challengers,Group Stage,win,Paper Rex,KPMOONIIBLM9,2,0,Breeze,0.99,277,6,6,2,0,71%,158,33%,20/05/2022,13:00
Paper Rex vs. KPMOONIIBLM9,Champions Tour Malaysia & Singapore Stage 2: Challengers,Group Stage,win,Paper Rex,KPMOONIIBLM9,2,0,Icebox,1.10,195,8,12,2,-4,54%,115,19%,20/05/2022,13:00
Paper Rex vs. Avium Esports,Champions Tour Malaysia & Singapore Stage 2: Challengers,Group Stage,win,Paper Rex,Avium Esports,2,0,Ascent,1.36,315,14,7,1,+7,83%,184,27%,19/05/2022,16:20
Paper Rex vs. Avium Esports,Champions Tour Malaysia & Singapore Stage 2: Challengers,Group Stage,win,Paper Rex,Avium Esports,2,0,Icebox,1.24,297,20,12,2,+8,74%,186,29%,19/05/2022,16:20
Paper Rex vs. Galaxy Esports,Champions Tour Malaysia & Singapore Stage 2: Challengers,Group Stage,win,Paper Rex,Galaxy Esports,2,0,Bind,1.49,252,12,4,2,+8,83%,142,17%,15/05/2022,9:30
Paper Rex vs. Galaxy Esports,Champions Tour Malaysia & Singapore Stage 2: Challengers,Group Stage,win,Paper Rex,Galaxy Esports,2,0,Icebox,1.46,276,18,5,2,+13,81%,160,26%,15/05/2022,9:30
Paper Rex vs. BLEED,Champions Tour Malaysia & Singapore Stage 2: Challengers,Group Stage,win,Paper Rex,BLEED,2,1,Icebox,0.95,209,6,7,1,-1,63%,155,31%,14/05/2022,15:05
Paper Rex vs. BLEED,Champions Tour Malaysia & Singapore Stage 2: Challengers,Group Stage,win,Paper Rex,BLEED,2,1,Bind,1.01,195,17,17,3,0,63%,143,28%,14/05/2022,15:05
Paper Rex vs. BLEED,Champions Tour Malaysia & Singapore Stage 2: Challengers,Group Stage,win,Paper Rex,BLEED,2,1,Breeze,0.75,195,2,3,1,-1,50%,158,14%,14/05/2022,15:05
Paper Rex vs. LaZe,Champions Tour Malaysia & Singapore Stage 2: Challengers,Group Stage,win,Paper Rex,LaZe,2,0,Fracture,0.43,141,5,9,2,-4,58%,88,6%,13/05/2022,13:00
Paper Rex vs. LaZe,Champions Tour Malaysia & Singapore Stage 2: Challengers,Group Stage,win,Paper Rex,LaZe,2,0,Split,1.06,162,8,10,3,-2,60%,102,16%,13/05/2022,13:00
ZETA DIVISION vs. Paper Rex,Valorant Champions Tour Stage 1: Masters Reykjavík,Playoffs,loss,Paper Rex,ZETA DIVISION,1,2,Icebox,1.61,237,7,3,0,+4,71%,174,28%,23/04/2022,3:25
ZETA DIVISION vs. Paper Rex,Valorant Champions Tour Stage 1: Masters Reykjavík,Playoffs,loss,Paper Rex,ZETA DIVISION,1,2,Haven,1.11,191,16,15,0,+1,52%,135,27%,23/04/2022,3:25
G2 Esports vs. Paper Rex,Valorant Champions Tour Stage 1: Masters Reykjavík,Playoffs,win,Paper Rex,G2 Esports,2,0,Split,1.29,342,11,9,10,+2,91%,238,5%,19/04/2022,4:00
G2 Esports vs. Paper Rex,Valorant Champions Tour Stage 1: Masters Reykjavík,Playoffs,win,Paper Rex,G2 Esports,2,0,Bind,1.12,276,16,16,12,0,84%,192,6%,19/04/2022,4:00
Paper Rex vs. The Guard,Valorant Champions Tour Stage 1: Masters Reykjavík,Playoffs,win,Paper Rex,The Guard,2,0,Haven,0.81,207,8,9,1,-1,73%,130,18%,17/04/2022,3:30
Paper Rex vs. The Guard,Valorant Champions Tour Stage 1: Masters Reykjavík,Playoffs,win,Paper Rex,The Guard,2,0,Split,1.32,295,21,15,3,+6,75%,197,23%,17/04/2022,3:30
Paper Rex vs. DRX,Valorant Champions Tour Stage 1: Masters Reykjavík,Playoffs,loss,Paper Rex,DRX,1,2,Haven,1.86,383,15,8,3,+7,82%,263,28%,16/04/2022,12:00
Paper Rex vs. DRX,Valorant Champions Tour Stage 1: Masters Reykjavík,Playoffs,loss,Paper Rex,DRX,1,2,Bind,0.79,239,27,30,11,-3,63%,165,13%,16/04/2022,12:00
Paper Rex vs. DRX,Valorant Champions Tour Stage 1: Masters Reykjavík,Playoffs,loss,Paper Rex,DRX,1,2,Ascent,0.54,163,6,11,3,-5,50%,106,7%,16/04/2022,12:00
Paper Rex vs. XERXIA Esports,Champions Tour Asia-Pacific Stage 1: Challengers Playoffs,Knockouts,win,Paper Rex,XERXIA Esports,3,2,Fracture,0.89,131,5,7,9,-2,75%,81,14%,27/03/2022,14:30
Paper Rex vs. XERXIA Esports,Champions Tour Asia-Pacific Stage 1: Challengers Playoffs,Knockouts,win,Paper Rex,XERXIA Esports,3,2,Split,0.94,180,29,42,18,-13,67%,122,15%,27/03/2022,14:30
Paper Rex vs. XERXIA Esports,Champions Tour Asia-Pacific Stage 1: Challengers Playoffs,Knockouts,win,Paper Rex,XERXIA Esports,3,2,Icebox,0.55,151,4,8,3,-4,56%,116,13%,27/03/2022,14:30
Paper Rex vs. XERXIA Esports,Champions Tour Asia-Pacific Stage 1: Challengers Playoffs,Knockouts,win,Paper Rex,XERXIA Esports,3,2,Breeze,1.16,220,5,5,3,0,86%,161,16%,27/03/2022,14:30
Paper Rex vs. XERXIA Esports,Champions Tour Asia-Pacific Stage 1: Challengers Playoffs,Knockouts,win,Paper Rex,XERXIA Esports,3,2,Haven,0.25,146,5,12,1,-7,50%,99,14%,27/03/2022,14:30
BLEED vs. Paper Rex,Champions Tour Asia-Pacific Stage 1: Challengers Playoffs,Knockouts,win,Paper Rex,BLEED,2,0,Icebox,0.50,142,6,13,3,-7,50%,103,19%,26/03/2022,15:10
BLEED vs. Paper Rex,Champions Tour Asia-Pacific Stage 1: Challengers Playoffs,Knockouts,win,Paper Rex,BLEED,2,0,Split,1.18,180,11,18,5,-7,53%,124,18%,26/03/2022,15:10
XERXIA Esports vs. Paper Rex,Champions Tour Asia-Pacific Stage 1: Challengers Playoffs,Knockouts,win,Paper Rex,XERXIA Esports,2,0,Bind,1.27,277,12,10,4,+2,75%,194,24%,25/03/2022,13:30
XERXIA Esports vs. Paper Rex,Champions Tour Asia-Pacific Stage 1: Challengers Playoffs,Knockouts,win,Paper Rex,XERXIA Esports,2,0,Haven,0.93,227,19,20,6,-1,71%,160,24%,25/03/2022,13:30
Paper Rex vs. South Built Esports,Champions Tour Asia-Pacific Stage 1: Challengers Playoffs,Knockouts,win,Paper Rex,South Built Esports,2,0,Haven,0.53,167,6,10,3,-4,50%,113,14%,24/03/2022,19:30
Paper Rex vs. South Built Esports,Champions Tour Asia-Pacific Stage 1: Challengers Playoffs,Knockouts,win,Paper Rex,South Built Esports,2,0,Split,0.85,167,10,17,5,-7,55%,111,13%,24/03/2022,19:30
Paper Rex vs. Persija Esports,Champions Tour Asia-Pacific Stage 1: Challengers Playoffs,Group Stage,win,Paper Rex,Persija Esports,2,1,Fracture,0.98,209,8,10,9,-2,83%,141,23%,19/03/2022,13:20
Paper Rex vs. Persija Esports,Champions Tour Asia-Pacific Stage 1: Challengers Playoffs,Group Stage,win,Paper Rex,Persija Esports,2,1,Breeze,1.41,239,23,24,16,-1,77%,155,22%,19/03/2022,13:20
Paper Rex vs. Persija Esports,Champions Tour Asia-Pacific Stage 1: Challengers Playoffs,Group Stage,win,Paper Rex,Persija Esports,2,1,Icebox,0.73,173,6,11,7,-5,69%,118,13%,19/03/2022,13:20
Paper Rex vs. Fancy United Esports,Champions Tour Asia-Pacific Stage 1: Challengers Playoffs,Group Stage,win,Paper Rex,Fancy United Esports,2,0,Haven,0.74,221,9,11,1,-2,67%,115,32%,17/03/2022,12:30
Paper Rex vs. Fancy United Esports,Champions Tour Asia-Pacific Stage 1: Challengers Playoffs,Group Stage,win,Paper Rex,Fancy United Esports,2,0,Icebox,1.03,203,15,20,3,-5,64%,112,28%,17/03/2022,12:30
Paper Rex vs. BLEED,Champions Tour Malaysia & Singapore Stage 1: Challengers,Playoffs,win,Paper Rex,BLEED,3,0,Haven,1.46,309,15,8,2,+7,92%,217,33%,27/02/2022,13:00
Paper Rex vs. BLEED,Champions Tour Malaysia & Singapore Stage 1: Challengers,Playoffs,win,Paper Rex,BLEED,3,0,Fracture,1.07,274,40,26,12,+14,76%,192,27%,27/02/2022,13:00
Paper Rex vs. BLEED,Champions Tour Malaysia & Singapore Stage 1: Challengers,Playoffs,win,Paper Rex,BLEED,3,0,Ascent,1.75,366,21,9,6,+12,82%,254,27%,27/02/2022,13:00
Paper Rex vs. No Namers,Champions Tour Malaysia & Singapore Stage 1: Challengers,Playoffs,win,Paper Rex,No Namers,2,0,Icebox,1.12,190,9,7,4,+2,58%,125,33%,26/02/2022,15:30
Paper Rex vs. No Namers,Champions Tour Malaysia & Singapore Stage 1: Challengers,Playoffs,win,Paper Rex,No Namers,2,0,Split,1.23,261,20,13,5,+7,70%,164,26%,26/02/2022,15:30
Paper Rex vs. KPMOONIIBLM9,Champions Tour Malaysia & Singapore Stage 1: Challengers,Playoffs,win,Paper Rex,KPMOONIIBLM9,2,0,Breeze,1.28,193,4,4,2,0,67%,155,29%,25/02/2022,16:15
Paper Rex vs. KPMOONIIBLM9,Champions Tour Malaysia & Singapore Stage 1: Challengers,Playoffs,win,Paper Rex,KPMOONIIBLM9,2,0,Ascent,0.99,173,10,14,5,-4,72%,119,22%,25/02/2022,16:15
Paper Rex vs. Madness Esports,Champions Tour Malaysia & Singapore Stage 1: Challengers,Playoffs,win,Paper Rex,Madness Esports,2,0,Icebox,0.50,145,3,6,2,-3,100%,94,13%,24/02/2022,13:30
Paper Rex vs. Madness Esports,Champions Tour Malaysia & Singapore Stage 1: Challengers,Playoffs,win,Paper Rex,Madness Esports,2,0,Haven,1.06,212,13,14,3,-1,84%,136,23%,24/02/2022,13:30
Paper Rex vs. Todak,Champions Tour Malaysia & Singapore Stage 1: Challengers,Group Stage,win,Paper Rex,Todak,2,0,Haven,1.10,183,7,7,4,0,75%,145,21%,18/02/2022,18:55
Paper Rex vs. Todak,Champions Tour Malaysia & Singapore Stage 1: Challengers,Group Stage,win,Paper Rex,Todak,2,0,Ascent,1.10,226,19,12,6,+7,83%,173,25%,18/02/2022,18:55
Paper Rex vs. You Guys Get Paid?,Champions Tour Malaysia & Singapore Stage 1: Challengers,Group Stage,win,Paper Rex,You Guys Get Paid?,2,0,Split,0.66,114,0,1,2,-1,100%,114,13%,10/02/2022,16:30
Paper Rex vs. You Guys Get Paid?,Champions Tour Malaysia & Singapore Stage 1: Challengers,Group Stage,win,Paper Rex,You Guys Get Paid?,2,0,Haven,1.98,325,17,5,4,+12,93%,229,32%,10/02/2022,16:30
Paper Rex vs. Louvre,The Esports Club Showdown,Main Event,win,Paper Rex,Louvre,3,0,Split,1.00,208,7,7,3,0,78%,130,5%,30/11/2021,17:30
Paper Rex vs. Louvre,The Esports Club Showdown,Main Event,win,Paper Rex,Louvre,3,0,Haven,1.69,374,34,12,5,+22,88%,226,18%,30/11/2021,17:30
Paper Rex vs. Louvre,The Esports Club Showdown,Main Event,win,Paper Rex,Louvre,3,0,Icebox,1.62,204,3,1,0,+2,100%,125,18%,30/11/2021,17:30
Paper Rex vs. Alter Ego,The Esports Club Showdown,Main Event,win,Paper Rex,Alter Ego,2,0,Fracture,1.01,230,3,3,3,0,50%,134,18%,25/11/2021,18:30
Paper Rex vs. Louvre,The Esports Club Showdown,Main Event,win,Paper Rex,Louvre,2,0,Split,1.18,205,11,10,4,+1,87%,137,29%,22/11/2021,18:30
Paper Rex vs. Louvre,The Esports Club Showdown,Main Event,win,Paper Rex,Louvre,2,0,Icebox,1.15,246,23,18,6,+5,78%,169,29%,22/11/2021,18:30
BOOM Esports vs. Paper Rex,Royal SEA Challenge,Playoffs,loss,Paper Rex,BOOM Esports,0,2,Icebox,0.32,97,3,9,2,-6,40%,65,18%,19/11/2021,20:50
BOOM Esports vs. Paper Rex,Royal SEA Challenge,Playoffs,loss,Paper Rex,BOOM Esports,0,2,Ascent,0.71,201,15,17,4,-2,55%,120,19%,19/11/2021,20:50
Sharper Esport vs. Paper Rex,Royal SEA Challenge,Playoffs,win,Paper Rex,Sharper Esport,2,1,Bind,0.70,146,4,6,1,-2,63%,98,27%,19/11/2021,14:10
Sharper Esport vs. Paper Rex,Royal SEA Challenge,Playoffs,win,Paper Rex,Sharper Esport,2,1,Ascent,1.35,324,40,23,6,+17,88%,199,27%,19/11/2021,14:10
Sharper Esport vs. Paper Rex,Royal SEA Challenge,Playoffs,win,Paper Rex,Sharper Esport,2,1,Split,1.85,408,20,10,1,+10,92%,256,29%,19/11/2021,14:10
Paper Rex vs. Team Exploit,The Esports Club Showdown,Main Event,win,Paper Rex,Team Exploit,2,0,Ascent,1.86,382,18,5,0,+13,67%,263,49%,18/11/2021,14:50
Paper Rex vs. Team Exploit,The Esports Club Showdown,Main Event,win,Paper Rex,Team Exploit,2,0,Icebox,2.20,408,24,6,0,+18,73%,272,52%,18/11/2021,14:50
Paper Rex vs. Bren Esports,Royal SEA Challenge,Group Stage,win,Paper Rex,Bren Esports,2,0,Haven,0.98,333,13,10,1,+3,83%,206,32%,17/11/2021,16:20
Paper Rex vs. Bren Esports,Royal SEA Challenge,Group Stage,win,Paper Rex,Bren Esports,2,0,Split,1.06,254,20,17,4,+3,87%,158,28%,17/11/2021,16:20
Paper Rex vs. BLEED,Royal SEA Challenge,Group Stage,win,Paper Rex,BLEED,2,0,Split,2.14,541,8,3,2,+5,75%,321,24%,16/11/2021,16:00
Paper Rex vs. BLEED,Royal SEA Challenge,Group Stage,win,Paper Rex,BLEED,2,0,Haven,1.54,424,25,10,6,+15,81%,281,29%,16/11/2021,16:00
Paper Rex vs. Team Big BAAM,Royal SEA Challenge,Group Stage,win,Paper Rex,Team Big BAAM,2,0,Bind,1.21,245,11,8,2,+3,92%,145,15%,15/11/2021,16:00
Paper Rex vs. Team Big BAAM,Royal SEA Challenge,Group Stage,win,Paper Rex,Team Big BAAM,2,0,Icebox,1.33,282,22,14,3,+8,81%,185,23%,15/11/2021,16:00
Paper Rex vs. South Built Esports,Royal SEA Challenge,Group Stage,draw,Paper Rex,South Built Esports,1,1,Split,1.11,228,11,8,5,+3,92%,153,12%,14/11/2021,16:00
Paper Rex vs. South Built Esports,Royal SEA Challenge,Group Stage,draw,Paper Rex,South Built Esports,1,1,Icebox,1.18,268,23,14,7,+9,83%,174,22%,14/11/2021,16:00
Paper Rex vs. DAMWON Gaming,Champions Tour Asia-Pacific: Last Chance Qualifier,Main Event,loss,Paper Rex,DAMWON Gaming,1,2,Bind,1.03,223,9,9,1,0,75%,147,15%,15/10/2021,17:15
Paper Rex vs. DAMWON Gaming,Champions Tour Asia-Pacific: Last Chance Qualifier,Main Event,loss,Paper Rex,DAMWON Gaming,1,2,Breeze,0.88,235,30,25,3,+5,69%,141,14%,15/10/2021,17:15
Paper Rex vs. DAMWON Gaming,Champions Tour Asia-Pacific: Last Chance Qualifier,Main Event,loss,Paper Rex,DAMWON Gaming,1,2,Ascent,1.29,282,13,7,2,+6,67%,164,21%,15/10/2021,17:15
Paper Rex vs. NORTHEPTION,Champions Tour Asia-Pacific: Last Chance Qualifier,Main Event,loss,Paper Rex,NORTHEPTION,0,2,Icebox,1.46,340,14,9,7,+5,92%,224,17%,14/10/2021,14:00
Paper Rex vs. NORTHEPTION,Champions Tour Asia-Pacific: Last Chance Qualifier,Main Event,loss,Paper Rex,NORTHEPTION,0,2,Ascent,0.74,242,20,20,8,0,80%,159,17%,14/10/2021,14:00
Paper Rex vs. Global Esports,Champions Tour Asia-Pacific: Last Chance Qualifier,Main Event,win,Paper Rex,Global Esports,2,0,Icebox,1.16,312,13,8,2,+5,83%,199,23%,12/10/2021,20:30
Paper Rex vs. Global Esports,Champions Tour Asia-Pacific: Last Chance Qualifier,Main Event,win,Paper Rex,Global Esports,2,0,Split,1.39,318,28,13,5,+15,92%,190,16%,12/10/2021,20:30
Paper Rex vs. BLEED,KJC eSports VALORANT Invitational,Playoffs,win,Paper Rex,BLEED,3,0,Bind,1.78,382,17,8,3,+9,92%,210,4%,10/10/2021,16:00
Paper Rex vs. BLEED,KJC eSports VALORANT Invitational,Playoffs,win,Paper Rex,BLEED,3,0,Icebox,1.37,299,29,19,8,+10,81%,182,6%,10/10/2021,16:00
Paper Rex vs. BLEED,KJC eSports VALORANT Invitational,Playoffs,win,Paper Rex,BLEED,3,0,Ascent,0.15,144,1,3,2,-2,67%,94,0%,10/10/2021,16:00
BLEED vs. Paper Rex,KJC eSports VALORANT Invitational,Playoffs,win,Paper Rex,BLEED,2,1,Ascent,1.46,313,14,8,0,+6,83%,182,16%,09/10/2021,16:00
BLEED vs. Paper Rex,KJC eSports VALORANT Invitational,Playoffs,win,Paper Rex,BLEED,2,1,Bind,1.17,303,32,21,7,+11,83%,189,14%,09/10/2021,16:00
BLEED vs. Paper Rex,KJC eSports VALORANT Invitational,Playoffs,win,Paper Rex,BLEED,2,1,Breeze,1.41,271,12,10,6,+2,79%,184,10%,09/10/2021,16:00
Paper Rex vs. Louvre,KJC eSports VALORANT Invitational,Playoffs,win,Paper Rex,Louvre,2,0,Ascent,1.54,317,13,7,5,+6,83%,200,5%,08/10/2021,16:35
Paper Rex vs. Louvre,KJC eSports VALORANT Invitational,Playoffs,win,Paper Rex,Louvre,2,0,Bind,1.33,332,28,16,8,+12,88%,211,13%,08/10/2021,16:35
Paper Rex vs. Foxy Araikordai,KJC eSports VALORANT Invitational,Playoffs,win,Paper Rex,Foxy Araikordai,2,0,Ascent,1.32,259,10,10,2,0,62%,189,35%,07/10/2021,15:30
Paper Rex vs. Foxy Araikordai,KJC eSports VALORANT Invitational,Playoffs,win,Paper Rex,Foxy Araikordai,2,0,Split,1.45,331,23,15,2,+8,71%,207,29%,07/10/2021,15:30
Louvre vs. Team SMG,Champions Tour Malaysia & Singapore Stage 3: Challengers 2,Main Event,loss,Team SMG,Louvre,0,1,Split,0.90,235,8,11,4,-3,67%,152,16%,24/07/2021,14:00
Team SMG vs. UndeRank,Champions Tour Malaysia & Singapore Stage 3: Challengers 2,Main Event,win,Team SMG,UndeRank,1,0,Ascent,2.12,433,19,6,5,+13,92%,247,17%,23/07/2021,20:15
Paper Rex vs. Team SMG,Champions Tour Malaysia & Singapore Stage 3: Challengers 2,Main Event,loss,Team SMG,Paper Rex,0,2,Icebox,1.42,299,13,9,0,+4,83%,179,34%,23/07/2021,9:00
Paper Rex vs. Team SMG,Champions Tour Malaysia & Singapore Stage 3: Challengers 2,Main Event,loss,Team SMG,Paper Rex,0,2,Split,1.04,260,20,16,1,+4,76%,163,31%,23/07/2021,9:00
Team SMG vs. Brain And Friends,Champions Tour Malaysia & Singapore Stage 3: Challengers 2,Qualifiers,win,Team SMG,Brain And Friends,2,1,Icebox,1.39,296,11,9,2,+2,50%,172,14%,17/07/2021,15:30
Team SMG vs. Brain And Friends,Champions Tour Malaysia & Singapore Stage 3: Challengers 2,Qualifiers,win,Team SMG,Brain And Friends,2,1,Ascent,1.71,368,39,18,11,+21,75%,218,15%,17/07/2021,15:30
Team SMG vs. Brain And Friends,Champions Tour Malaysia & Singapore Stage 3: Challengers 2,Qualifiers,win,Team SMG,Brain And Friends,2,1,Haven,3.18,619,18,2,5,+16,100%,341,12%,17/07/2021,15:30
Team SMG vs. Team Titan,Champions Tour Malaysia & Singapore Stage 3: Challengers 2,Qualifiers,win,Team SMG,Team Titan,2,0,Haven,1.66,433,10,4,0,+6,100%,226,32%,17/07/2021,12:00
Team SMG vs. Team Titan,Champions Tour Malaysia & Singapore Stage 3: Challengers 2,Qualifiers,win,Team SMG,Team Titan,2,0,Icebox,1.56,323,21,7,2,+14,89%,196,21%,17/07/2021,12:00
Todak vs. Team SMG,Champions Tour Malaysia & Singapore Stage 3: Challengers 1,Main Event,loss,Team SMG,Todak,0,1,Icebox,1.20,192,8,6,1,+2,75%,115,21%,10/07/2021,15:15
Saints vs. Team SMG,Champions Tour Malaysia & Singapore Stage 3: Challengers 1,Main Event,win,Team SMG,Saints,1,0,Icebox,1.14,273,10,8,0,+2,82%,145,20%,09/07/2021,19:15
Team SMG vs. Kingsmen,Champions Tour Malaysia & Singapore Stage 3: Challengers 1,Main Event,loss,Team SMG,Kingsmen,0,2,Icebox,1.61,373,15,9,1,+6,92%,214,36%,09/07/2021,12:10
Team SMG vs. Kingsmen,Champions Tour Malaysia & Singapore Stage 3: Challengers 1,Main Event,loss,Team SMG,Kingsmen,0,2,Haven,1.22,298,23,18,3,+5,79%,169,24%,09/07/2021,12:10
Team SMG vs. Saints,Champions Tour Malaysia & Singapore Stage 3: Challengers 1,Qualifiers,win,Team SMG,Saints,2,0,Icebox,1.78,426,6,3,1,+3,100%,152,43%,03/07/2021,15:30
Team SMG vs. Running Dogs,Champions Tour Malaysia & Singapore Stage 3: Challengers 1,Qualifiers,win,Team SMG,Running Dogs,2,0,Ascent,1.57,310,15,7,0,+8,67%,176,20%,03/07/2021,12:00
Team SMG vs. Running Dogs,Champions Tour Malaysia & Singapore Stage 3: Challengers 1,Qualifiers,win,Team SMG,Running Dogs,2,0,Split,1.53,332,22,12,6,+10,78%,190,20%,03/07/2021,12:00
Team SMG vs. Orgless,Champions Tour Malaysia & Singapore Stage 2: Challengers 3,Main Event,loss,Orgless,Team SMG,1,2,Ascent,1.26,284,12,8,2,+4,58%,177,29%,24/04/2021,9:00
Team SMG vs. Orgless,Champions Tour Malaysia & Singapore Stage 2: Challengers 3,Main Event,loss,Orgless,Team SMG,1,2,Bind,0.99,290,31,23,7,+8,69%,175,18%,24/04/2021,9:00
Team SMG vs. Orgless,Champions Tour Malaysia & Singapore Stage 2: Challengers 3,Main Event,loss,Orgless,Team SMG,1,2,Split,0.82,221,5,7,1,-2,63%,119,19%,24/04/2021,9:00
Todak vs. Orgless,Champions Tour Malaysia & Singapore Stage 2: Challengers 3,Main Event,loss,Orgless,Todak,1,2,Haven,1.48,298,12,7,3,+5,75%,201,19%,23/04/2021,9:00
Todak vs. Orgless,Champions Tour Malaysia & Singapore Stage 2: Challengers 3,Main Event,loss,Orgless,Todak,1,2,Bind,1.20,236,29,25,3,+4,61%,154,18%,23/04/2021,9:00
Todak vs. Orgless,Champions Tour Malaysia & Singapore Stage 2: Challengers 3,Main Event,loss,Orgless,Todak,1,2,Split,0.58,146,6,10,0,-4,50%,101,28%,23/04/2021,9:00
Louvre vs. Orgless,Champions Tour Malaysia & Singapore Stage 2: Challengers 2,Main Event,loss,Orgless,Louvre,0,1,Haven,1.77,365,14,6,2,+8,70%,195,29%,17/04/2021,15:40
Kingsmen vs. Orgless,Champions Tour Malaysia & Singapore Stage 2: Challengers 2,Main Event,win,Orgless,Kingsmen,1,0,Bind,1.09,284,12,9,0,+3,75%,170,16%,16/04/2021,19:15
Team SMG vs. Orgless,Champions Tour Malaysia & Singapore Stage 2: Challengers 2,Main Event,loss,Orgless,Team SMG,0,2,Split,0.80,250,9,8,0,+1,80%,156,13%,16/04/2021,12:30
Team SMG vs. Orgless,Champions Tour Malaysia & Singapore Stage 2: Challengers 2,Main Event,loss,Orgless,Team SMG,0,2,Ascent,0.76,208,16,19,1,-3,64%,131,15%,16/04/2021,12:30
Orgless vs. Todak,Champions Tour Malaysia & Singapore Stage 2: Challengers 2,Qualifiers Day 1,win,Orgless,Todak,2,0,Icebox,1.18,310,13,10,2,+3,75%,223,17%,10/04/2021,16:00
Orgless vs. Todak,Champions Tour Malaysia & Singapore Stage 2: Challengers 2,Qualifiers Day 1,win,Orgless,Todak,2,0,Bind,1.11,304,24,18,8,+6,79%,214,15%,10/04/2021,16:00
Orgless vs. Wulf Esports,Champions Tour Malaysia & Singapore Stage 2: Challengers 2,Qualifiers Day 1,win,Orgless,Wulf Esports,2,0,Bind,1.60,380,3,1,0,+2,100%,120,0%,10/04/2021,12:30
Orgless vs. Wulf Esports,Champions Tour Malaysia & Singapore Stage 2: Challengers 2,Qualifiers Day 1,win,Orgless,Wulf Esports,2,0,Ascent,2.22,384,19,5,5,+14,100%,238,14%,10/04/2021,12:30
Orgless vs. Rendezvous,Champions Tour Malaysia & Singapore Stage 2: Challengers 2,Qualifiers Day 1,win,Orgless,Rendezvous,2,0,Ascent,1.26,279,11,7,4,+4,83%,180,18%,10/04/2021,10:30
Orgless vs. Rendezvous,Champions Tour Malaysia & Singapore Stage 2: Challengers 2,Qualifiers Day 1,win,Orgless,Rendezvous,2,0,Haven,1.60,318,26,14,6,+12,75%,204,18%,10/04/2021,10:30
Team SMG vs. Orgless,Champions Tour Malaysia & Singapore Stage 2: Challengers 1,Main Event,loss,Orgless,Team SMG,0,1,Ascent,1.33,298,13,9,4,+4,83%,197,17%,03/04/2021,14:45
Orgless vs. Zero Synergy,Champions Tour Malaysia & Singapore Stage 2: Challengers 1,Main Event,win,Orgless,Zero Synergy,1,0,Bind,2.11,394,17,6,5,+11,75%,251,19%,02/04/2021,20:10
Orgless vs. Team 600,Champions Tour Malaysia & Singapore Stage 2: Challengers 1,Main Event,loss,Orgless,Team 600,0,2,Ascent,1.70,390,6,4,2,+2,80%,181,4%,02/04/2021,14:25
Orgless vs. Team 600,Champions Tour Malaysia & Singapore Stage 2: Challengers 1,Main Event,loss,Orgless,Team 600,0,2,Split,1.09,381,20,12,5,+8,71%,199,11%,02/04/2021,14:25
Reality Rift vs. Paper Rex,Champions Tour Malaysia & Singapore Stage 1: Challengers 1,Qualifier,win,Reality Rift,Paper Rex,2,1,Ascent,1.57,374,12,7,3,+5,78%,185,23%,30/01/2021,12:30
Reality Rift vs. Paper Rex,Champions Tour Malaysia & Singapore Stage 1: Challengers 1,Qualifier,win,Reality Rift,Paper Rex,2,1,Haven,1.21,368,40,26,6,+14,73%,203,15%,30/01/2021,12:30
Reality Rift vs. Paper Rex,Champions Tour Malaysia & Singapore Stage 1: Challengers 1,Qualifier,win,Reality Rift,Paper Rex,2,1,Bind,1.22,291,11,12,2,-1,67%,183,12%,30/01/2021,12:30
