Paper Rex vs. Global Esports,Champions Tour 2025: Pacific Stage 1,Group Stage,win,Paper Rex,Global Esports,2,0,Split,2.01,354,9,3,2,+6,100%,239,40%,19/04/2025,15:00
Paper Rex vs. Global Esports,Champions Tour 2025: Pacific Stage 1,Group Stage,win,Paper Rex,Global Esports,2,0,Lotus,1.29,335,21,8,3,+13,81%,208,38%,19/04/2025,15:00
DetonatioN FocusMe vs. Paper Rex,Champions Tour 2025: Pacific Stage 1,Group Stage,win,Paper Rex,DetonatioN FocusMe,2,1,Ascent,0.74,146,8,10,1,-2,67%,84,29%,14/04/2025,17:10
DetonatioN FocusMe vs. Paper Rex,Champions Tour 2025: Pacific Stage 1,Group Stage,win,Paper Rex,DetonatioN FocusMe,2,1,Lotus,0.89,184,29,24,2,+5,74%,114,24%,14/04/2025,17:10
DetonatioN FocusMe vs. Paper Rex,Champions Tour 2025: Pacific Stage 1,Group Stage,win,Paper Rex,DetonatioN FocusMe,2,1,Pearl,0.96,208,10,6,0,+4,88%,120,16%,14/04/2025,17:10
Paper Rex vs. BOOM Esports,Champions Tour 2025: Pacific Stage 1,Group Stage,loss,Paper Rex,BOOM Esports,1,2,Ascent,1.20,265,8,7,2,+1,67%,171,32%,06/04/2025,15:00
Paper Rex vs. BOOM Esports,Champions Tour 2025: Pacific Stage 1,Group Stage,loss,Paper Rex,BOOM Esports,1,2,Fracture,0.70,173,19,23,7,-4,65%,114,40%,06/04/2025,15:00
Paper Rex vs. BOOM Esports,Champions Tour 2025: Pacific Stage 1,Group Stage,loss,Paper Rex,BOOM Esports,1,2,Pearl,0.79,188,7,8,2,-1,80%,133,54%,06/04/2025,15:00
Gen.G vs. Paper Rex,Champions Tour 2025: Pacific Stage 1,Group Stage,loss,Paper Rex,Gen.G,1,2,Lotus,0.64,163,7,9,5,-2,83%,127,12%,30/03/2025,15:00
Gen.G vs. Paper Rex,Champions Tour 2025: Pacific Stage 1,Group Stage,loss,Paper Rex,Gen.G,1,2,Fracture,0.79,166,15,18,5,-3,79%,119,15%,30/03/2025,15:00
Gen.G vs. Paper Rex,Champions Tour 2025: Pacific Stage 1,Group Stage,loss,Paper Rex,Gen.G,1,2,Haven,1.02,176,5,4,0,+1,86%,124,11%,30/03/2025,15:00
DRX vs. Paper Rex,Champions Tour 2025: Pacific Stage 1,Group Stage,loss,Paper Rex,DRX,1,2,Haven,1.17,187,9,6,3,+3,75%,125,14%,23/03/2025,15:00
DRX vs. Paper Rex,Champions Tour 2025: Pacific Stage 1,Group Stage,loss,Paper Rex,DRX,1,2,Icebox,0.64,191,23,19,14,+4,77%,122,26%,23/03/2025,15:00
DRX vs. Paper Rex,Champions Tour 2025: Pacific Stage 1,Group Stage,loss,Paper Rex,DRX,1,2,Lotus,0.61,140,5,9,10,-4,64%,86,31%,23/03/2025,15:00
DetonatioN FocusMe vs. Paper Rex,Champions Tour 2025: Pacific Kickoff,Main Event,loss,Paper Rex,DetonatioN FocusMe,0,2,Abyss,0.58,94,3,9,11,-6,75%,76,17%,01/02/2025,19:10
DetonatioN FocusMe vs. Paper Rex,Champions Tour 2025: Pacific Kickoff,Main Event,loss,Paper Rex,DetonatioN FocusMe,0,2,Pearl,0.58,84,3,11,11,-8,64%,69,15%,01/02/2025,19:10
Paper Rex vs. ZETA DIVISION,Champions Tour 2025: Pacific Kickoff,Main Event,win,Paper Rex,ZETA DIVISION,2,0,Lotus,1.27,232,10,7,7,+3,83%,170,45%,26/01/2025,18:00
Paper Rex vs. ZETA DIVISION,Champions Tour 2025: Pacific Kickoff,Main Event,win,Paper Rex,ZETA DIVISION,2,0,Fracture,1.29,249,19,11,10,+8,90%,185,40%,26/01/2025,18:00
Paper Rex vs. T1,Champions Tour 2025: Pacific Kickoff,Main Event,loss,Paper Rex,T1,1,2,Bind,0.33,130,3,7,3,-4,86%,82,57%,20/01/2025,18:15
Paper Rex vs. T1,Champions Tour 2025: Pacific Kickoff,Main Event,loss,Paper Rex,T1,1,2,Fracture,1.02,194,21,19,9,+2,86%,128,37%,20/01/2025,18:15
Paper Rex vs. T1,Champions Tour 2025: Pacific Kickoff,Main Event,loss,Paper Rex,T1,1,2,Split,1.13,215,7,5,2,+2,89%,147,21%,20/01/2025,18:15
EDward Gaming vs. Paper Rex,Valorant Champions 2024,Group Stage,loss,Paper Rex,EDward Gaming,1,2,Icebox,0.89,153,5,7,7,-2,83%,119,17%,11/08/2024,17:15
EDward Gaming vs. Paper Rex,Valorant Champions 2024,Group Stage,loss,Paper Rex,EDward Gaming,1,2,Sunset,1.01,146,12,20,10,-8,77%,105,28%,11/08/2024,17:15
EDward Gaming vs. Paper Rex,Valorant Champions 2024,Group Stage,loss,Paper Rex,EDward Gaming,1,2,Lotus,0.45,134,4,9,2,-5,67%,96,40%,11/08/2024,17:15
FUT Esports vs. Paper Rex,Valorant Champions 2024,Group Stage,win,Paper Rex,FUT Esports,2,0,Sunset,1.34,229,11,7,3,+4,83%,157,26%,09/08/2024,17:25
FUT Esports vs. Paper Rex,Valorant Champions 2024,Group Stage,win,Paper Rex,FUT Esports,2,0,Bind,1.36,198,14,12,5,+2,79%,137,23%,09/08/2024,17:25
G2 Esports vs. Paper Rex,Valorant Champions 2024,Group Stage,loss,Paper Rex,G2 Esports,0,2,Icebox,0.15,99,2,9,3,-7,78%,78,19%,04/08/2024,15:00
G2 Esports vs. Paper Rex,Valorant Champions 2024,Group Stage,loss,Paper Rex,G2 Esports,0,2,Lotus,0.61,215,13,19,5,-6,71%,151,27%,04/08/2024,15:00
DRX vs. Paper Rex,Champions Tour 2024: Pacific Stage 2,Playoffs,loss,Paper Rex,DRX,2,3,Abyss,1.22,203,8,8,6,0,67%,135,11%,20/07/2024,15:00
DRX vs. Paper Rex,Champions Tour 2024: Pacific Stage 2,Playoffs,loss,Paper Rex,DRX,2,3,Lotus,1.16,172,31,38,21,-7,72%,118,27%,20/07/2024,15:00
DRX vs. Paper Rex,Champions Tour 2024: Pacific Stage 2,Playoffs,loss,Paper Rex,DRX,2,3,Bind,0.79,126,4,7,6,-3,64%,92,36%,20/07/2024,15:00
DRX vs. Paper Rex,Champions Tour 2024: Pacific Stage 2,Playoffs,loss,Paper Rex,DRX,2,3,Icebox,0.54,162,6,9,2,-3,67%,101,54%,20/07/2024,15:00
DRX vs. Paper Rex,Champions Tour 2024: Pacific Stage 2,Playoffs,loss,Paper Rex,DRX,2,3,Ascent,1.17,203,9,8,2,+1,91%,156,23%,20/07/2024,15:00
Paper Rex vs. TALON,Champions Tour 2024: Pacific Stage 2,Playoffs,win,Paper Rex,TALON,2,0,Ascent,0.16,94,2,3,0,-1,50%,34,50%,14/07/2024,18:15
Paper Rex vs. TALON,Champions Tour 2024: Pacific Stage 2,Playoffs,win,Paper Rex,TALON,2,0,Sunset,1.17,264,16,8,10,+8,81%,161,29%,14/07/2024,18:15
Paper Rex vs. Gen.G,Champions Tour 2024: Pacific Stage 2,Playoffs,loss,Paper Rex,Gen.G,0,2,Ascent,1.24,213,8,9,5,-1,75%,157,21%,13/07/2024,15:00
Paper Rex vs. Gen.G,Champions Tour 2024: Pacific Stage 2,Playoffs,loss,Paper Rex,Gen.G,0,2,Icebox,0.99,149,10,20,6,-10,58%,117,16%,13/07/2024,15:00
Paper Rex vs. ZETA DIVISION,Champions Tour 2024: Pacific Stage 2,Regular Season,win,Paper Rex,ZETA DIVISION,2,1,Ascent,0.37,75,2,9,8,-7,67%,55,27%,07/07/2024,18:00
Paper Rex vs. ZETA DIVISION,Champions Tour 2024: Pacific Stage 2,Regular Season,win,Paper Rex,ZETA DIVISION,2,1,Lotus,1.31,220,24,11,15,+13,86%,140,28%,07/07/2024,18:00
Paper Rex vs. ZETA DIVISION,Champions Tour 2024: Pacific Stage 2,Regular Season,win,Paper Rex,ZETA DIVISION,2,1,Sunset,1.97,311,15,2,3,+13,100%,206,30%,07/07/2024,18:00
Paper Rex vs. Rex Regum Qeon,Champions Tour 2024: Pacific Stage 2,Regular Season,win,Paper Rex,Rex Regum Qeon,2,1,Lotus,1.07,198,6,6,3,0,75%,145,45%,05/07/2024,15:00
Paper Rex vs. Rex Regum Qeon,Champions Tour 2024: Pacific Stage 2,Regular Season,win,Paper Rex,Rex Regum Qeon,2,1,Ascent,1.27,230,26,20,13,+6,81%,157,29%,05/07/2024,15:00
Paper Rex vs. Rex Regum Qeon,Champions Tour 2024: Pacific Stage 2,Regular Season,win,Paper Rex,Rex Regum Qeon,2,1,Sunset,1.30,231,9,8,4,+1,75%,157,13%,05/07/2024,15:00
Paper Rex vs. DetonatioN FocusMe,Champions Tour 2024: Pacific Stage 2,Regular Season,win,Paper Rex,DetonatioN FocusMe,2,0,Icebox,1.60,332,14,7,4,+7,92%,233,30%,01/07/2024,15:00
Paper Rex vs. DetonatioN FocusMe,Champions Tour 2024: Pacific Stage 2,Regular Season,win,Paper Rex,DetonatioN FocusMe,2,0,Sunset,0.94,274,20,15,7,+5,81%,179,28%,01/07/2024,15:00
Paper Rex vs. DRX,Champions Tour 2024: Pacific Stage 2,Regular Season,win,Paper Rex,DRX,2,1,Split,0.98,177,7,7,2,0,75%,126,25%,22/06/2024,18:50
Paper Rex vs. DRX,Champions Tour 2024: Pacific Stage 2,Regular Season,win,Paper Rex,DRX,2,1,Haven,1.31,230,31,19,4,+12,75%,152,21%,22/06/2024,18:50
Paper Rex vs. DRX,Champions Tour 2024: Pacific Stage 2,Regular Season,win,Paper Rex,DRX,2,1,Icebox,0.72,165,6,8,1,-2,58%,120,11%,22/06/2024,18:50
Paper Rex vs. TALON,Champions Tour 2024: Pacific Stage 2,Regular Season,win,Paper Rex,TALON,2,0,Icebox,0.80,119,5,7,2,-2,100%,83,22%,16/06/2024,18:30
Paper Rex vs. TALON,Champions Tour 2024: Pacific Stage 2,Regular Season,win,Paper Rex,TALON,2,0,Sunset,1.40,201,18,13,5,+5,96%,132,29%,16/06/2024,18:30
Paper Rex vs. Gen.G,Champions Tour 2024: Pacific Stage 1,Playoffs,win,Paper Rex,Gen.G,3,2,Lotus,0.77,155,6,9,9,-3,67%,79,18%,12/05/2024,15:00
Paper Rex vs. Gen.G,Champions Tour 2024: Pacific Stage 1,Playoffs,win,Paper Rex,Gen.G,3,2,Sunset,0.99,205,37,40,30,-3,72%,138,28%,12/05/2024,15:00
Paper Rex vs. Gen.G,Champions Tour 2024: Pacific Stage 1,Playoffs,win,Paper Rex,Gen.G,3,2,Icebox,1.01,124,4,4,5,0,70%,94,25%,12/05/2024,15:00
Paper Rex vs. Gen.G,Champions Tour 2024: Pacific Stage 1,Playoffs,win,Paper Rex,Gen.G,3,2,Bind,1.04,216,9,9,5,0,75%,154,41%,12/05/2024,15:00
Paper Rex vs. Gen.G,Champions Tour 2024: Pacific Stage 1,Playoffs,win,Paper Rex,Gen.G,3,2,Split,1.20,270,9,9,8,0,67%,184,31%,12/05/2024,15:00
T1 vs. Paper Rex,Champions Tour 2024: Pacific Stage 1,Playoffs,win,Paper Rex,T1,2,0,Lotus,1.42,178,7,5,10,+2,92%,123,28%,05/05/2024,15:00
T1 vs. Paper Rex,Champions Tour 2024: Pacific Stage 1,Playoffs,win,Paper Rex,T1,2,0,Sunset,1.12,196,12,9,14,+3,89%,141,30%,05/05/2024,15:00
DRX vs. Paper Rex,Champions Tour 2024: Pacific Stage 1,Playoffs,win,Paper Rex,DRX,2,1,Lotus,1.67,238,6,3,4,+3,100%,166,50%,04/05/2024,18:10
DRX vs. Paper Rex,Champions Tour 2024: Pacific Stage 1,Playoffs,win,Paper Rex,DRX,2,1,Ascent,1.43,163,16,20,16,-4,87%,111,34%,04/05/2024,18:10
DRX vs. Paper Rex,Champions Tour 2024: Pacific Stage 1,Playoffs,win,Paper Rex,DRX,2,1,Bind,0.51,143,4,11,9,-7,82%,89,20%,04/05/2024,18:10
Paper Rex vs. TALON,Champions Tour 2024: Pacific Stage 1,Playoffs,win,Paper Rex,TALON,2,1,Sunset,1.01,204,24,16,19,+8,90%,114,35%,03/05/2024,17:10
Paper Rex vs. TALON,Champions Tour 2024: Pacific Stage 1,Playoffs,win,Paper Rex,TALON,2,1,Bind,0.80,160,5,8,3,-3,80%,91,36%,03/05/2024,17:10
BLEED vs. Paper Rex,Champions Tour 2024: Pacific Stage 1,Regular Season,win,Paper Rex,BLEED,2,0,Ascent,1.28,258,6,4,2,+2,83%,137,50%,27/04/2024,15:00
BLEED vs. Paper Rex,Champions Tour 2024: Pacific Stage 1,Regular Season,win,Paper Rex,BLEED,2,0,Bind,1.62,244,12,9,3,+3,85%,147,45%,27/04/2024,15:00
Global Esports vs. Paper Rex,Champions Tour 2024: Pacific Stage 1,Regular Season,win,Paper Rex,Global Esports,2,0,Sunset,1.28,252,11,6,7,+5,92%,158,29%,23/04/2024,17:50
Global Esports vs. Paper Rex,Champions Tour 2024: Pacific Stage 1,Regular Season,win,Paper Rex,Global Esports,2,0,Icebox,1.95,199,18,15,8,+3,92%,129,30%,23/04/2024,17:50
Team Secret vs. Paper Rex,Champions Tour 2024: Pacific Stage 1,Regular Season,loss,Paper Rex,Team Secret,0,2,Icebox,0.98,241,10,11,1,-1,75%,157,36%,21/04/2024,18:00
Team Secret vs. Paper Rex,Champions Tour 2024: Pacific Stage 1,Regular Season,loss,Paper Rex,Team Secret,0,2,Sunset,1.08,181,13,20,3,-7,67%,113,30%,21/04/2024,18:00
Gen.G vs. Paper Rex,Champions Tour 2024: Pacific Stage 1,Regular Season,win,Paper Rex,Gen.G,2,1,Lotus,1.22,176,7,5,10,+2,100%,139,21%,13/04/2024,15:00
Gen.G vs. Paper Rex,Champions Tour 2024: Pacific Stage 1,Regular Season,win,Paper Rex,Gen.G,2,1,Icebox,0.94,165,18,19,15,-1,84%,122,31%,13/04/2024,15:00
Gen.G vs. Paper Rex,Champions Tour 2024: Pacific Stage 1,Regular Season,win,Paper Rex,Gen.G,2,1,Bind,0.80,153,8,9,1,-1,75%,107,44%,13/04/2024,15:00
T1 vs. Paper Rex,Champions Tour 2024: Pacific Stage 1,Regular Season,win,Paper Rex,T1,2,0,Lotus,0.64,163,5,10,6,-5,75%,129,35%,07/04/2024,18:15
T1 vs. Paper Rex,Champions Tour 2024: Pacific Stage 1,Regular Season,win,Paper Rex,T1,2,0,Bind,1.35,206,16,20,8,-4,76%,143,43%,07/04/2024,18:15
Sentinels vs. Paper Rex,Champions Tour 2024: Masters Madrid,Playoffs,loss,Paper Rex,Sentinels,1,3,Lotus,1.00,129,5,8,6,-3,62%,87,13%,23/03/2024,22:00
Sentinels vs. Paper Rex,Champions Tour 2024: Masters Madrid,Playoffs,loss,Paper Rex,Sentinels,1,3,Ascent,0.91,130,17,33,18,-16,65%,92,21%,23/03/2024,22:00
Sentinels vs. Paper Rex,Champions Tour 2024: Masters Madrid,Playoffs,loss,Paper Rex,Sentinels,1,3,Split,0.51,111,4,10,4,-6,58%,76,18%,23/03/2024,22:00
Sentinels vs. Paper Rex,Champions Tour 2024: Masters Madrid,Playoffs,loss,Paper Rex,Sentinels,1,3,Sunset,0.68,115,2,4,4,-2,67%,92,50%,23/03/2024,22:00
Paper Rex vs. LOUD,Champions Tour 2024: Masters Madrid,Playoffs,win,Paper Rex,LOUD,2,0,Ascent,0.71,175,8,11,3,-3,58%,93,35%,23/03/2024,12:55
Paper Rex vs. LOUD,Champions Tour 2024: Masters Madrid,Playoffs,win,Paper Rex,LOUD,2,0,Sunset,1.28,138,10,19,11,-9,71%,70,21%,23/03/2024,12:55
Gen.G vs. Paper Rex,Champions Tour 2024: Masters Madrid,Playoffs,loss,Paper Rex,Gen.G,0,2,Split,1.09,138,5,6,4,-1,78%,77,40%,21/03/2024,22:00
Gen.G vs. Paper Rex,Champions Tour 2024: Masters Madrid,Playoffs,loss,Paper Rex,Gen.G,0,2,Lotus,1.27,255,20,15,9,+5,81%,165,30%,21/03/2024,22:00
Karmine Corp vs. Paper Rex,Champions Tour 2024: Masters Madrid,Swiss Stage,win,Paper Rex,Karmine Corp,2,1,Bind,1.33,184,9,5,3,+4,75%,112,35%,18/03/2024,23:55
Karmine Corp vs. Paper Rex,Champions Tour 2024: Masters Madrid,Swiss Stage,win,Paper Rex,Karmine Corp,2,1,Lotus,0.89,204,25,24,14,+1,62%,141,35%,18/03/2024,23:55
Karmine Corp vs. Paper Rex,Champions Tour 2024: Masters Madrid,Swiss Stage,win,Paper Rex,Karmine Corp,2,1,Ascent,1.40,272,9,8,8,+1,75%,201,35%,18/03/2024,23:55
Team Heretics vs. Paper Rex,Champions Tour 2024: Masters Madrid,Swiss Stage,win,Paper Rex,Team Heretics,2,1,Sunset,1.08,224,10,9,2,+1,75%,143,21%,18/03/2024,12:20
Team Heretics vs. Paper Rex,Champions Tour 2024: Masters Madrid,Swiss Stage,win,Paper Rex,Team Heretics,2,1,Lotus,1.06,173,22,27,12,-5,72%,113,20%,18/03/2024,12:20
Team Heretics vs. Paper Rex,Champions Tour 2024: Masters Madrid,Swiss Stage,win,Paper Rex,Team Heretics,2,1,Split,0.64,151,7,10,2,-3,83%,99,18%,18/03/2024,12:20
EDward Gaming vs. Paper Rex,Champions Tour 2024: Masters Madrid,Swiss Stage,loss,Paper Rex,EDward Gaming,1,2,Sunset,1.22,215,10,6,6,+4,100%,148,65%,15/03/2024,22:00
EDward Gaming vs. Paper Rex,Champions Tour 2024: Masters Madrid,Swiss Stage,loss,Paper Rex,EDward Gaming,1,2,Bind,0.92,174,22,27,12,-5,69%,127,45%,15/03/2024,22:00
EDward Gaming vs. Paper Rex,Champions Tour 2024: Masters Madrid,Swiss Stage,loss,Paper Rex,EDward Gaming,1,2,Split,0.89,176,7,9,6,-2,67%,152,52%,15/03/2024,22:00
Paper Rex vs. Gen.G,Champions Tour 2024: Pacific Kickoff,Playoffs,loss,Paper Rex,Gen.G,1,3,Ascent,0.90,117,4,8,7,-4,75%,88,17%,25/02/2024,15:00
Paper Rex vs. Gen.G,Champions Tour 2024: Pacific Kickoff,Playoffs,loss,Paper Rex,Gen.G,1,3,Split,0.86,181,27,28,17,-1,78%,120,30%,25/02/2024,15:00
Paper Rex vs. Gen.G,Champions Tour 2024: Pacific Kickoff,Playoffs,loss,Paper Rex,Gen.G,1,3,Lotus,0.89,201,9,9,3,0,75%,144,32%,25/02/2024,15:00
Paper Rex vs. Gen.G,Champions Tour 2024: Pacific Kickoff,Playoffs,loss,Paper Rex,Gen.G,1,3,Bind,1.23,200,10,6,4,+4,83%,112,53%,25/02/2024,15:00
T1 vs. Paper Rex,Champions Tour 2024: Pacific Kickoff,Playoffs,win,Paper Rex,T1,2,0,Split,1.05,164,7,9,12,-2,67%,119,28%,24/02/2024,15:00
T1 vs. Paper Rex,Champions Tour 2024: Pacific Kickoff,Playoffs,win,Paper Rex,T1,2,0,Ascent,0.95,181,14,16,23,-2,81%,120,23%,24/02/2024,15:00
Gen.G vs. Paper Rex,Champions Tour 2024: Pacific Kickoff,Group Stage,win,Paper Rex,Gen.G,2,1,Breeze,1.94,315,15,6,1,+9,67%,243,43%,19/02/2024,13:00
Gen.G vs. Paper Rex,Champions Tour 2024: Pacific Kickoff,Group Stage,win,Paper Rex,Gen.G,2,1,Lotus,1.06,273,32,20,7,+12,65%,194,45%,19/02/2024,13:00
Gen.G vs. Paper Rex,Champions Tour 2024: Pacific Kickoff,Group Stage,win,Paper Rex,Gen.G,2,1,Sunset,1.45,255,10,7,6,+3,73%,170,43%,19/02/2024,13:00
Sentinels vs. Paper Rex,AfreecaTV Valorant League,Playoffs,loss,Paper Rex,Sentinels,0,3,Split,0.64,120,5,9,2,-4,42%,101,38%,10/12/2023,16:25
Sentinels vs. Paper Rex,AfreecaTV Valorant League,Playoffs,loss,Paper Rex,Sentinels,0,3,Sunset,1.09,246,33,27,7,+6,67%,166,31%,10/12/2023,16:25
Sentinels vs. Paper Rex,AfreecaTV Valorant League,Playoffs,loss,Paper Rex,Sentinels,0,3,Breeze,1.46,294,13,9,3,+4,83%,190,30%,10/12/2023,16:25
T1 vs. Paper Rex,AfreecaTV Valorant League,Playoffs,win,Paper Rex,T1,2,0,Sunset,0.96,241,7,6,1,+1,75%,162,44%,09/12/2023,19:00
T1 vs. Paper Rex,AfreecaTV Valorant League,Playoffs,win,Paper Rex,T1,2,0,Lotus,1.05,216,17,11,7,+6,80%,145,47%,09/12/2023,19:00
DRX vs. Paper Rex,AfreecaTV Valorant League,Group Stage,win,Paper Rex,DRX,2,0,Lotus,1.41,227,7,5,6,+2,100%,154,24%,07/12/2023,18:15
DRX vs. Paper Rex,AfreecaTV Valorant League,Group Stage,win,Paper Rex,DRX,2,0,Breeze,0.91,206,17,8,11,+9,90%,146,39%,07/12/2023,18:15
Paper Rex vs. FULL SENSE,AfreecaTV Valorant League,Group Stage,win,Paper Rex,FULL SENSE,2,0,Haven,1.10,166,12,10,6,+2,65%,104,32%,07/12/2023,15:00
Paper Rex vs. FULL SENSE,AfreecaTV Valorant League,Group Stage,win,Paper Rex,FULL SENSE,2,0,Sunset,1.33,166,12,10,6,+2,65%,104,32%,07/12/2023,15:00
Sentinels vs. Paper Rex,AfreecaTV Valorant League,Group Stage,loss,Paper Rex,Sentinels,1,2,Breeze,0.68,185,9,11,1,-2,50%,104,33%,05/12/2023,15:00
Sentinels vs. Paper Rex,AfreecaTV Valorant League,Group Stage,loss,Paper Rex,Sentinels,1,2,Sunset,0.95,174,27,25,5,+2,66%,110,41%,05/12/2023,15:00
Sentinels vs. Paper Rex,AfreecaTV Valorant League,Group Stage,loss,Paper Rex,Sentinels,1,2,Haven,1.46,252,13,7,3,+6,83%,162,58%,05/12/2023,15:00
Paper Rex vs. Indonesia Pacific,Valorant Indonesia CONNEXT 2023,Main Event,win,Paper Rex,Indonesia Pacific,1,0,Ascent,1.14,197,9,7,1,+2,83%,142,30%,12/11/2023,20:20
CONNEXT Fantasy 1 vs. CONNEXT Fantasy 2,Valorant Indonesia CONNEXT 2023,Main Event,win,CONNEXT Fantasy 1,CONNEXT Fantasy 2,1,0,Bind,0.47,161,5,11,3,-6,58%,106,15%,12/11/2023,19:00
Paper Rex vs. CONNEXT Roster Hunt,Valorant Indonesia CONNEXT 2023,Main Event,win,Paper Rex,CONNEXT Roster Hunt,1,0,Split,0.63,86,4,8,4,-4,83%,54,38%,12/11/2023,17:55
Paper Rex vs. Evil Geniuses,Valorant Champions 2023,Playoffs,loss,Paper Rex,Evil Geniuses,1,3,Split,1.63,269,11,6,5,+5,100%,181,28%,27/08/2023,2:30
Paper Rex vs. Evil Geniuses,Valorant Champions 2023,Playoffs,loss,Paper Rex,Evil Geniuses,1,3,Ascent,0.83,212,37,28,21,+9,85%,142,28%,27/08/2023,2:30
Paper Rex vs. Evil Geniuses,Valorant Champions 2023,Playoffs,loss,Paper Rex,Evil Geniuses,1,3,Bind,1.37,229,10,7,6,+3,75%,140,22%,27/08/2023,2:30
Paper Rex vs. Evil Geniuses,Valorant Champions 2023,Playoffs,loss,Paper Rex,Evil Geniuses,1,3,Lotus,0.77,162,6,9,8,-3,83%,129,42%,27/08/2023,2:30
Paper Rex vs. Evil Geniuses,Valorant Champions 2023,Playoffs,win,Paper Rex,Evil Geniuses,2,1,Ascent,0.73,147,6,8,5,-2,67%,94,6%,25/08/2023,2:00
Paper Rex vs. Evil Geniuses,Valorant Champions 2023,Playoffs,win,Paper Rex,Evil Geniuses,2,1,Bind,0.88,182,26,28,20,-2,71%,118,26%,25/08/2023,2:00
Paper Rex vs. Evil Geniuses,Valorant Champions 2023,Playoffs,win,Paper Rex,Evil Geniuses,2,1,Pearl,1.04,208,10,10,1,0,58%,127,53%,25/08/2023,2:00
LOUD vs. Paper Rex,Valorant Champions 2023,Playoffs,win,Paper Rex,LOUD,2,1,Lotus,0.39,127,6,12,6,-6,71%,86,30%,20/08/2023,2:00
LOUD vs. Paper Rex,Valorant Champions 2023,Playoffs,win,Paper Rex,LOUD,2,1,Split,1.11,160,16,22,13,-6,76%,106,25%,20/08/2023,2:00
LOUD vs. Paper Rex,Valorant Champions 2023,Playoffs,win,Paper Rex,LOUD,2,1,Pearl,0.85,233,2,3,1,-1,67%,140,7%,20/08/2023,2:00
Paper Rex vs. FUT Esports,Valorant Champions 2023,Playoffs,win,Paper Rex,FUT Esports,2,0,Ascent,1.21,220,9,8,7,+1,83%,124,29%,17/08/2023,4:25
Paper Rex vs. FUT Esports,Valorant Champions 2023,Playoffs,win,Paper Rex,FUT Esports,2,0,Pearl,1.46,245,22,13,15,+9,92%,146,32%,17/08/2023,4:25
Paper Rex vs. EDward Gaming,Valorant Champions 2023,Group Stage,win,Paper Rex,EDward Gaming,2,0,Fracture,1.01,162,8,7,0,+1,67%,134,29%,11/08/2023,6:45
Paper Rex vs. EDward Gaming,Valorant Champions 2023,Group Stage,win,Paper Rex,EDward Gaming,2,0,Pearl,1.49,142,14,14,9,0,74%,113,32%,11/08/2023,6:45
Paper Rex vs. KRÜ Esports,Valorant Champions 2023,Group Stage,win,Paper Rex,KRÜ Esports,2,0,Split,0.86,116,5,6,1,-1,75%,83,38%,10/08/2023,2:00
Paper Rex vs. KRÜ Esports,Valorant Champions 2023,Group Stage,win,Paper Rex,KRÜ Esports,2,0,Pearl,1.11,174,17,12,7,+5,88%,112,38%,10/08/2023,2:00
Evil Geniuses vs. Paper Rex,Champions Tour 2023: Masters Tokyo,Playoffs,loss,Paper Rex,Evil Geniuses,2,3,Fracture,1.12,243,10,10,1,0,75%,168,29%,24/06/2023,10:00
Evil Geniuses vs. Paper Rex,Champions Tour 2023: Masters Tokyo,Playoffs,loss,Paper Rex,Evil Geniuses,2,3,Lotus,1.14,198,40,41,21,-1,79%,133,28%,24/06/2023,10:00
Evil Geniuses vs. Paper Rex,Champions Tour 2023: Masters Tokyo,Playoffs,loss,Paper Rex,Evil Geniuses,2,3,Split,1.03,167,7,7,6,0,85%,105,23%,24/06/2023,10:00
Evil Geniuses vs. Paper Rex,Champions Tour 2023: Masters Tokyo,Playoffs,loss,Paper Rex,Evil Geniuses,2,3,Pearl,1.31,240,10,9,5,+1,75%,165,38%,24/06/2023,10:00
Evil Geniuses vs. Paper Rex,Champions Tour 2023: Masters Tokyo,Playoffs,loss,Paper Rex,Evil Geniuses,2,3,Ascent,0.93,186,9,9,5,0,83%,120,29%,24/06/2023,10:00
NRG Esports vs. Paper Rex,Champions Tour 2023: Masters Tokyo,Playoffs,win,Paper Rex,NRG Esports,2,1,Pearl,1.03,179,9,10,5,-1,64%,107,12%,21/06/2023,13:25
NRG Esports vs. Paper Rex,Champions Tour 2023: Masters Tokyo,Playoffs,win,Paper Rex,NRG Esports,2,1,Lotus,1.05,179,20,22,21,-2,70%,111,20%,21/06/2023,13:25
NRG Esports vs. Paper Rex,Champions Tour 2023: Masters Tokyo,Playoffs,win,Paper Rex,NRG Esports,2,1,Bind,0.70,173,5,6,4,-1,71%,103,27%,21/06/2023,13:25
Paper Rex vs. EDward Gaming,Champions Tour 2023: Masters Tokyo,Playoffs,win,Paper Rex,EDward Gaming,2,1,Fracture,0.87,171,7,10,3,-3,69%,131,27%,20/06/2023,13:45
Paper Rex vs. EDward Gaming,Champions Tour 2023: Masters Tokyo,Playoffs,win,Paper Rex,EDward Gaming,2,1,Split,1.53,200,21,24,9,-3,72%,132,25%,20/06/2023,13:45
Paper Rex vs. EDward Gaming,Champions Tour 2023: Masters Tokyo,Playoffs,win,Paper Rex,EDward Gaming,2,1,Lotus,0.97,160,5,6,2,-1,70%,108,14%,20/06/2023,13:45
Paper Rex vs. FNATIC,Champions Tour 2023: Masters Tokyo,Playoffs,loss,Paper Rex,FNATIC,0,2,Lotus,0.49,118,4,12,5,-8,58%,65,19%,19/06/2023,12:15
Paper Rex vs. FNATIC,Champions Tour 2023: Masters Tokyo,Playoffs,loss,Paper Rex,FNATIC,0,2,Bind,0.88,129,8,18,7,-10,65%,77,17%,19/06/2023,12:15
Paper Rex vs. DRX,Champions Tour 2023: Masters Tokyo,Playoffs,win,Paper Rex,DRX,2,0,Split,1.06,127,6,5,4,+1,67%,83,23%,17/06/2023,12:30
Paper Rex vs. DRX,Champions Tour 2023: Masters Tokyo,Playoffs,win,Paper Rex,DRX,2,0,Bind,0.97,174,15,11,6,+4,74%,119,31%,17/06/2023,12:30
Paper Rex vs. DRX,Champions Tour 2023: Pacific League,Playoffs,win,Paper Rex,DRX,3,2,Fracture,0.92,173,5,5,0,0,71%,108,33%,28/05/2023,14:00
Paper Rex vs. DRX,Champions Tour 2023: Pacific League,Playoffs,win,Paper Rex,DRX,3,2,Ascent,1.18,155,26,27,27,-1,78%,91,20%,28/05/2023,14:00
Paper Rex vs. DRX,Champions Tour 2023: Pacific League,Playoffs,win,Paper Rex,DRX,3,2,Pearl,0.97,161,9,9,5,0,80%,106,15%,28/05/2023,14:00
Paper Rex vs. DRX,Champions Tour 2023: Pacific League,Playoffs,win,Paper Rex,DRX,3,2,Bind,1.09,186,8,9,13,-1,75%,100,16%,28/05/2023,14:00
Paper Rex vs. DRX,Champions Tour 2023: Pacific League,Playoffs,win,Paper Rex,DRX,3,2,Lotus,0.92,95,2,3,5,-1,71%,51,25%,28/05/2023,14:00
DRX vs. Paper Rex,Champions Tour 2023: Pacific League,Playoffs,win,Paper Rex,DRX,2,0,Fracture,2.22,310,8,1,2,+7,100%,205,24%,22/05/2023,15:00
DRX vs. Paper Rex,Champions Tour 2023: Pacific League,Playoffs,win,Paper Rex,DRX,2,0,Bind,1.32,252,18,6,9,+12,94%,163,21%,22/05/2023,15:00
Paper Rex vs. T1,Champions Tour 2023: Pacific League,Playoffs,win,Paper Rex,T1,2,0,Lotus,1.03,165,6,8,10,-2,83%,106,50%,20/05/2023,18:15
Paper Rex vs. T1,Champions Tour 2023: Pacific League,Playoffs,win,Paper Rex,T1,2,0,Fracture,1.78,170,13,16,12,-3,78%,122,30%,20/05/2023,18:15
Rex Regum Qeon vs. Paper Rex,Champions Tour 2023: Pacific League,League Play,win,Paper Rex,Rex Regum Qeon,2,0,Bind,0.86,134,5,7,7,-2,67%,81,29%,16/05/2023,17:30
Rex Regum Qeon vs. Paper Rex,Champions Tour 2023: Pacific League,League Play,win,Paper Rex,Rex Regum Qeon,2,0,Pearl,1.52,176,15,16,16,-1,79%,108,34%,16/05/2023,17:30
Paper Rex vs. Gen.G,Champions Tour 2023: Pacific League,League Play,win,Paper Rex,Gen.G,2,0,Split,1.04,165,7,9,2,-2,75%,132,19%,12/05/2023,15:00
Paper Rex vs. Gen.G,Champions Tour 2023: Pacific League,League Play,win,Paper Rex,Gen.G,2,0,Ascent,0.99,234,22,13,10,+9,83%,163,26%,12/05/2023,15:00
ZETA DIVISION vs. Paper Rex,Champions Tour 2023: Pacific League,League Play,win,Paper Rex,ZETA DIVISION,2,0,Split,0.66,130,7,7,0,0,67%,75,45%,06/05/2023,17:30
ZETA DIVISION vs. Paper Rex,Champions Tour 2023: Pacific League,League Play,win,Paper Rex,ZETA DIVISION,2,0,Ascent,1.22,179,18,14,8,+4,83%,109,32%,06/05/2023,17:30
TALON vs. Paper Rex,Champions Tour 2023: Pacific League,League Play,win,Paper Rex,TALON,2,1,Pearl,0.95,105,3,6,9,-3,75%,84,16%,01/05/2023,17:00
TALON vs. Paper Rex,Champions Tour 2023: Pacific League,League Play,win,Paper Rex,TALON,2,1,Split,1.15,163,13,15,15,-2,82%,108,18%,01/05/2023,17:00
TALON vs. Paper Rex,Champions Tour 2023: Pacific League,League Play,win,Paper Rex,TALON,2,1,Fracture,0.54,74,1,3,2,-2,80%,59,20%,01/05/2023,17:00
Paper Rex vs. Global Esports,Champions Tour 2023: Pacific League,League Play,win,Paper Rex,Global Esports,2,1,Split,1.01,231,21,14,10,+7,67%,168,28%,22/04/2023,15:00
Paper Rex vs. Global Esports,Champions Tour 2023: Pacific League,League Play,win,Paper Rex,Global Esports,2,1,Pearl,0.95,221,9,8,3,+1,58%,164,39%,22/04/2023,15:00
Paper Rex vs. DRX,Champions Tour 2023: Pacific League,League Play,loss,Paper Rex,DRX,0,2,Ascent,0.68,192,5,4,3,+1,50%,111,11%,15/04/2023,16:00
Paper Rex vs. DRX,Champions Tour 2023: Pacific League,League Play,loss,Paper Rex,DRX,0,2,Split,1.22,228,16,12,5,+4,72%,152,20%,15/04/2023,16:00
T1 vs. Paper Rex,Champions Tour 2023: Pacific League,League Play,win,Paper Rex,T1,2,0,Pearl,1.35,188,10,5,8,+5,83%,133,15%,08/04/2023,18:10
T1 vs. Paper Rex,Champions Tour 2023: Pacific League,League Play,win,Paper Rex,T1,2,0,Fracture,0.98,185,17,11,11,+6,71%,140,20%,08/04/2023,18:10
Team Secret vs. Paper Rex,Champions Tour 2023: Pacific League,League Play,loss,Paper Rex,Team Secret,1,2,Haven,1.11,209,11,8,1,+3,75%,114,30%,02/04/2023,16:00
Team Secret vs. Paper Rex,Champions Tour 2023: Pacific League,League Play,loss,Paper Rex,Team Secret,1,2,Fracture,1.05,162,23,24,9,-1,67%,106,31%,02/04/2023,16:00
Team Secret vs. Paper Rex,Champions Tour 2023: Pacific League,League Play,loss,Paper Rex,Team Secret,1,2,Split,0.70,143,6,10,4,-4,58%,100,22%,02/04/2023,16:00
Paper Rex vs. DetonatioN FocusMe,Champions Tour 2023: Pacific League,League Play,win,Paper Rex,DetonatioN FocusMe,2,0,Pearl,0.81,163,4,4,1,0,50%,102,13%,26/03/2023,16:00
Paper Rex vs. DetonatioN FocusMe,Champions Tour 2023: Pacific League,League Play,win,Paper Rex,DetonatioN FocusMe,2,0,Lotus,1.21,253,18,12,6,+6,72%,153,26%,26/03/2023,16:00
Cloud9 vs. Paper Rex,Champions Tour 2023: LOCK//IN São Paulo,Bracket Stage,loss,Paper Rex,Cloud9,0,2,Lotus,0.85,143,5,8,10,-3,83%,101,40%,15/02/2023,7:05
Cloud9 vs. Paper Rex,Champions Tour 2023: LOCK//IN São Paulo,Bracket Stage,loss,Paper Rex,Cloud9,0,2,Pearl,0.42,159,9,12,11,-3,76%,103,27%,15/02/2023,7:05
DetonatioN FocusMe vs. Paper Rex,Riot Games ONE Pro Invitational 2022,Main Event,win,Paper Rex,DetonatioN FocusMe,1,0,Ascent,1.46,242,10,7,10,+3,92%,186,34%,24/12/2022,12:35
ZETA DIVISION vs. Paper Rex,Riot Games ONE Pro Invitational 2022,Main Event,loss,Paper Rex,ZETA DIVISION,0,1,Breeze,0.73,178,8,10,2,-2,58%,123,32%,24/12/2022,11:20
Team Heretics vs. Paper Rex,Valorant India Invitational by Galaxy Racer,Playoffs,win,Paper Rex,Team Heretics,3,1,Bind,1.07,185,9,7,3,+2,83%,140,33%,20/11/2022,13:30
Team Heretics vs. Paper Rex,Valorant India Invitational by Galaxy Racer,Playoffs,win,Paper Rex,Team Heretics,3,1,Fracture,1.25,215,36,26,13,+10,75%,145,25%,20/11/2022,13:30
Team Heretics vs. Paper Rex,Valorant India Invitational by Galaxy Racer,Playoffs,win,Paper Rex,Team Heretics,3,1,Breeze,0.73,133,5,7,2,-2,67%,79,10%,20/11/2022,13:30
Team Heretics vs. Paper Rex,Valorant India Invitational by Galaxy Racer,Playoffs,win,Paper Rex,Team Heretics,3,1,Ascent,1.17,241,9,8,0,+1,64%,168,25%,20/11/2022,13:30
Paper Rex vs. Team Secret,Valorant India Invitational by Galaxy Racer,Playoffs,win,Paper Rex,Team Secret,2,1,Pearl,0.72,141,6,8,2,-2,67%,106,8%,19/11/2022,22:15
Paper Rex vs. Team Secret,Valorant India Invitational by Galaxy Racer,Playoffs,win,Paper Rex,Team Secret,2,1,Icebox,0.89,235,30,25,6,+5,72%,152,32%,19/11/2022,22:15
Paper Rex vs. Team Secret,Valorant India Invitational by Galaxy Racer,Playoffs,win,Paper Rex,Team Secret,2,1,Ascent,1.45,326,14,9,1,+5,67%,203,38%,19/11/2022,22:15
BOOM Esports vs. Paper Rex,Valorant India Invitational by Galaxy Racer,Group Stage,win,Paper Rex,BOOM Esports,1,0,Fracture,2.62,363,3,0,0,+3,100%,200,75%,19/11/2022,12:30
Paper Rex vs. BLEED,Valorant India Invitational by Galaxy Racer,Group Stage,loss,Paper Rex,BLEED,0,1,Bind,1.04,212,10,8,5,+2,92%,153,33%,19/11/2022,2:30
Paper Rex vs. Global Esports,Valorant India Invitational by Galaxy Racer,Group Stage,win,Paper Rex,Global Esports,1,0,Haven,0.84,188,8,8,4,0,75%,141,33%,19/11/2022,1:00
Paper Rex vs. Team Liquid,Valorant Champions 2022,Group Stage,loss,Paper Rex,Team Liquid,1,2,Haven,0.91,195,7,11,9,-4,79%,136,15%,07/09/2022,21:00
Paper Rex vs. Team Liquid,Valorant Champions 2022,Group Stage,loss,Paper Rex,Team Liquid,1,2,Pearl,1.36,166,19,28,20,-9,68%,111,18%,07/09/2022,21:00
Paper Rex vs. Team Liquid,Valorant Champions 2022,Group Stage,loss,Paper Rex,Team Liquid,1,2,Ascent,1.21,195,8,7,7,+1,83%,129,26%,07/09/2022,21:00
Paper Rex vs. LEVIATÁN,Valorant Champions 2022,Group Stage,loss,Paper Rex,LEVIATÁN,0,2,Haven,0.41,105,5,11,1,-6,58%,71,40%,02/09/2022,1:35
Paper Rex vs. LEVIATÁN,Valorant Champions 2022,Group Stage,loss,Paper Rex,LEVIATÁN,0,2,Bind,1.00,213,18,19,6,-1,75%,141,43%,02/09/2022,1:35
Paper Rex vs. EDward Gaming,Valorant Champions 2022,Group Stage,win,Paper Rex,EDward Gaming,2,1,Pearl,1.10,222,10,9,4,+1,100%,147,29%,31/08/2022,21:00
Paper Rex vs. EDward Gaming,Valorant Champions 2022,Group Stage,win,Paper Rex,EDward Gaming,2,1,Icebox,0.90,195,20,20,9,0,96%,124,33%,31/08/2022,21:00
Paper Rex vs. EDward Gaming,Valorant Champions 2022,Group Stage,win,Paper Rex,EDward Gaming,2,1,Haven,1.13,295,7,5,0,+2,100%,180,38%,31/08/2022,21:00
Paper Rex vs. FunPlus Phoenix,Valorant Champions Tour Stage 2: Masters Copenhagen,Playoffs,loss,Paper Rex,FunPlus Phoenix,2,3,Bind,0.60,114,2,3,2,-1,75%,42,0%,24/07/2022,22:00
Paper Rex vs. FunPlus Phoenix,Valorant Champions Tour Stage 2: Masters Copenhagen,Playoffs,loss,Paper Rex,FunPlus Phoenix,2,3,Icebox,0.81,230,43,36,18,+7,81%,138,19%,24/07/2022,22:00
Paper Rex vs. FunPlus Phoenix,Valorant Champions Tour Stage 2: Masters Copenhagen,Playoffs,loss,Paper Rex,FunPlus Phoenix,2,3,Fracture,1.29,265,12,8,3,+4,83%,178,19%,24/07/2022,22:00
Paper Rex vs. FunPlus Phoenix,Valorant Champions Tour Stage 2: Masters Copenhagen,Playoffs,loss,Paper Rex,FunPlus Phoenix,2,3,Haven,1.36,239,10,7,1,+3,75%,139,7%,24/07/2022,22:00
Paper Rex vs. FunPlus Phoenix,Valorant Champions Tour Stage 2: Masters Copenhagen,Playoffs,loss,Paper Rex,FunPlus Phoenix,2,3,Breeze,0.79,169,7,9,6,-2,75%,112,23%,24/07/2022,22:00
Paper Rex vs. OpTic Gaming,Valorant Champions Tour Stage 2: Masters Copenhagen,Playoffs,win,Paper Rex,OpTic Gaming,2,1,Haven,1.75,276,13,4,5,+9,100%,179,32%,22/07/2022,22:00
Paper Rex vs. OpTic Gaming,Valorant Champions Tour Stage 2: Masters Copenhagen,Playoffs,win,Paper Rex,OpTic Gaming,2,1,Bind,1.35,180,21,19,9,+2,70%,117,29%,22/07/2022,22:00
Paper Rex vs. OpTic Gaming,Valorant Champions Tour Stage 2: Masters Copenhagen,Playoffs,win,Paper Rex,OpTic Gaming,2,1,Fracture,0.28,67,2,12,4,-10,42%,49,22%,22/07/2022,22:00
Paper Rex vs. FNATIC,Valorant Champions Tour Stage 2: Masters Copenhagen,Playoffs,win,Paper Rex,FNATIC,2,0,Ascent,1.08,166,6,7,13,-1,100%,99,13%,17/07/2022,22:00
Paper Rex vs. FNATIC,Valorant Champions Tour Stage 2: Masters Copenhagen,Playoffs,win,Paper Rex,FNATIC,2,0,Bind,0.85,160,13,13,15,0,91%,106,21%,17/07/2022,22:00
Paper Rex vs. Guild Esports,Valorant Champions Tour Stage 2: Masters Copenhagen,Playoffs,win,Paper Rex,Guild Esports,2,0,Ascent,1.30,231,11,6,4,+5,92%,120,10%,14/07/2022,22:00
Paper Rex vs. Guild Esports,Valorant Champions Tour Stage 2: Masters Copenhagen,Playoffs,win,Paper Rex,Guild Esports,2,0,Fracture,1.34,227,22,15,4,+7,72%,136,16%,14/07/2022,22:00
Paper Rex vs. XERXIA Esports,Champions Tour Asia-Pacific Stage 2: Challengers Playoffs,Playoffs,win,Paper Rex,XERXIA Esports,3,0,Icebox,1.48,196,8,5,4,+3,92%,161,22%,26/06/2022,13:45
Paper Rex vs. XERXIA Esports,Champions Tour Asia-Pacific Stage 2: Challengers Playoffs,Playoffs,win,Paper Rex,XERXIA Esports,3,0,Fracture,0.92,160,18,15,7,+3,83%,119,26%,26/06/2022,13:45
Paper Rex vs. XERXIA Esports,Champions Tour Asia-Pacific Stage 2: Challengers Playoffs,Playoffs,win,Paper Rex,XERXIA Esports,3,0,Breeze,1.19,136,4,3,0,+1,80%,54,20%,26/06/2022,13:45
Paper Rex vs. Team Secret,Champions Tour Asia-Pacific Stage 2: Challengers Playoffs,Playoffs,win,Paper Rex,Team Secret,2,0,Ascent,1.57,257,10,6,11,+4,92%,173,25%,25/06/2022,16:30
Paper Rex vs. Team Secret,Champions Tour Asia-Pacific Stage 2: Challengers Playoffs,Playoffs,win,Paper Rex,Team Secret,2,0,Bind,1.59,227,18,13,16,+5,83%,156,25%,25/06/2022,16:30
Paper Rex vs. BLEED,Champions Tour Asia-Pacific Stage 2: Challengers Playoffs,Playoffs,win,Paper Rex,BLEED,2,1,Split,0.89,149,5,5,2,0,75%,73,33%,24/06/2022,10:00
Paper Rex vs. BLEED,Champions Tour Asia-Pacific Stage 2: Challengers Playoffs,Playoffs,win,Paper Rex,BLEED,2,1,Fracture,1.15,223,21,14,8,+7,80%,138,26%,24/06/2022,10:00
Paper Rex vs. BLEED,Champions Tour Asia-Pacific Stage 2: Challengers Playoffs,Playoffs,win,Paper Rex,BLEED,2,1,Ascent,1.20,186,4,2,1,+2,80%,131,21%,24/06/2022,10:00
Paper Rex vs. Alter Ego,Champions Tour Asia-Pacific Stage 2: Challengers Playoffs,Playoffs,win,Paper Rex,Alter Ego,2,1,Bind,1.72,234,11,5,6,+6,75%,158,48%,23/06/2022,10:00
Paper Rex vs. Alter Ego,Champions Tour Asia-Pacific Stage 2: Challengers Playoffs,Playoffs,win,Paper Rex,Alter Ego,2,1,Fracture,0.87,192,26,21,9,+5,73%,131,27%,23/06/2022,10:00
Paper Rex vs. Alter Ego,Champions Tour Asia-Pacific Stage 2: Challengers Playoffs,Playoffs,win,Paper Rex,Alter Ego,2,1,Icebox,0.68,122,5,9,2,-4,69%,85,25%,23/06/2022,10:00
Paper Rex vs. ORDER,Champions Tour Asia-Pacific Stage 2: Challengers Playoffs,Group Stage,win,Paper Rex,ORDER,2,0,Haven,0.31,70,2,9,3,-7,58%,51,18%,19/06/2022,10:00
Paper Rex vs. ORDER,Champions Tour Asia-Pacific Stage 2: Challengers Playoffs,Group Stage,win,Paper Rex,ORDER,2,0,Bind,1.15,126,10,16,7,-6,71%,83,23%,19/06/2022,10:00
Paper Rex vs. BOOM Esports,Champions Tour Asia-Pacific Stage 2: Challengers Playoffs,Group Stage,win,Paper Rex,BOOM Esports,2,0,Haven,0.91,186,7,10,6,-3,75%,122,40%,16/06/2022,14:25
Paper Rex vs. BOOM Esports,Champions Tour Asia-Pacific Stage 2: Challengers Playoffs,Group Stage,win,Paper Rex,BOOM Esports,2,0,Fracture,1.31,137,11,16,7,-5,75%,94,35%,16/06/2022,14:25
LaZe vs. Paper Rex,Champions Tour Malaysia & Singapore Stage 2: Challengers,Playoffs,win,Paper Rex,LaZe,3,0,Fracture,1.17,199,9,9,1,0,83%,138,25%,29/05/2022,11:30
LaZe vs. Paper Rex,Champions Tour Malaysia & Singapore Stage 2: Challengers,Playoffs,win,Paper Rex,LaZe,3,0,Haven,1.39,213,21,18,8,+3,85%,142,27%,29/05/2022,11:30
LaZe vs. Paper Rex,Champions Tour Malaysia & Singapore Stage 2: Challengers,Playoffs,win,Paper Rex,LaZe,3,0,Ascent,0.92,192,2,2,2,0,100%,117,17%,29/05/2022,11:30
Paper Rex vs. BLEED,Champions Tour Malaysia & Singapore Stage 2: Challengers,Playoffs,win,Paper Rex,BLEED,2,0,Ascent,0.82,100,1,2,2,-1,67%,35,100%,28/05/2022,17:20
Paper Rex vs. BLEED,Champions Tour Malaysia & Singapore Stage 2: Challengers,Playoffs,win,Paper Rex,BLEED,2,0,Fracture,1.79,154,6,9,3,-3,64%,95,36%,28/05/2022,17:20
Paper Rex vs. LaZe,Champions Tour Malaysia & Singapore Stage 2: Challengers,Playoffs,loss,Paper Rex,LaZe,1,2,Ascent,1.84,334,9,3,4,+6,100%,196,33%,28/05/2022,11:30
Paper Rex vs. LaZe,Champions Tour Malaysia & Singapore Stage 2: Challengers,Playoffs,loss,Paper Rex,LaZe,1,2,Icebox,1.25,254,29,23,9,+6,71%,163,41%,28/05/2022,11:30
Paper Rex vs. LaZe,Champions Tour Malaysia & Singapore Stage 2: Challengers,Playoffs,loss,Paper Rex,LaZe,1,2,Split,1.69,304,14,9,2,+5,75%,210,54%,28/05/2022,11:30
Paper Rex vs. No Namers,Champions Tour Malaysia & Singapore Stage 2: Challengers,Playoffs,win,Paper Rex,No Namers,2,0,Fracture,1.93,308,6,2,0,+4,100%,188,50%,27/05/2022,9:30
Paper Rex vs. No Namers,Champions Tour Malaysia & Singapore Stage 2: Challengers,Playoffs,win,Paper Rex,No Namers,2,0,Bind,1.27,198,13,6,7,+7,94%,130,36%,27/05/2022,9:30
Paper Rex vs. Blitz Esports,Champions Tour Malaysia & Singapore Stage 2: Challengers,Group Stage,win,Paper Rex,Blitz Esports,2,0,Haven,0.11,28,1,4,0,-3,40%,27,50%,22/05/2022,11:55
Paper Rex vs. Blitz Esports,Champions Tour Malaysia & Singapore Stage 2: Challengers,Group Stage,win,Paper Rex,Blitz Esports,2,0,Breeze,1.08,189,12,9,7,+3,76%,133,38%,22/05/2022,11:55
Paper Rex vs. Todak,Champions Tour Malaysia & Singapore Stage 2: Challengers,Group Stage,win,Paper Rex,Todak,2,0,Bind,2.45,376,6,1,1,+5,100%,236,20%,21/05/2022,11:35
Paper Rex vs. Todak,Champions Tour Malaysia & Singapore Stage 2: Challengers,Group Stage,win,Paper Rex,Todak,2,0,Split,1.84,298,18,10,3,+8,75%,195,21%,21/05/2022,11:35
Paper Rex vs. KPMOONIIBLM9,Champions Tour Malaysia & Singapore Stage 2: Challengers,Group Stage,win,Paper Rex,KPMOONIIBLM9,2,0,Breeze,0.35,145,6,11,2,-5,58%,100,43%,20/05/2022,13:00
Paper Rex vs. KPMOONIIBLM9,Champions Tour Malaysia & Singapore Stage 2: Challengers,Group Stage,win,Paper Rex,KPMOONIIBLM9,2,0,Icebox,1.90,190,17,16,7,+1,75%,144,34%,20/05/2022,13:00
Paper Rex vs. Avium Esports,Champions Tour Malaysia & Singapore Stage 2: Challengers,Group Stage,win,Paper Rex,Avium Esports,2,0,Ascent,2.83,557,8,1,1,+7,100%,327,50%,19/05/2022,16:20
Paper Rex vs. Avium Esports,Champions Tour Malaysia & Singapore Stage 2: Challengers,Group Stage,win,Paper Rex,Avium Esports,2,0,Icebox,1.37,277,15,7,6,+8,81%,185,39%,19/05/2022,16:20
Paper Rex vs. Galaxy Esports,Champions Tour Malaysia & Singapore Stage 2: Challengers,Group Stage,win,Paper Rex,Galaxy Esports,2,0,Bind,1.22,240,6,5,2,+1,83%,125,57%,15/05/2022,9:30
Paper Rex vs. Galaxy Esports,Champions Tour Malaysia & Singapore Stage 2: Challengers,Group Stage,win,Paper Rex,Galaxy Esports,2,0,Icebox,1.38,309,21,10,7,+11,94%,189,37%,15/05/2022,9:30
Paper Rex vs. BLEED,Champions Tour Malaysia & Singapore Stage 2: Challengers,Group Stage,win,Paper Rex,BLEED,2,1,Icebox,1.41,290,12,11,7,+1,83%,193,31%,14/05/2022,15:05
Paper Rex vs. BLEED,Champions Tour Malaysia & Singapore Stage 2: Challengers,Group Stage,win,Paper Rex,BLEED,2,1,Bind,0.73,265,31,21,17,+10,82%,182,27%,14/05/2022,15:05
Paper Rex vs. BLEED,Champions Tour Malaysia & Singapore Stage 2: Challengers,Group Stage,win,Paper Rex,BLEED,2,1,Breeze,1.16,223,10,5,7,+5,83%,162,32%,14/05/2022,15:05
Paper Rex vs. LaZe,Champions Tour Malaysia & Singapore Stage 2: Challengers,Group Stage,win,Paper Rex,LaZe,2,0,Fracture,1.06,211,7,6,2,+1,78%,130,14%,13/05/2022,13:00
Paper Rex vs. LaZe,Champions Tour Malaysia & Singapore Stage 2: Challengers,Group Stage,win,Paper Rex,LaZe,2,0,Split,1.35,149,12,12,4,0,81%,102,25%,13/05/2022,13:00
ZETA DIVISION vs. Paper Rex,Valorant Champions Tour Stage 1: Masters Reykjavík,Playoffs,loss,Paper Rex,ZETA DIVISION,1,2,Icebox,1.58,245,12,6,1,+6,58%,153,29%,23/04/2022,3:25
ZETA DIVISION vs. Paper Rex,Valorant Champions Tour Stage 1: Masters Reykjavík,Playoffs,loss,Paper Rex,ZETA DIVISION,1,2,Haven,1.27,168,21,27,12,-6,61%,104,23%,23/04/2022,3:25
ZETA DIVISION vs. Paper Rex,Valorant Champions Tour Stage 1: Masters Reykjavík,Playoffs,loss,Paper Rex,ZETA DIVISION,1,2,Split,0.73,138,6,11,4,-5,58%,71,25%,23/04/2022,3:25
G2 Esports vs. Paper Rex,Valorant Champions Tour Stage 1: Masters Reykjavík,Playoffs,win,Paper Rex,G2 Esports,2,0,Split,0.61,134,5,11,7,-6,75%,87,78%,19/04/2022,4:00
G2 Esports vs. Paper Rex,Valorant Champions Tour Stage 1: Masters Reykjavík,Playoffs,win,Paper Rex,G2 Esports,2,0,Bind,0.84,154,12,17,9,-5,75%,109,31%,19/04/2022,4:00
Paper Rex vs. The Guard,Valorant Champions Tour Stage 1: Masters Reykjavík,Playoffs,win,Paper Rex,The Guard,2,0,Haven,0.43,70,2,9,6,-7,75%,51,14%,17/04/2022,3:30
Paper Rex vs. The Guard,Valorant Champions Tour Stage 1: Masters Reykjavík,Playoffs,win,Paper Rex,The Guard,2,0,Split,1.16,79,5,17,11,-12,79%,60,20%,17/04/2022,3:30
Paper Rex vs. DRX,Valorant Champions Tour Stage 1: Masters Reykjavík,Playoffs,loss,Paper Rex,DRX,1,2,Haven,0.45,93,5,11,3,-6,50%,73,25%,16/04/2022,12:00
Paper Rex vs. DRX,Valorant Champions Tour Stage 1: Masters Reykjavík,Playoffs,loss,Paper Rex,DRX,1,2,Bind,1.03,186,20,22,7,-2,63%,131,22%,16/04/2022,12:00
Paper Rex vs. DRX,Valorant Champions Tour Stage 1: Masters Reykjavík,Playoffs,loss,Paper Rex,DRX,1,2,Ascent,1.36,286,9,5,3,+4,78%,181,23%,16/04/2022,12:00
Paper Rex vs. XERXIA Esports,Champions Tour Asia-Pacific Stage 1: Challengers Playoffs,Knockouts,win,Paper Rex,XERXIA Esports,3,2,Fracture,0.51,184,3,5,2,-2,80%,139,43%,27/03/2022,14:30
Paper Rex vs. XERXIA Esports,Champions Tour Asia-Pacific Stage 1: Challengers Playoffs,Knockouts,win,Paper Rex,XERXIA Esports,3,2,Split,1.39,204,38,34,14,+4,84%,133,28%,27/03/2022,14:30
Paper Rex vs. XERXIA Esports,Champions Tour Asia-Pacific Stage 1: Challengers Playoffs,Knockouts,win,Paper Rex,XERXIA Esports,3,2,Icebox,0.96,168,7,8,5,-1,75%,101,35%,27/03/2022,14:30
Paper Rex vs. XERXIA Esports,Champions Tour Asia-Pacific Stage 1: Challengers Playoffs,Knockouts,win,Paper Rex,XERXIA Esports,3,2,Breeze,1.02,183,8,7,3,+1,92%,112,27%,27/03/2022,14:30
Paper Rex vs. XERXIA Esports,Champions Tour Asia-Pacific Stage 1: Challengers Playoffs,Knockouts,win,Paper Rex,XERXIA Esports,3,2,Haven,1.23,284,12,9,2,+3,75%,192,18%,27/03/2022,14:30
BLEED vs. Paper Rex,Champions Tour Asia-Pacific Stage 1: Challengers Playoffs,Knockouts,win,Paper Rex,BLEED,2,0,Icebox,1.35,249,13,7,3,+6,93%,173,17%,26/03/2022,15:10
BLEED vs. Paper Rex,Champions Tour Asia-Pacific Stage 1: Challengers Playoffs,Knockouts,win,Paper Rex,BLEED,2,0,Split,0.32,211,20,11,6,+9,85%,141,19%,26/03/2022,15:10
XERXIA Esports vs. Paper Rex,Champions Tour Asia-Pacific Stage 1: Challengers Playoffs,Knockouts,win,Paper Rex,XERXIA Esports,2,0,Bind,1.15,182,5,4,3,+1,100%,112,33%,25/03/2022,13:30
XERXIA Esports vs. Paper Rex,Champions Tour Asia-Pacific Stage 1: Challengers Playoffs,Knockouts,win,Paper Rex,XERXIA Esports,2,0,Haven,0.71,172,11,10,6,+1,85%,125,34%,25/03/2022,13:30
Paper Rex vs. South Built Esports,Champions Tour Asia-Pacific Stage 1: Challengers Playoffs,Knockouts,win,Paper Rex,South Built Esports,2,0,Haven,1.25,225,8,5,6,+3,100%,150,32%,24/03/2022,19:30
Paper Rex vs. South Built Esports,Champions Tour Asia-Pacific Stage 1: Challengers Playoffs,Knockouts,win,Paper Rex,South Built Esports,2,0,Split,0.90,154,11,9,15,+2,95%,95,28%,24/03/2022,19:30
Paper Rex vs. Persija Esports,Champions Tour Asia-Pacific Stage 1: Challengers Playoffs,Group Stage,win,Paper Rex,Persija Esports,2,1,Fracture,1.99,356,15,5,3,+10,100%,244,22%,19/03/2022,13:20
Paper Rex vs. Persija Esports,Champions Tour Asia-Pacific Stage 1: Challengers Playoffs,Group Stage,win,Paper Rex,Persija Esports,2,1,Breeze,0.69,269,36,25,8,+11,83%,178,28%,19/03/2022,13:20
Paper Rex vs. Persija Esports,Champions Tour Asia-Pacific Stage 1: Challengers Playoffs,Group Stage,win,Paper Rex,Persija Esports,2,1,Icebox,0.70,215,9,12,4,-3,69%,139,28%,19/03/2022,13:20
Paper Rex vs. Fancy United Esports,Champions Tour Asia-Pacific Stage 1: Challengers Playoffs,Group Stage,win,Paper Rex,Fancy United Esports,2,0,Haven,1.68,234,6,2,1,+4,100%,153,33%,17/03/2022,12:30
Paper Rex vs. Fancy United Esports,Champions Tour Asia-Pacific Stage 1: Challengers Playoffs,Group Stage,win,Paper Rex,Fancy United Esports,2,0,Icebox,0.82,241,18,9,3,+9,94%,184,43%,17/03/2022,12:30
Paper Rex vs. BLEED,Champions Tour Malaysia & Singapore Stage 1: Challengers,Playoffs,win,Paper Rex,BLEED,3,0,Haven,2.12,370,5,1,1,+4,100%,201,67%,27/02/2022,13:00
Paper Rex vs. BLEED,Champions Tour Malaysia & Singapore Stage 1: Challengers,Playoffs,win,Paper Rex,BLEED,3,0,Fracture,1.19,149,16,19,3,-3,56%,108,34%,27/02/2022,13:00
Paper Rex vs. BLEED,Champions Tour Malaysia & Singapore Stage 1: Challengers,Playoffs,win,Paper Rex,BLEED,3,0,Ascent,0.22,57,3,14,0,-11,35%,55,23%,27/02/2022,13:00
Paper Rex vs. No Namers,Champions Tour Malaysia & Singapore Stage 1: Challengers,Playoffs,win,Paper Rex,No Namers,2,0,Icebox,0.45,81,3,8,1,-5,55%,59,38%,26/02/2022,15:30
Paper Rex vs. No Namers,Champions Tour Malaysia & Singapore Stage 1: Challengers,Playoffs,win,Paper Rex,No Namers,2,0,Split,0.44,151,13,14,5,-1,74%,97,42%,26/02/2022,15:30
Paper Rex vs. KPMOONIIBLM9,Champions Tour Malaysia & Singapore Stage 1: Challengers,Playoffs,win,Paper Rex,KPMOONIIBLM9,2,0,Breeze,1.68,297,14,6,2,+8,83%,194,28%,25/02/2022,16:15
Paper Rex vs. KPMOONIIBLM9,Champions Tour Malaysia & Singapore Stage 1: Challengers,Playoffs,win,Paper Rex,KPMOONIIBLM9,2,0,Ascent,1.20,260,20,12,6,+8,81%,172,30%,25/02/2022,16:15
Paper Rex vs. Madness Esports,Champions Tour Malaysia & Singapore Stage 1: Challengers,Playoffs,win,Paper Rex,Madness Esports,2,0,Icebox,1.11,166,7,5,5,+2,83%,123,27%,24/02/2022,13:30
Paper Rex vs. Madness Esports,Champions Tour Malaysia & Singapore Stage 1: Challengers,Playoffs,win,Paper Rex,Madness Esports,2,0,Haven,1.20,132,12,10,8,+2,87%,107,34%,24/02/2022,13:30
Paper Rex vs. Todak,Champions Tour Malaysia & Singapore Stage 1: Challengers,Group Stage,win,Paper Rex,Todak,2,0,Haven,1.39,159,3,1,2,+2,100%,120,30%,18/02/2022,18:55
Paper Rex vs. Todak,Champions Tour Malaysia & Singapore Stage 1: Challengers,Group Stage,win,Paper Rex,Todak,2,0,Ascent,1.22,200,11,10,4,+1,65%,131,24%,18/02/2022,18:55
Paper Rex vs. You Guys Get Paid?,Champions Tour Malaysia & Singapore Stage 1: Challengers,Group Stage,win,Paper Rex,You Guys Get Paid?,2,0,Split,1.13,162,6,5,9,+1,92%,113,32%,10/02/2022,16:30
Paper Rex vs. You Guys Get Paid?,Champions Tour Malaysia & Singapore Stage 1: Challengers,Group Stage,win,Paper Rex,You Guys Get Paid?,2,0,Haven,1.43,169,8,5,10,+3,93%,123,35%,10/02/2022,16:30
Paper Rex vs. Louvre,The Esports Club Showdown,Main Event,win,Paper Rex,Louvre,3,0,Split,1.17,226,10,7,2,+3,75%,152,28%,30/11/2021,17:30
Paper Rex vs. Louvre,The Esports Club Showdown,Main Event,win,Paper Rex,Louvre,3,0,Haven,1.28,175,23,21,19,+2,73%,125,30%,30/11/2021,17:30
Paper Rex vs. Louvre,The Esports Club Showdown,Main Event,win,Paper Rex,Louvre,3,0,Icebox,1.57,204,11,6,15,+5,92%,148,33%,30/11/2021,17:30
Paper Rex vs. Alter Ego,The Esports Club Showdown,Main Event,win,Paper Rex,Alter Ego,2,0,Fracture,1.00,172,8,7,2,+1,75%,123,22%,25/11/2021,18:30
Paper Rex vs. Louvre,The Esports Club Showdown,Main Event,win,Paper Rex,Louvre,2,0,Split,0.52,127,6,14,1,-8,60%,93,32%,22/11/2021,18:30
Paper Rex vs. Louvre,The Esports Club Showdown,Main Event,win,Paper Rex,Louvre,2,0,Icebox,1.27,123,11,24,3,-13,59%,86,23%,22/11/2021,18:30
BOOM Esports vs. Paper Rex,Royal SEA Challenge,Playoffs,loss,Paper Rex,BOOM Esports,0,2,Icebox,1.42,271,12,8,3,+4,92%,182,31%,19/11/2021,20:50
BOOM Esports vs. Paper Rex,Royal SEA Challenge,Playoffs,loss,Paper Rex,BOOM Esports,0,2,Ascent,0.91,223,14,13,4,+1,82%,145,29%,19/11/2021,20:50
Sharper Esport vs. Paper Rex,Royal SEA Challenge,Playoffs,win,Paper Rex,Sharper Esport,2,1,Bind,0.41,69,3,7,1,-4,58%,40,8%,19/11/2021,14:10
Sharper Esport vs. Paper Rex,Royal SEA Challenge,Playoffs,win,Paper Rex,Sharper Esport,2,1,Ascent,1.03,96,10,24,11,-14,66%,70,23%,19/11/2021,14:10
Sharper Esport vs. Paper Rex,Royal SEA Challenge,Playoffs,win,Paper Rex,Sharper Esport,2,1,Split,0.35,120,6,11,5,-5,69%,93,31%,19/11/2021,14:10
Paper Rex vs. Team Exploit,The Esports Club Showdown,Main Event,win,Paper Rex,Team Exploit,2,0,Icebox,1.32,127,7,4,6,+3,100%,92,42%,18/11/2021,14:50
Paper Rex vs. Bren Esports,Royal SEA Challenge,Group Stage,win,Paper Rex,Bren Esports,2,0,Haven,0.98,67,2,3,5,-1,80%,28,0%,17/11/2021,16:20
Paper Rex vs. Bren Esports,Royal SEA Challenge,Group Stage,win,Paper Rex,Bren Esports,2,0,Split,1.04,87,6,12,7,-6,76%,50,13%,17/11/2021,16:20
Paper Rex vs. BLEED,Royal SEA Challenge,Group Stage,win,Paper Rex,BLEED,2,0,Split,1.21,261,11,7,7,+4,92%,159,36%,16/11/2021,16:00
Paper Rex vs. BLEED,Royal SEA Challenge,Group Stage,win,Paper Rex,BLEED,2,0,Haven,1.46,245,18,14,11,+4,85%,156,31%,16/11/2021,16:00
Paper Rex vs. Team Big BAAM,Royal SEA Challenge,Group Stage,win,Paper Rex,Team Big BAAM,2,0,Bind,1.30,265,5,2,1,+3,75%,141,17%,15/11/2021,16:00
Paper Rex vs. Team Big BAAM,Royal SEA Challenge,Group Stage,win,Paper Rex,Team Big BAAM,2,0,Icebox,0.93,161,10,10,4,0,69%,98,29%,15/11/2021,16:00
Paper Rex vs. South Built Esports,Royal SEA Challenge,Group Stage,draw,Paper Rex,South Built Esports,1,1,Split,0.55,52,2,7,7,-5,56%,54,60%,14/11/2021,16:00
Paper Rex vs. South Built Esports,Royal SEA Challenge,Group Stage,draw,Paper Rex,South Built Esports,1,1,Icebox,1.02,64,4,17,11,-13,55%,57,38%,14/11/2021,16:00
Paper Rex vs. DAMWON Gaming,Champions Tour Asia-Pacific: Last Chance Qualifier,Main Event,loss,Paper Rex,DAMWON Gaming,1,2,Bind,1.07,139,4,5,9,-1,82%,104,7%,15/10/2021,17:15
Paper Rex vs. DAMWON Gaming,Champions Tour Asia-Pacific: Last Chance Qualifier,Main Event,loss,Paper Rex,DAMWON Gaming,1,2,Breeze,1.00,193,16,10,12,+6,79%,127,21%,15/10/2021,17:15
Paper Rex vs. DAMWON Gaming,Champions Tour Asia-Pacific: Last Chance Qualifier,Main Event,loss,Paper Rex,DAMWON Gaming,1,2,Ascent,3.10,435,8,0,1,+8,100%,233,32%,15/10/2021,17:15
Paper Rex vs. NORTHEPTION,Champions Tour Asia-Pacific: Last Chance Qualifier,Main Event,loss,Paper Rex,NORTHEPTION,0,2,Icebox,0.70,159,7,12,1,-5,62%,104,35%,14/10/2021,14:00
Paper Rex vs. NORTHEPTION,Champions Tour Asia-Pacific: Last Chance Qualifier,Main Event,loss,Paper Rex,NORTHEPTION,0,2,Ascent,1.03,225,20,21,7,-1,64%,159,26%,14/10/2021,14:00
Paper Rex vs. Global Esports,Champions Tour Asia-Pacific: Last Chance Qualifier,Main Event,win,Paper Rex,Global Esports,2,0,Icebox,0.92,188,3,3,0,0,100%,108,40%,12/10/2021,20:30
Paper Rex vs. Global Esports,Champions Tour Asia-Pacific: Last Chance Qualifier,Main Event,win,Paper Rex,Global Esports,2,0,Split,1.19,196,4,4,0,0,100%,113,43%,12/10/2021,20:30
Paper Rex vs. BLEED,KJC eSports VALORANT Invitational,Playoffs,win,Paper Rex,BLEED,3,0,Bind,1.52,169,4,2,2,+2,67%,114,30%,10/10/2021,16:00
Paper Rex vs. BLEED,KJC eSports VALORANT Invitational,Playoffs,win,Paper Rex,BLEED,3,0,Icebox,1.26,259,25,8,5,+17,78%,156,26%,10/10/2021,16:00
Paper Rex vs. BLEED,KJC eSports VALORANT Invitational,Playoffs,win,Paper Rex,BLEED,3,0,Ascent,1.32,287,14,6,2,+8,75%,174,15%,10/10/2021,16:00
BLEED vs. Paper Rex,KJC eSports VALORANT Invitational,Playoffs,win,Paper Rex,BLEED,2,1,Ascent,0.94,197,8,9,5,-1,67%,133,25%,09/10/2021,16:00
BLEED vs. Paper Rex,KJC eSports VALORANT Invitational,Playoffs,win,Paper Rex,BLEED,2,1,Bind,1.25,223,31,28,11,+3,71%,148,26%,09/10/2021,16:00
BLEED vs. Paper Rex,KJC eSports VALORANT Invitational,Playoffs,win,Paper Rex,BLEED,2,1,Breeze,0.44,113,5,13,4,-8,57%,81,23%,09/10/2021,16:00
Paper Rex vs. Louvre,KJC eSports VALORANT Invitational,Playoffs,win,Paper Rex,Louvre,2,0,Ascent,1.44,234,7,6,4,+1,67%,171,9%,08/10/2021,16:35
Paper Rex vs. Louvre,KJC eSports VALORANT Invitational,Playoffs,win,Paper Rex,Louvre,2,0,Bind,1.12,211,12,11,6,+1,81%,135,13%,08/10/2021,16:35
Paper Rex vs. Foxy Araikordai,KJC eSports VALORANT Invitational,Playoffs,win,Paper Rex,Foxy Araikordai,2,0,Ascent,1.83,324,16,5,3,+11,85%,240,32%,07/10/2021,15:30
Paper Rex vs. Foxy Araikordai,KJC eSports VALORANT Invitational,Playoffs,win,Paper Rex,Foxy Araikordai,2,0,Split,1.16,239,22,13,5,+9,84%,168,26%,07/10/2021,15:30
Paper Rex vs. Papara SuperMassive,Valorant Champions Tour Stage 3: Masters Berlin,Group Stage,loss,Paper Rex,Papara SuperMassive,1,2,Haven,1.59,344,15,9,3,+6,100%,251,39%,15/09/2021,20:00
Paper Rex vs. Papara SuperMassive,Valorant Champions Tour Stage 3: Masters Berlin,Group Stage,loss,Paper Rex,Papara SuperMassive,1,2,Breeze,0.87,232,28,30,9,-2,86%,161,27%,15/09/2021,20:00
Vision Strikers vs. Paper Rex,Valorant Champions Tour Stage 3: Masters Berlin,Group Stage,loss,Paper Rex,Vision Strikers,0,2,Haven,0.34,134,4,10,3,-6,40%,100,31%,11/09/2021,20:00
Vision Strikers vs. Paper Rex,Valorant Champions Tour Stage 3: Masters Berlin,Group Stage,loss,Paper Rex,Vision Strikers,0,2,Icebox,0.74,186,15,15,10,0,68%,120,31%,11/09/2021,20:00
Paper Rex vs. Bren Esports,Champions Tour SEA Stage 3: Challengers Playoffs,Playoffs,loss,Paper Rex,Bren Esports,0,3,Bind,1.11,231,12,10,2,+2,87%,149,27%,22/08/2021,14:05
Paper Rex vs. Bren Esports,Champions Tour SEA Stage 3: Challengers Playoffs,Playoffs,loss,Paper Rex,Bren Esports,0,3,Split,1.03,182,22,26,8,-4,74%,110,17%,22/08/2021,14:05
Paper Rex vs. Bren Esports,Champions Tour SEA Stage 3: Challengers Playoffs,Playoffs,loss,Paper Rex,Bren Esports,0,3,Icebox,0.34,110,5,11,4,-6,62%,73,0%,22/08/2021,14:05
Bren Esports vs. Paper Rex,Champions Tour SEA Stage 3: Challengers Playoffs,Playoffs,win,Paper Rex,Bren Esports,2,1,Icebox,0.79,179,9,9,1,0,58%,138,43%,21/08/2021,14:30
Bren Esports vs. Paper Rex,Champions Tour SEA Stage 3: Challengers Playoffs,Playoffs,win,Paper Rex,Bren Esports,2,1,Breeze,0.86,198,29,23,8,+6,69%,131,35%,21/08/2021,14:30
Bren Esports vs. Paper Rex,Champions Tour SEA Stage 3: Challengers Playoffs,Playoffs,win,Paper Rex,Bren Esports,2,1,Ascent,0.32,105,4,11,3,-7,58%,67,38%,21/08/2021,14:30
BOOM Esports vs. Paper Rex,Champions Tour SEA Stage 3: Challengers Playoffs,Playoffs,win,Paper Rex,BOOM Esports,2,0,Bind,0.79,98,4,5,2,-1,89%,72,29%,20/08/2021,12:20
BOOM Esports vs. Paper Rex,Champions Tour SEA Stage 3: Challengers Playoffs,Playoffs,win,Paper Rex,BOOM Esports,2,0,Icebox,1.37,144,11,16,4,-5,67%,106,23%,20/08/2021,12:20
Paper Rex vs. CBT Gaming,Champions Tour SEA Stage 3: Challengers Playoffs,Playoffs,win,Paper Rex,CBT Gaming,2,0,Split,1.60,72,3,13,1,-10,44%,40,23%,19/08/2021,17:30
ONIC G vs. Paper Rex,Champions Tour SEA Stage 3: Challengers Playoffs,Group Stage,win,Paper Rex,ONIC G,2,0,Breeze,0.79,149,6,8,2,-2,67%,71,5%,16/08/2021,10:00
ONIC G vs. Paper Rex,Champions Tour SEA Stage 3: Challengers Playoffs,Group Stage,win,Paper Rex,ONIC G,2,0,Icebox,1.39,211,17,16,3,+1,71%,130,34%,16/08/2021,10:00
FULL SENSE vs. Paper Rex,Champions Tour SEA Stage 3: Challengers Playoffs,Group Stage,draw,Paper Rex,FULL SENSE,1,1,Split,1.01,199,8,8,2,0,50%,135,18%,14/08/2021,20:35
FULL SENSE vs. Paper Rex,Champions Tour SEA Stage 3: Challengers Playoffs,Group Stage,draw,Paper Rex,FULL SENSE,1,1,Ascent,0.99,203,16,16,4,0,61%,126,21%,14/08/2021,20:35
Five Ace Esports vs. Paper Rex,Champions Tour SEA Stage 3: Challengers Playoffs,Group Stage,win,Paper Rex,Five Ace Esports,2,0,Icebox,2.18,454,7,2,0,+5,75%,198,42%,13/08/2021,17:00
Five Ace Esports vs. Paper Rex,Champions Tour SEA Stage 3: Challengers Playoffs,Group Stage,win,Paper Rex,Five Ace Esports,2,0,Split,1.57,318,18,10,3,+8,63%,178,26%,13/08/2021,17:00
Paper Rex vs. Kingsmen,Champions Tour Malaysia & Singapore Stage 3: Challengers 3,Main Event,win,Paper Rex,Kingsmen,3,0,Haven,0.82,183,7,5,2,+2,89%,88,67%,08/08/2021,13:00
Paper Rex vs. Kingsmen,Champions Tour Malaysia & Singapore Stage 3: Challengers 3,Main Event,win,Paper Rex,Kingsmen,3,0,Icebox,1.60,205,22,19,6,+3,70%,111,36%,08/08/2021,13:00
Paper Rex vs. Kingsmen,Champions Tour Malaysia & Singapore Stage 3: Challengers 3,Main Event,win,Paper Rex,Kingsmen,3,0,Breeze,0.81,205,9,10,4,-1,67%,129,21%,08/08/2021,13:00
Paper Rex vs. Louvre,Champions Tour Malaysia & Singapore Stage 3: Challengers 3,Main Event,win,Paper Rex,Louvre,2,0,Breeze,1.04,182,9,7,3,+2,58%,123,30%,07/08/2021,15:40
Paper Rex vs. Louvre,Champions Tour Malaysia & Singapore Stage 3: Challengers 3,Main Event,win,Paper Rex,Louvre,2,0,Haven,0.79,184,14,14,6,0,70%,130,31%,07/08/2021,15:40
Paper Rex vs. Looking For Org,Champions Tour Malaysia & Singapore Stage 3: Challengers 3,Main Event,win,Paper Rex,Looking For Org,2,1,Icebox,1.52,231,11,5,1,+6,83%,147,47%,07/08/2021,9:00
Paper Rex vs. Looking For Org,Champions Tour Malaysia & Singapore Stage 3: Challengers 3,Main Event,win,Paper Rex,Looking For Org,2,1,Split,1.21,260,28,18,2,+10,76%,166,44%,07/08/2021,9:00
Paper Rex vs. Looking For Org,Champions Tour Malaysia & Singapore Stage 3: Challengers 3,Main Event,win,Paper Rex,Looking For Org,2,1,Ascent,0.72,178,7,10,0,-3,67%,137,38%,07/08/2021,9:00
Paper Rex vs. Origin Sky,Champions Tour Malaysia & Singapore Stage 3: Challengers 3,Main Event,win,Paper Rex,Origin Sky,2,0,Icebox,1.18,220,11,6,3,+5,75%,136,47%,06/08/2021,9:00
Paper Rex vs. Origin Sky,Champions Tour Malaysia & Singapore Stage 3: Challengers 3,Main Event,win,Paper Rex,Origin Sky,2,0,Ascent,1.37,279,18,10,4,+8,81%,145,35%,06/08/2021,9:00
Paper Rex vs. UwU,Champions Tour Malaysia & Singapore Stage 3: Challengers 2,Main Event,loss,Paper Rex,UwU,1,3,Haven,0.59,190,5,8,2,-3,75%,137,40%,25/07/2021,12:00
Paper Rex vs. UwU,Champions Tour Malaysia & Singapore Stage 3: Challengers 2,Main Event,loss,Paper Rex,UwU,1,3,Breeze,0.83,236,32,31,8,+1,67%,139,33%,25/07/2021,12:00
Paper Rex vs. UwU,Champions Tour Malaysia & Singapore Stage 3: Challengers 2,Main Event,loss,Paper Rex,UwU,1,3,Split,1.25,246,11,9,2,+2,58%,155,41%,25/07/2021,12:00
Paper Rex vs. UwU,Champions Tour Malaysia & Singapore Stage 3: Challengers 2,Main Event,loss,Paper Rex,UwU,1,3,Ascent,1.03,370,6,4,1,+2,60%,83,22%,25/07/2021,12:00
Paper Rex vs. UwU,Champions Tour Malaysia & Singapore Stage 3: Challengers 2,Main Event,win,Paper Rex,UwU,2,0,Ascent,1.82,275,6,1,0,+5,100%,154,33%,24/07/2021,15:40
Paper Rex vs. UwU,Champions Tour Malaysia & Singapore Stage 3: Challengers 2,Main Event,win,Paper Rex,UwU,2,0,Icebox,1.22,202,13,12,3,+1,76%,123,33%,24/07/2021,15:40
Paper Rex vs. Kingsmen,Champions Tour Malaysia & Singapore Stage 3: Challengers 2,Main Event,win,Paper Rex,Kingsmen,2,0,Ascent,1.87,345,8,2,3,+6,83%,207,24%,24/07/2021,9:00
Paper Rex vs. Kingsmen,Champions Tour Malaysia & Singapore Stage 3: Challengers 2,Main Event,win,Paper Rex,Kingsmen,2,0,Icebox,2.24,345,11,3,3,+8,88%,169,26%,24/07/2021,9:00
Paper Rex vs. Team SMG,Champions Tour Malaysia & Singapore Stage 3: Challengers 2,Main Event,win,Paper Rex,Team SMG,2,0,Icebox,1.33,200,11,5,1,+6,92%,123,33%,23/07/2021,9:00
Paper Rex vs. Team SMG,Champions Tour Malaysia & Singapore Stage 3: Challengers 2,Main Event,win,Paper Rex,Team SMG,2,0,Split,1.72,209,18,13,1,+5,76%,121,32%,23/07/2021,9:00
UwU vs. Paper Rex,Champions Tour Malaysia & Singapore Stage 3: Challengers 1,Main Event,win,Paper Rex,UwU,3,0,Haven,1.67,265,10,5,1,+5,56%,172,53%,11/07/2021,11:30
UwU vs. Paper Rex,Champions Tour Malaysia & Singapore Stage 3: Challengers 1,Main Event,win,Paper Rex,UwU,3,0,Breeze,1.25,177,22,22,6,0,61%,127,43%,11/07/2021,11:30
UwU vs. Paper Rex,Champions Tour Malaysia & Singapore Stage 3: Challengers 1,Main Event,win,Paper Rex,UwU,3,0,Ascent,0.76,121,6,7,3,-1,67%,97,35%,11/07/2021,11:30
Paper Rex vs. Todak,Champions Tour Malaysia & Singapore Stage 3: Challengers 1,Main Event,win,Paper Rex,Todak,2,0,Icebox,0.82,200,5,7,1,-2,63%,129,25%,11/07/2021,9:00
Paper Rex vs. Todak,Champions Tour Malaysia & Singapore Stage 3: Challengers 1,Main Event,win,Paper Rex,Todak,2,0,Breeze,1.42,216,10,13,2,-3,64%,91,32%,11/07/2021,9:00
Paper Rex vs. UwU,Champions Tour Malaysia & Singapore Stage 3: Challengers 1,Main Event,loss,Paper Rex,UwU,1,2,Bind,1.17,194,18,23,4,-5,65%,134,37%,10/07/2021,16:00
Paper Rex vs. UwU,Champions Tour Malaysia & Singapore Stage 3: Challengers 1,Main Event,loss,Paper Rex,UwU,1,2,Split,0.62,143,7,10,2,-3,50%,106,44%,10/07/2021,16:00
Paper Rex vs. Kingsmen,Champions Tour Malaysia & Singapore Stage 3: Challengers 1,Main Event,win,Paper Rex,Kingsmen,2,0,Breeze,1.14,290,8,7,2,+1,67%,159,32%,10/07/2021,9:00
Paper Rex vs. Kingsmen,Champions Tour Malaysia & Singapore Stage 3: Challengers 1,Main Event,win,Paper Rex,Kingsmen,2,0,Bind,0.83,353,16,11,5,+5,71%,185,26%,10/07/2021,9:00
Paper Rex vs. Saints,Champions Tour Malaysia & Singapore Stage 3: Challengers 1,Main Event,win,Paper Rex,Saints,2,0,Breeze,0.64,193,8,10,1,-2,67%,120,42%,09/07/2021,9:30
Paper Rex vs. Saints,Champions Tour Malaysia & Singapore Stage 3: Challengers 1,Main Event,win,Paper Rex,Saints,2,0,Split,1.38,196,12,15,2,-3,63%,128,41%,09/07/2021,9:30
BOOM Esports vs. Paper Rex,VALO2ASIA Invitational,Main Event,loss,Paper Rex,BOOM Esports,0,2,Bind,0.80,358,2,2,0,0,50%,48,0%,27/06/2021,12:00
BOOM Esports vs. Paper Rex,VALO2ASIA Invitational,Main Event,loss,Paper Rex,BOOM Esports,0,2,Icebox,1.05,211,9,13,2,-4,64%,123,21%,27/06/2021,12:00
Zeal Esports vs. Paper Rex,KJC eSports VALORANT Tournament: One,Playoffs,loss,Paper Rex,Zeal Esports,1,3,Ascent,0.95,213,10,9,2,+1,85%,127,25%,26/06/2021,14:00
Zeal Esports vs. Paper Rex,KJC eSports VALORANT Tournament: One,Playoffs,loss,Paper Rex,Zeal Esports,1,3,Bind,1.20,252,37,31,8,+6,79%,147,34%,26/06/2021,14:00
Zeal Esports vs. Paper Rex,KJC eSports VALORANT Tournament: One,Playoffs,loss,Paper Rex,Zeal Esports,1,3,Icebox,0.36,132,3,5,2,-2,83%,54,44%,26/06/2021,14:00
Zeal Esports vs. Paper Rex,KJC eSports VALORANT Tournament: One,Playoffs,loss,Paper Rex,Zeal Esports,1,3,Split,1.78,397,14,5,1,+9,80%,220,31%,26/06/2021,14:00
Paper Rex vs. XcN Gaming,KJC eSports VALORANT Tournament: One,Playoffs,win,Paper Rex,XcN Gaming,2,1,Split,1.10,193,8,6,0,+2,67%,115,58%,25/06/2021,20:00
Paper Rex vs. XcN Gaming,KJC eSports VALORANT Tournament: One,Playoffs,win,Paper Rex,XcN Gaming,2,1,Icebox,1.22,251,26,16,9,+10,87%,155,45%,25/06/2021,20:00
Paper Rex vs. XcN Gaming,KJC eSports VALORANT Tournament: One,Playoffs,win,Paper Rex,XcN Gaming,2,1,Bind,1.57,344,7,5,3,+2,100%,183,55%,25/06/2021,20:00
Paper Rex vs. Griffin E-Sports,KJC eSports VALORANT Tournament: One,Playoffs,win,Paper Rex,Griffin E-Sports,1,0,Bind,1.55,331,15,7,3,+8,100%,215,44%,24/06/2021,18:00
Paper Rex vs. Louvre,KJC eSports VALORANT Tournament: One,Singapore Qualifiers,win,Paper Rex,Louvre,1,0,Bind,0.66,172,6,8,3,-2,58%,125,25%,21/06/2021,21:00
Paper Rex vs. Team Solace,KJC eSports VALORANT Tournament: One,Singapore Qualifiers,win,Paper Rex,Team Solace,1,0,Split,1.87,362,10,3,2,+7,86%,174,32%,21/06/2021,20:00
Paper Rex vs. RunDownMid,KJC eSports VALORANT Tournament: One,Singapore Qualifiers,win,Paper Rex,RunDownMid,1,0,Split,2.07,370,17,3,3,+14,92%,252,24%,21/06/2021,19:00
Paper Rex vs. FULL SENSE,Champions Tour SEA Stage 2: Challengers Finals,Main Event,loss,Paper Rex,FULL SENSE,1,2,Split,1.72,398,17,8,3,+9,83%,242,29%,02/05/2021,13:00
Paper Rex vs. FULL SENSE,Champions Tour SEA Stage 2: Challengers Finals,Main Event,loss,Paper Rex,FULL SENSE,1,2,Ascent,1.34,341,37,23,9,+14,81%,219,34%,02/05/2021,13:00
Paper Rex vs. FULL SENSE,Champions Tour SEA Stage 2: Challengers Finals,Main Event,loss,Paper Rex,FULL SENSE,1,2,Bind,1.53,364,9,6,2,+3,71%,214,30%,02/05/2021,13:00
Paper Rex vs. X10 Esports,Champions Tour SEA Stage 2: Challengers Finals,Main Event,loss,Paper Rex,X10 Esports,1,2,Icebox,1.10,230,9,9,2,0,58%,136,32%,01/05/2021,19:30
Paper Rex vs. X10 Esports,Champions Tour SEA Stage 2: Challengers Finals,Main Event,loss,Paper Rex,X10 Esports,1,2,Split,1.07,271,34,29,10,+5,76%,154,26%,01/05/2021,19:30
Paper Rex vs. X10 Esports,Champions Tour SEA Stage 2: Challengers Finals,Main Event,loss,Paper Rex,X10 Esports,1,2,Ascent,1.42,319,12,10,0,+2,67%,162,18%,01/05/2021,19:30
Bren Esports vs. Paper Rex,Champions Tour SEA Stage 2: Challengers Finals,Main Event,win,Paper Rex,Bren Esports,2,1,Icebox,0.65,172,3,4,1,-1,60%,101,57%,30/04/2021,16:45
Bren Esports vs. Paper Rex,Champions Tour SEA Stage 2: Challengers Finals,Main Event,win,Paper Rex,Bren Esports,2,1,Ascent,0.98,224,24,18,8,+6,77%,136,40%,30/04/2021,16:45
Bren Esports vs. Paper Rex,Champions Tour SEA Stage 2: Challengers Finals,Main Event,win,Paper Rex,Bren Esports,2,1,Bind,1.79,344,15,6,6,+9,83%,208,52%,30/04/2021,16:45
FULL SENSE vs. Paper Rex,Champions Tour SEA Stage 2: Challengers Finals,Main Event,win,Paper Rex,FULL SENSE,2,1,Split,0.16,95,2,5,1,-3,80%,65,50%,29/04/2021,17:00
FULL SENSE vs. Paper Rex,Champions Tour SEA Stage 2: Challengers Finals,Main Event,win,Paper Rex,FULL SENSE,2,1,Ascent,1.16,267,32,22,3,+10,77%,193,33%,29/04/2021,17:00
FULL SENSE vs. Paper Rex,Champions Tour SEA Stage 2: Challengers Finals,Main Event,win,Paper Rex,FULL SENSE,2,1,Bind,1.15,277,15,9,2,+6,77%,184,22%,29/04/2021,17:00
Paper Rex vs. Team SMG,Champions Tour Malaysia & Singapore Stage 2: Challengers 3,Main Event,win,Paper Rex,Team SMG,3,2,Ascent,1.40,374,22,16,9,+6,83%,205,35%,25/04/2021,13:00
Paper Rex vs. Team SMG,Champions Tour Malaysia & Singapore Stage 2: Challengers 3,Main Event,win,Paper Rex,Team SMG,3,2,Icebox,1.05,247,50,48,22,+2,70%,153,31%,25/04/2021,13:00
Paper Rex vs. Team SMG,Champions Tour Malaysia & Singapore Stage 2: Challengers 3,Main Event,win,Paper Rex,Team SMG,3,2,Bind,1.13,245,10,10,3,0,67%,198,36%,25/04/2021,13:00
Paper Rex vs. Team SMG,Champions Tour Malaysia & Singapore Stage 2: Challengers 3,Main Event,win,Paper Rex,Team SMG,3,2,Split,0.15,94,1,5,4,-4,60%,29,0%,25/04/2021,13:00
Paper Rex vs. Team SMG,Champions Tour Malaysia & Singapore Stage 2: Challengers 3,Main Event,win,Paper Rex,Team SMG,3,2,Haven,1.28,193,10,7,3,+3,67%,107,19%,25/04/2021,13:00
Paper Rex vs. Louvre,Champions Tour Malaysia & Singapore Stage 2: Challengers 3,Main Event,win,Paper Rex,Louvre,2,1,Ascent,2.49,550,9,1,0,+8,100%,272,33%,24/04/2021,13:50
Paper Rex vs. Louvre,Champions Tour Malaysia & Singapore Stage 2: Challengers 3,Main Event,win,Paper Rex,Louvre,2,1,Bind,1.25,208,18,12,8,+6,81%,94,34%,24/04/2021,13:50
Paper Rex vs. Louvre,Champions Tour Malaysia & Singapore Stage 2: Challengers 3,Main Event,win,Paper Rex,Louvre,2,1,Split,0.58,148,7,7,3,0,73%,77,38%,24/04/2021,13:50
Paper Rex vs. Todak,Champions Tour Malaysia & Singapore Stage 2: Challengers 3,Main Event,win,Paper Rex,Todak,2,1,Ascent,1.40,215,3,1,2,+2,80%,129,38%,23/04/2021,14:25
Paper Rex vs. Todak,Champions Tour Malaysia & Singapore Stage 2: Challengers 3,Main Event,win,Paper Rex,Todak,2,1,Split,1.51,250,25,17,14,+8,86%,133,30%,23/04/2021,14:25
Paper Rex vs. Todak,Champions Tour Malaysia & Singapore Stage 2: Challengers 3,Main Event,win,Paper Rex,Todak,2,1,Bind,1.18,239,15,13,7,+2,82%,121,24%,23/04/2021,14:25
Paper Rex vs. Louvre,Champions Tour Malaysia & Singapore Stage 2: Challengers 2,Main Event,win,Paper Rex,Louvre,3,1,Icebox,1.23,213,11,6,2,+5,75%,143,36%,18/04/2021,11:30
Paper Rex vs. Louvre,Champions Tour Malaysia & Singapore Stage 2: Challengers 2,Main Event,win,Paper Rex,Louvre,3,1,Haven,1.38,264,46,33,11,+13,81%,157,25%,18/04/2021,11:30
Paper Rex vs. Louvre,Champions Tour Malaysia & Singapore Stage 2: Challengers 2,Main Event,win,Paper Rex,Louvre,3,1,Bind,0.65,156,6,9,1,-3,58%,105,26%,18/04/2021,11:30
Paper Rex vs. Louvre,Champions Tour Malaysia & Singapore Stage 2: Challengers 2,Main Event,win,Paper Rex,Louvre,3,1,Ascent,1.33,323,14,9,5,+5,100%,188,29%,18/04/2021,11:30
Team SMG vs. Paper Rex,Champions Tour Malaysia & Singapore Stage 2: Challengers 2,Main Event,win,Paper Rex,Team SMG,2,1,Split,0.58,200,8,11,2,-3,67%,131,22%,17/04/2021,18:00
Team SMG vs. Paper Rex,Champions Tour Malaysia & Singapore Stage 2: Challengers 2,Main Event,win,Paper Rex,Team SMG,2,1,Bind,1.43,212,33,33,7,0,69%,143,31%,17/04/2021,18:00
Team SMG vs. Paper Rex,Champions Tour Malaysia & Singapore Stage 2: Challengers 2,Main Event,win,Paper Rex,Team SMG,2,1,Icebox,1.22,234,17,12,1,+5,83%,152,31%,17/04/2021,18:00
Paper Rex vs. Louvre,Champions Tour Malaysia & Singapore Stage 2: Challengers 2,Main Event,win,Paper Rex,Louvre,2,1,Ascent,1.40,243,7,5,1,+2,57%,150,38%,17/04/2021,12:00
Paper Rex vs. Louvre,Champions Tour Malaysia & Singapore Stage 2: Challengers 2,Main Event,win,Paper Rex,Louvre,2,1,Split,1.05,264,23,21,10,+2,78%,151,29%,17/04/2021,12:00
Paper Rex vs. Louvre,Champions Tour Malaysia & Singapore Stage 2: Challengers 2,Main Event,win,Paper Rex,Louvre,2,1,Icebox,1.10,287,9,7,2,+2,80%,173,18%,17/04/2021,12:00
Paper Rex vs. Timing Monster Gaming,Champions Tour Malaysia & Singapore Stage 2: Challengers 2,Main Event,win,Paper Rex,Timing Monster Gaming,2,0,Bind,1.10,277,4,4,0,0,75%,148,14%,16/04/2021,14:25
Paper Rex vs. Timing Monster Gaming,Champions Tour Malaysia & Singapore Stage 2: Challengers 2,Main Event,win,Paper Rex,Timing Monster Gaming,2,0,Split,1.41,319,21,14,1,+7,78%,209,24%,16/04/2021,14:25
Kingsmen vs. Paper Rex,Champions Tour Malaysia & Singapore Stage 2: Challengers 1,Main Event,loss,Paper Rex,Kingsmen,0,3,Split,0.22,108,4,16,5,-12,67%,72,15%,04/04/2021,11:15
Kingsmen vs. Paper Rex,Champions Tour Malaysia & Singapore Stage 2: Challengers 1,Main Event,loss,Paper Rex,Kingsmen,0,3,Icebox,0.88,139,16,35,9,-19,62%,99,18%,04/04/2021,11:15
Kingsmen vs. Paper Rex,Champions Tour Malaysia & Singapore Stage 2: Challengers 1,Main Event,loss,Paper Rex,Kingsmen,0,3,Ascent,0.48,157,5,10,3,-5,58%,112,16%,04/04/2021,11:15
Team 600 vs. Paper Rex,Champions Tour Malaysia & Singapore Stage 2: Challengers 1,Main Event,win,Paper Rex,Team 600,2,0,Split,2.71,534,24,3,3,+21,92%,329,26%,04/04/2021,9:00
Team 600 vs. Paper Rex,Champions Tour Malaysia & Singapore Stage 2: Challengers 1,Main Event,win,Paper Rex,Team 600,2,0,Ascent,1.29,369,30,7,3,+23,81%,243,26%,04/04/2021,9:00
Paper Rex vs. Team SMG,Champions Tour Malaysia & Singapore Stage 2: Challengers 1,Main Event,win,Paper Rex,Team SMG,1,0,Haven,1.77,360,18,6,3,+12,75%,236,36%,03/04/2021,19:30
Paper Rex vs. Team LZ,Champions Tour Malaysia & Singapore Stage 2: Challengers 1,Main Event,win,Paper Rex,Team LZ,1,0,Split,0.36,141,3,6,1,-3,71%,81,22%,03/04/2021,15:40
Team 600 vs. Paper Rex,Champions Tour Malaysia & Singapore Stage 2: Challengers 1,Main Event,loss,Paper Rex,Team 600,1,2,Haven,2.44,443,17,4,1,+13,100%,259,21%,03/04/2021,12:00
Team 600 vs. Paper Rex,Champions Tour Malaysia & Singapore Stage 2: Challengers 1,Main Event,loss,Paper Rex,Team 600,1,2,Split,1.28,352,36,21,4,+15,85%,207,24%,03/04/2021,12:00
Team 600 vs. Paper Rex,Champions Tour Malaysia & Singapore Stage 2: Challengers 1,Main Event,loss,Paper Rex,Team 600,1,2,Bind,1.22,339,14,12,1,+2,83%,214,29%,03/04/2021,12:00
Paper Rex vs. Zero Synergy,Champions Tour Malaysia & Singapore Stage 2: Challengers 1,Main Event,win,Paper Rex,Zero Synergy,2,0,Haven,1.00,162,6,6,2,0,75%,101,27%,02/04/2021,16:50
Paper Rex vs. Zero Synergy,Champions Tour Malaysia & Singapore Stage 2: Challengers 1,Main Event,win,Paper Rex,Zero Synergy,2,0,Icebox,1.54,280,18,7,3,+11,86%,159,38%,02/04/2021,16:50
