Gen.G vs. Global Esports,Champions Tour 2024: Pacific Stage 2,Regular Season,loss,Global Esports,Gen.G,0,2,Lotus,0.33,89,3,13,6,-10,64%,56,31%,05/07/2024,18:00
Gen.G vs. Global Esports,Champions Tour 2024: Pacific Stage 2,Regular Season,loss,Global Esports,Gen.G,0,2,Ascent,0.62,121,13,27,11,-14,64%,92,38%,05/07/2024,18:00
Global Esports vs. T1,Champions Tour 2024: Pacific Stage 2,Regular Season,loss,Global Esports,T1,1,2,Icebox,1.20,186,14,15,9,-1,87%,139,28%,30/06/2024,15:00
Global Esports vs. T1,Champions Tour 2024: Pacific Stage 2,Regular Season,loss,Global Esports,T1,1,2,Lotus,0.99,150,32,45,25,-13,75%,111,21%,30/06/2024,15:00
Global Esports vs. T1,Champions Tour 2024: Pacific Stage 2,Regular Season,loss,Global Esports,T1,1,2,Ascent,0.67,105,7,16,11,-9,76%,77,18%,30/06/2024,15:00
Global Esports vs. BLEED,Champions Tour 2024: Pacific Stage 2,Regular Season,win,Global Esports,BLEED,2,0,Lotus,1.53,244,17,9,13,+8,95%,170,29%,23/06/2024,15:00
Global Esports vs. BLEED,Champions Tour 2024: Pacific Stage 2,Regular Season,win,Global Esports,BLEED,2,0,Sunset,1.51,232,31,16,21,+15,89%,154,29%,23/06/2024,15:00
Team Secret vs. Global Esports,Champions Tour 2024: Pacific Stage 2,Regular Season,loss,Global Esports,Team Secret,0,2,Sunset,0.81,121,10,14,5,-4,71%,82,44%,17/06/2024,17:35
Team Secret vs. Global Esports,Champions Tour 2024: Pacific Stage 2,Regular Season,loss,Global Esports,Team Secret,0,2,Ascent,0.63,146,21,32,7,-11,57%,107,35%,17/06/2024,17:35
Global Esports vs. DetonatioN FocusMe,Champions Tour 2024: Pacific Stage 1,Regular Season,win,Global Esports,DetonatioN FocusMe,2,1,Split,0.97,190,14,15,5,-1,74%,127,26%,27/04/2024,17:00
Global Esports vs. DetonatioN FocusMe,Champions Tour 2024: Pacific Stage 1,Regular Season,win,Global Esports,DetonatioN FocusMe,2,1,Lotus,0.88,164,40,40,10,0,77%,117,26%,27/04/2024,17:00
Global Esports vs. DetonatioN FocusMe,Champions Tour 2024: Pacific Stage 1,Regular Season,win,Global Esports,DetonatioN FocusMe,2,1,Ascent,0.50,95,6,12,2,-6,78%,67,15%,27/04/2024,17:00
Global Esports vs. Paper Rex,Champions Tour 2024: Pacific Stage 1,Regular Season,loss,Global Esports,Paper Rex,0,2,Sunset,0.60,115,6,13,4,-7,59%,85,23%,23/04/2024,17:50
Global Esports vs. Paper Rex,Champions Tour 2024: Pacific Stage 1,Regular Season,loss,Global Esports,Paper Rex,0,2,Icebox,0.68,151,18,27,6,-9,70%,115,21%,23/04/2024,17:50
Global Esports vs. Rex Regum Qeon,Champions Tour 2024: Pacific Stage 1,Regular Season,win,Global Esports,Rex Regum Qeon,2,0,Lotus,1.11,197,16,12,3,+4,61%,131,22%,21/04/2024,15:00
Global Esports vs. Rex Regum Qeon,Champions Tour 2024: Pacific Stage 1,Regular Season,win,Global Esports,Rex Regum Qeon,2,0,Icebox,0.83,158,24,22,5,+2,63%,110,22%,21/04/2024,15:00
Global Esports vs. TALON,Champions Tour 2024: Pacific Stage 1,Regular Season,loss,Global Esports,TALON,1,2,Icebox,1.28,198,11,8,4,+3,94%,129,16%,15/04/2024,17:10
Global Esports vs. TALON,Champions Tour 2024: Pacific Stage 1,Regular Season,loss,Global Esports,TALON,1,2,Breeze,0.81,170,37,39,11,-2,73%,120,22%,15/04/2024,17:10
Global Esports vs. TALON,Champions Tour 2024: Pacific Stage 1,Regular Season,loss,Global Esports,TALON,1,2,Lotus,0.97,179,18,18,5,0,69%,127,29%,15/04/2024,17:10
Global Esports vs. DRX,Champions Tour 2024: Pacific Stage 1,Regular Season,loss,Global Esports,DRX,0,2,Ascent,0.74,125,8,13,3,-5,62%,84,23%,08/04/2024,18:20
Global Esports vs. DRX,Champions Tour 2024: Pacific Stage 1,Regular Season,loss,Global Esports,DRX,0,2,Lotus,0.79,178,23,26,6,-3,68%,111,21%,08/04/2024,18:20
Global Esports vs. ZETA DIVISION,Champions Tour 2024: Pacific Stage 1,Regular Season,loss,Global Esports,ZETA DIVISION,1,2,Sunset,0.30,117,5,14,2,-9,50%,86,20%,06/04/2024,15:00
Global Esports vs. ZETA DIVISION,Champions Tour 2024: Pacific Stage 1,Regular Season,loss,Global Esports,ZETA DIVISION,1,2,Icebox,0.78,175,35,46,11,-11,62%,131,27%,06/04/2024,15:00
Global Esports vs. ZETA DIVISION,Champions Tour 2024: Pacific Stage 1,Regular Season,loss,Global Esports,ZETA DIVISION,1,2,Ascent,0.88,205,16,16,5,0,70%,151,33%,06/04/2024,15:00
ZETA DIVISION vs. Global Esports,Champions Tour 2024: Pacific Kickoff,Group Stage,loss,Global Esports,ZETA DIVISION,0,2,Bind,0.54,87,7,16,2,-9,48%,59,16%,21/02/2024,19:15
ZETA DIVISION vs. Global Esports,Champions Tour 2024: Pacific Kickoff,Group Stage,loss,Global Esports,ZETA DIVISION,0,2,Lotus,0.60,163,18,29,5,-11,54%,97,22%,21/02/2024,19:15
BLEED vs. Global Esports,Champions Tour 2024: Pacific Kickoff,Group Stage,win,Global Esports,BLEED,2,1,Sunset,0.86,197,13,16,8,-3,73%,122,24%,19/02/2024,16:15
BLEED vs. Global Esports,Champions Tour 2024: Pacific Kickoff,Group Stage,win,Global Esports,BLEED,2,1,Icebox,1.11,217,54,43,10,+11,74%,141,27%,19/02/2024,16:15
BLEED vs. Global Esports,Champions Tour 2024: Pacific Kickoff,Group Stage,win,Global Esports,BLEED,2,1,Split,0.93,175,15,14,2,+1,70%,120,30%,19/02/2024,16:15
ZETA DIVISION vs. Global Esports,Champions Tour 2024: Pacific Kickoff,Group Stage,loss,Global Esports,ZETA DIVISION,0,2,Bind,0.92,156,13,15,4,-2,61%,112,30%,18/02/2024,13:00
ZETA DIVISION vs. Global Esports,Champions Tour 2024: Pacific Kickoff,Group Stage,loss,Global Esports,ZETA DIVISION,0,2,Icebox,0.61,113,17,29,5,-12,53%,85,24%,18/02/2024,13:00
Paper Rex vs. DRX,Champions Tour 2023: Pacific League,League Play,loss,Paper Rex,DRX,0,2,Ascent,1.12,214,13,13,5,0,67%,139,18%,15/04/2023,16:00
Paper Rex vs. DRX,Champions Tour 2023: Pacific League,League Play,loss,Paper Rex,DRX,0,2,Split,1.00,214,13,13,5,0,67%,139,18%,15/04/2023,16:00
T1 vs. Paper Rex,Champions Tour 2023: Pacific League,League Play,win,Paper Rex,T1,2,0,Fracture,0.55,198,15,10,9,+5,89%,106,22%,08/04/2023,18:10
Team Secret vs. Paper Rex,Champions Tour 2023: Pacific League,League Play,loss,Paper Rex,Team Secret,1,2,Haven,1.21,235,21,15,5,+6,67%,156,18%,02/04/2023,16:00
Team Secret vs. Paper Rex,Champions Tour 2023: Pacific League,League Play,loss,Paper Rex,Team Secret,1,2,Fracture,0.79,184,47,46,19,+1,68%,128,20%,02/04/2023,16:00
Team Secret vs. Paper Rex,Champions Tour 2023: Pacific League,League Play,loss,Paper Rex,Team Secret,1,2,Split,1.16,170,15,14,9,+1,79%,127,25%,02/04/2023,16:00
Paper Rex vs. DetonatioN FocusMe,Champions Tour 2023: Pacific League,League Play,win,Paper Rex,DetonatioN FocusMe,2,0,Pearl,1.46,321,19,12,6,+7,89%,227,21%,26/03/2023,16:00
Paper Rex vs. DetonatioN FocusMe,Champions Tour 2023: Pacific League,League Play,win,Paper Rex,DetonatioN FocusMe,2,0,Lotus,1.04,256,34,32,10,+2,69%,170,22%,26/03/2023,16:00
Cloud9 vs. Paper Rex,Champions Tour 2023: LOCK//IN São Paulo,Bracket Stage,loss,Paper Rex,Cloud9,0,2,Lotus,0.88,173,13,17,8,-4,90%,113,24%,15/02/2023,7:05
Cloud9 vs. Paper Rex,Champions Tour 2023: LOCK//IN São Paulo,Bracket Stage,loss,Paper Rex,Cloud9,0,2,Pearl,0.56,166,21,32,11,-11,76%,113,21%,15/02/2023,7:05
DetonatioN FocusMe vs. Paper Rex,Riot Games ONE Pro Invitational 2022,Main Event,win,Paper Rex,DetonatioN FocusMe,1,0,Ascent,1.19,209,14,12,6,+2,71%,145,21%,24/12/2022,12:35
ZETA DIVISION vs. Paper Rex,Riot Games ONE Pro Invitational 2022,Main Event,loss,Paper Rex,ZETA DIVISION,0,1,Breeze,0.84,202,11,15,7,-4,67%,134,36%,24/12/2022,11:20
Team Heretics vs. Paper Rex,Valorant India Invitational by Galaxy Racer,Playoffs,win,Paper Rex,Team Heretics,3,1,Bind,0.82,121,10,16,9,-6,71%,94,37%,20/11/2022,13:30
Team Heretics vs. Paper Rex,Valorant India Invitational by Galaxy Racer,Playoffs,win,Paper Rex,Team Heretics,3,1,Fracture,1.04,151,45,54,38,-9,74%,108,34%,20/11/2022,13:30
Team Heretics vs. Paper Rex,Valorant India Invitational by Galaxy Racer,Playoffs,win,Paper Rex,Team Heretics,3,1,Breeze,0.81,139,8,13,8,-5,68%,91,30%,20/11/2022,13:30
Team Heretics vs. Paper Rex,Valorant India Invitational by Galaxy Racer,Playoffs,win,Paper Rex,Team Heretics,3,1,Ascent,1.32,235,20,14,7,+6,74%,158,36%,20/11/2022,13:30
Paper Rex vs. Team Secret,Valorant India Invitational by Galaxy Racer,Playoffs,win,Paper Rex,Team Secret,2,1,Pearl,0.98,155,14,12,6,+2,82%,114,33%,19/11/2022,22:15
Paper Rex vs. Team Secret,Valorant India Invitational by Galaxy Racer,Playoffs,win,Paper Rex,Team Secret,2,1,Icebox,0.76,144,30,39,21,-9,73%,108,20%,19/11/2022,22:15
Paper Rex vs. Team Secret,Valorant India Invitational by Galaxy Racer,Playoffs,win,Paper Rex,Team Secret,2,1,Ascent,0.89,165,10,15,9,-5,71%,125,17%,19/11/2022,22:15
BOOM Esports vs. Paper Rex,Valorant India Invitational by Galaxy Racer,Group Stage,win,Paper Rex,BOOM Esports,1,0,Fracture,1.38,288,15,8,3,+7,86%,202,41%,19/11/2022,12:30
Paper Rex vs. BLEED,Valorant India Invitational by Galaxy Racer,Group Stage,loss,Paper Rex,BLEED,0,1,Bind,0.67,114,7,14,4,-7,58%,64,13%,19/11/2022,2:30
Paper Rex vs. Global Esports,Valorant India Invitational by Galaxy Racer,Group Stage,win,Paper Rex,Global Esports,1,0,Haven,1.59,233,18,8,10,+10,85%,155,40%,19/11/2022,1:00
Paper Rex vs. Team Liquid,Valorant Champions 2022,Group Stage,loss,Paper Rex,Team Liquid,1,2,Haven,0.82,174,18,23,5,-5,79%,115,30%,07/09/2022,21:00
Paper Rex vs. Team Liquid,Valorant Champions 2022,Group Stage,loss,Paper Rex,Team Liquid,1,2,Pearl,1.00,159,37,46,20,-9,74%,108,28%,07/09/2022,21:00
Paper Rex vs. Team Liquid,Valorant Champions 2022,Group Stage,loss,Paper Rex,Team Liquid,1,2,Ascent,1.03,139,9,8,3,+1,82%,97,20%,07/09/2022,21:00
Paper Rex vs. LEVIATÁN,Valorant Champions 2022,Group Stage,loss,Paper Rex,LEVIATÁN,0,2,Haven,0.74,192,14,19,2,-5,52%,118,36%,02/09/2022,1:35
Paper Rex vs. LEVIATÁN,Valorant Champions 2022,Group Stage,loss,Paper Rex,LEVIATÁN,0,2,Bind,0.77,175,27,38,8,-11,64%,110,35%,02/09/2022,1:35
Paper Rex vs. EDward Gaming,Valorant Champions 2022,Group Stage,win,Paper Rex,EDward Gaming,2,1,Pearl,1.44,242,22,16,13,+6,88%,156,34%,31/08/2022,21:00
Paper Rex vs. EDward Gaming,Valorant Champions 2022,Group Stage,win,Paper Rex,EDward Gaming,2,1,Icebox,0.96,164,36,42,24,-6,78%,111,27%,31/08/2022,21:00
Paper Rex vs. EDward Gaming,Valorant Champions 2022,Group Stage,win,Paper Rex,EDward Gaming,2,1,Haven,0.54,114,6,14,3,-8,67%,93,32%,31/08/2022,21:00
Paper Rex vs. FunPlus Phoenix,Valorant Champions Tour Stage 2: Masters Copenhagen,Playoffs,loss,Paper Rex,FunPlus Phoenix,2,3,Bind,0.54,127,8,14,3,-6,69%,65,31%,24/07/2022,22:00
Paper Rex vs. FunPlus Phoenix,Valorant Champions Tour Stage 2: Masters Copenhagen,Playoffs,loss,Paper Rex,FunPlus Phoenix,2,3,Icebox,0.71,152,53,73,36,-20,68%,90,29%,24/07/2022,22:00
Paper Rex vs. FunPlus Phoenix,Valorant Champions Tour Stage 2: Masters Copenhagen,Playoffs,loss,Paper Rex,FunPlus Phoenix,2,3,Fracture,1.40,238,16,12,11,+4,85%,139,24%,24/07/2022,22:00
Paper Rex vs. FunPlus Phoenix,Valorant Champions Tour Stage 2: Masters Copenhagen,Playoffs,loss,Paper Rex,FunPlus Phoenix,2,3,Haven,0.71,156,12,17,4,-5,65%,89,46%,24/07/2022,22:00
Paper Rex vs. FunPlus Phoenix,Valorant Champions Tour Stage 2: Masters Copenhagen,Playoffs,loss,Paper Rex,FunPlus Phoenix,2,3,Breeze,0.57,115,8,14,12,-6,65%,63,20%,24/07/2022,22:00
Paper Rex vs. OpTic Gaming,Valorant Champions Tour Stage 2: Masters Copenhagen,Playoffs,win,Paper Rex,OpTic Gaming,2,1,Haven,1.06,175,10,10,5,0,88%,115,11%,22/07/2022,22:00
Paper Rex vs. OpTic Gaming,Valorant Champions Tour Stage 2: Masters Copenhagen,Playoffs,win,Paper Rex,OpTic Gaming,2,1,Bind,0.86,192,39,33,19,+6,75%,116,17%,22/07/2022,22:00
Paper Rex vs. OpTic Gaming,Valorant Champions Tour Stage 2: Masters Copenhagen,Playoffs,win,Paper Rex,OpTic Gaming,2,1,Fracture,0.87,131,11,14,4,-3,55%,86,24%,22/07/2022,22:00
Paper Rex vs. FNATIC,Valorant Champions Tour Stage 2: Masters Copenhagen,Playoffs,win,Paper Rex,FNATIC,2,0,Ascent,0.81,156,13,17,8,-4,71%,105,35%,17/07/2022,22:00
Paper Rex vs. FNATIC,Valorant Champions Tour Stage 2: Masters Copenhagen,Playoffs,win,Paper Rex,FNATIC,2,0,Bind,1.14,165,25,30,23,-5,72%,114,31%,17/07/2022,22:00
Paper Rex vs. Guild Esports,Valorant Champions Tour Stage 2: Masters Copenhagen,Playoffs,win,Paper Rex,Guild Esports,2,0,Ascent,1.37,134,10,5,9,+5,82%,72,13%,14/07/2022,22:00
Paper Rex vs. Guild Esports,Valorant Champions Tour Stage 2: Masters Copenhagen,Playoffs,win,Paper Rex,Guild Esports,2,0,Fracture,1.00,166,29,21,17,+8,81%,103,16%,14/07/2022,22:00
Paper Rex vs. XERXIA Esports,Champions Tour Asia-Pacific Stage 2: Challengers Playoffs,Playoffs,win,Paper Rex,XERXIA Esports,3,0,Icebox,1.12,172,13,12,8,+1,81%,110,34%,26/06/2022,13:45
Paper Rex vs. XERXIA Esports,Champions Tour Asia-Pacific Stage 2: Challengers Playoffs,Playoffs,win,Paper Rex,XERXIA Esports,3,0,Fracture,1.01,223,46,29,21,+17,82%,147,31%,26/06/2022,13:45
Paper Rex vs. XERXIA Esports,Champions Tour Asia-Pacific Stage 2: Challengers Playoffs,Playoffs,win,Paper Rex,XERXIA Esports,3,0,Breeze,1.70,283,19,7,6,+12,88%,183,32%,26/06/2022,13:45
Paper Rex vs. Team Secret,Champions Tour Asia-Pacific Stage 2: Challengers Playoffs,Playoffs,win,Paper Rex,Team Secret,2,0,Ascent,0.85,112,7,11,13,-4,80%,71,8%,25/06/2022,16:30
Paper Rex vs. Team Secret,Champions Tour Asia-Pacific Stage 2: Challengers Playoffs,Playoffs,win,Paper Rex,Team Secret,2,0,Bind,1.21,146,18,16,20,+2,86%,89,15%,25/06/2022,16:30
Paper Rex vs. BLEED,Champions Tour Asia-Pacific Stage 2: Challengers Playoffs,Playoffs,win,Paper Rex,BLEED,2,1,Split,0.71,142,10,16,5,-6,80%,91,33%,24/06/2022,10:00
Paper Rex vs. BLEED,Champions Tour Asia-Pacific Stage 2: Challengers Playoffs,Playoffs,win,Paper Rex,BLEED,2,1,Fracture,0.92,157,32,38,16,-6,78%,96,27%,24/06/2022,10:00
Paper Rex vs. BLEED,Champions Tour Asia-Pacific Stage 2: Challengers Playoffs,Playoffs,win,Paper Rex,BLEED,2,1,Ascent,1.06,196,11,10,7,+1,88%,116,20%,24/06/2022,10:00
Paper Rex vs. Alter Ego,Champions Tour Asia-Pacific Stage 2: Challengers Playoffs,Playoffs,win,Paper Rex,Alter Ego,2,1,Bind,0.98,200,16,17,4,-1,74%,133,30%,23/06/2022,10:00
Paper Rex vs. Alter Ego,Champions Tour Asia-Pacific Stage 2: Challengers Playoffs,Playoffs,win,Paper Rex,Alter Ego,2,1,Fracture,0.75,187,44,50,18,-6,74%,120,28%,23/06/2022,10:00
Paper Rex vs. Alter Ego,Champions Tour Asia-Pacific Stage 2: Challengers Playoffs,Playoffs,win,Paper Rex,Alter Ego,2,1,Icebox,0.76,139,12,20,6,-8,69%,102,23%,23/06/2022,10:00
Paper Rex vs. ORDER,Champions Tour Asia-Pacific Stage 2: Challengers Playoffs,Group Stage,win,Paper Rex,ORDER,2,0,Haven,1.26,201,16,11,2,+5,62%,139,38%,19/06/2022,10:00
Paper Rex vs. ORDER,Champions Tour Asia-Pacific Stage 2: Challengers Playoffs,Group Stage,win,Paper Rex,ORDER,2,0,Bind,1.28,180,27,23,6,+4,63%,121,32%,19/06/2022,10:00
Paper Rex vs. BOOM Esports,Champions Tour Asia-Pacific Stage 2: Challengers Playoffs,Group Stage,win,Paper Rex,BOOM Esports,2,0,Haven,0.82,151,12,14,5,-2,67%,86,18%,16/06/2022,14:25
Paper Rex vs. BOOM Esports,Champions Tour Asia-Pacific Stage 2: Challengers Playoffs,Group Stage,win,Paper Rex,BOOM Esports,2,0,Fracture,0.85,167,27,25,17,+2,76%,109,22%,16/06/2022,14:25
LaZe vs. Paper Rex,Champions Tour Malaysia & Singapore Stage 2: Challengers,Playoffs,win,Paper Rex,LaZe,3,0,Fracture,0.94,137,10,11,7,-1,80%,89,23%,29/05/2022,11:30
LaZe vs. Paper Rex,Champions Tour Malaysia & Singapore Stage 2: Challengers,Playoffs,win,Paper Rex,LaZe,3,0,Haven,1.24,210,45,30,22,+15,82%,140,27%,29/05/2022,11:30
LaZe vs. Paper Rex,Champions Tour Malaysia & Singapore Stage 2: Challengers,Playoffs,win,Paper Rex,LaZe,3,0,Ascent,1.83,268,17,5,6,+12,100%,181,23%,29/05/2022,11:30
Paper Rex vs. BLEED,Champions Tour Malaysia & Singapore Stage 2: Challengers,Playoffs,win,Paper Rex,BLEED,2,0,Fracture,0.79,180,24,16,11,+8,77%,124,27%,28/05/2022,17:20
Paper Rex vs. LaZe,Champions Tour Malaysia & Singapore Stage 2: Challengers,Playoffs,loss,Paper Rex,LaZe,1,2,Ascent,1.72,218,15,6,9,+9,79%,149,46%,28/05/2022,11:30
Paper Rex vs. LaZe,Champions Tour Malaysia & Singapore Stage 2: Challengers,Playoffs,loss,Paper Rex,LaZe,1,2,Icebox,0.92,195,41,36,22,+5,74%,130,32%,28/05/2022,11:30
Paper Rex vs. LaZe,Champions Tour Malaysia & Singapore Stage 2: Challengers,Playoffs,loss,Paper Rex,LaZe,1,2,Split,0.93,185,12,15,4,-3,75%,128,22%,28/05/2022,11:30
Paper Rex vs. No Namers,Champions Tour Malaysia & Singapore Stage 2: Challengers,Playoffs,win,Paper Rex,No Namers,2,0,Fracture,1.07,152,8,8,12,0,88%,87,16%,27/05/2022,9:30
Paper Rex vs. No Namers,Champions Tour Malaysia & Singapore Stage 2: Challengers,Playoffs,win,Paper Rex,No Namers,2,0,Bind,1.53,200,21,14,20,+7,90%,112,25%,27/05/2022,9:30
Paper Rex vs. Blitz Esports,Champions Tour Malaysia & Singapore Stage 2: Challengers,Group Stage,win,Paper Rex,Blitz Esports,2,0,Haven,1.50,221,13,6,8,+7,94%,153,21%,22/05/2022,11:55
Paper Rex vs. Blitz Esports,Champions Tour Malaysia & Singapore Stage 2: Challengers,Group Stage,win,Paper Rex,Blitz Esports,2,0,Breeze,1.11,209,29,17,11,+12,87%,141,24%,22/05/2022,11:55
Paper Rex vs. Todak,Champions Tour Malaysia & Singapore Stage 2: Challengers,Group Stage,win,Paper Rex,Todak,2,0,Bind,1.22,164,11,6,4,+5,81%,116,19%,21/05/2022,11:35
Paper Rex vs. Todak,Champions Tour Malaysia & Singapore Stage 2: Challengers,Group Stage,win,Paper Rex,Todak,2,0,Split,0.56,126,17,15,8,+2,76%,89,20%,21/05/2022,11:35
Paper Rex vs. KPMOONIIBLM9,Champions Tour Malaysia & Singapore Stage 2: Challengers,Group Stage,win,Paper Rex,KPMOONIIBLM9,2,0,Breeze,1.43,201,14,9,11,+5,79%,153,36%,20/05/2022,13:00
Paper Rex vs. KPMOONIIBLM9,Champions Tour Malaysia & Singapore Stage 2: Challengers,Group Stage,win,Paper Rex,KPMOONIIBLM9,2,0,Icebox,1.40,205,28,16,17,+12,81%,151,35%,20/05/2022,13:00
Paper Rex vs. Avium Esports,Champions Tour Malaysia & Singapore Stage 2: Challengers,Group Stage,win,Paper Rex,Avium Esports,2,0,Ascent,0.97,122,7,6,9,+1,100%,83,17%,19/05/2022,16:20
Paper Rex vs. Avium Esports,Champions Tour Malaysia & Singapore Stage 2: Challengers,Group Stage,win,Paper Rex,Avium Esports,2,0,Icebox,1.22,159,20,16,15,+4,91%,108,16%,19/05/2022,16:20
Paper Rex vs. Galaxy Esports,Champions Tour Malaysia & Singapore Stage 2: Challengers,Group Stage,win,Paper Rex,Galaxy Esports,2,0,Bind,1.05,167,10,9,7,+1,83%,113,21%,15/05/2022,9:30
Paper Rex vs. Galaxy Esports,Champions Tour Malaysia & Singapore Stage 2: Challengers,Group Stage,win,Paper Rex,Galaxy Esports,2,0,Icebox,1.37,153,18,14,15,+4,85%,103,25%,15/05/2022,9:30
Paper Rex vs. BLEED,Champions Tour Malaysia & Singapore Stage 2: Challengers,Group Stage,win,Paper Rex,BLEED,2,1,Icebox,0.56,107,6,14,7,-8,60%,90,26%,14/05/2022,15:05
Paper Rex vs. BLEED,Champions Tour Malaysia & Singapore Stage 2: Challengers,Group Stage,win,Paper Rex,BLEED,2,1,Bind,0.85,148,27,33,33,-6,72%,106,27%,14/05/2022,15:05
Paper Rex vs. BLEED,Champions Tour Malaysia & Singapore Stage 2: Challengers,Group Stage,win,Paper Rex,BLEED,2,1,Breeze,0.89,133,8,8,7,0,75%,68,29%,14/05/2022,15:05
Paper Rex vs. LaZe,Champions Tour Malaysia & Singapore Stage 2: Challengers,Group Stage,win,Paper Rex,LaZe,2,0,Fracture,1.02,184,15,13,7,+2,76%,131,21%,13/05/2022,13:00
Paper Rex vs. LaZe,Champions Tour Malaysia & Singapore Stage 2: Challengers,Group Stage,win,Paper Rex,LaZe,2,0,Split,1.13,199,28,17,14,+11,83%,127,24%,13/05/2022,13:00
ZETA DIVISION vs. Paper Rex,Valorant Champions Tour Stage 1: Masters Reykjavík,Playoffs,loss,Paper Rex,ZETA DIVISION,1,2,Icebox,1.28,229,15,11,6,+4,74%,136,24%,23/04/2022,3:25
ZETA DIVISION vs. Paper Rex,Valorant Champions Tour Stage 1: Masters Reykjavík,Playoffs,loss,Paper Rex,ZETA DIVISION,1,2,Haven,1.15,201,40,39,14,+1,68%,122,30%,23/04/2022,3:25
ZETA DIVISION vs. Paper Rex,Valorant Champions Tour Stage 1: Masters Reykjavík,Playoffs,loss,Paper Rex,ZETA DIVISION,1,2,Split,0.73,212,10,14,3,-4,60%,134,38%,23/04/2022,3:25
G2 Esports vs. Paper Rex,Valorant Champions Tour Stage 1: Masters Reykjavík,Playoffs,win,Paper Rex,G2 Esports,2,0,Split,0.85,140,12,14,8,-2,78%,106,38%,19/04/2022,4:00
G2 Esports vs. Paper Rex,Valorant Champions Tour Stage 1: Masters Reykjavík,Playoffs,win,Paper Rex,G2 Esports,2,0,Bind,0.56,140,22,25,11,-3,74%,106,32%,19/04/2022,4:00
Paper Rex vs. The Guard,Valorant Champions Tour Stage 1: Masters Reykjavík,Playoffs,win,Paper Rex,The Guard,2,0,Haven,1.22,230,19,14,6,+5,74%,149,24%,17/04/2022,3:30
Paper Rex vs. The Guard,Valorant Champions Tour Stage 1: Masters Reykjavík,Playoffs,win,Paper Rex,The Guard,2,0,Split,1.07,188,30,25,12,+5,77%,124,28%,17/04/2022,3:30
Paper Rex vs. DRX,Valorant Champions Tour Stage 1: Masters Reykjavík,Playoffs,loss,Paper Rex,DRX,1,2,Haven,1.27,224,20,16,5,+4,83%,149,22%,16/04/2022,12:00
Paper Rex vs. DRX,Valorant Champions Tour Stage 1: Masters Reykjavík,Playoffs,loss,Paper Rex,DRX,1,2,Bind,1.39,194,49,43,16,+6,69%,129,24%,16/04/2022,12:00
Paper Rex vs. DRX,Valorant Champions Tour Stage 1: Masters Reykjavík,Playoffs,loss,Paper Rex,DRX,1,2,Ascent,1.21,194,17,12,3,+5,76%,129,25%,16/04/2022,12:00
Paper Rex vs. XERXIA Esports,Champions Tour Asia-Pacific Stage 1: Challengers Playoffs,Knockouts,win,Paper Rex,XERXIA Esports,3,2,Fracture,0.90,138,8,11,5,-3,65%,111,21%,27/03/2022,14:30
Paper Rex vs. XERXIA Esports,Champions Tour Asia-Pacific Stage 1: Challengers Playoffs,Knockouts,win,Paper Rex,XERXIA Esports,3,2,Split,1.02,164,57,69,37,-12,67%,119,17%,27/03/2022,14:30
Paper Rex vs. XERXIA Esports,Champions Tour Asia-Pacific Stage 1: Challengers Playoffs,Knockouts,win,Paper Rex,XERXIA Esports,3,2,Icebox,1.09,191,12,16,11,-4,62%,138,12%,27/03/2022,14:30
Paper Rex vs. XERXIA Esports,Champions Tour Asia-Pacific Stage 1: Challengers Playoffs,Knockouts,win,Paper Rex,XERXIA Esports,3,2,Breeze,0.85,160,11,12,4,-1,63%,113,38%,27/03/2022,14:30
Paper Rex vs. XERXIA Esports,Champions Tour Asia-Pacific Stage 1: Challengers Playoffs,Knockouts,win,Paper Rex,XERXIA Esports,3,2,Haven,1.24,208,18,15,10,+3,71%,135,15%,27/03/2022,14:30
BLEED vs. Paper Rex,Champions Tour Asia-Pacific Stage 1: Challengers Playoffs,Knockouts,win,Paper Rex,BLEED,2,0,Icebox,0.88,157,14,18,5,-4,64%,127,15%,26/03/2022,15:10
BLEED vs. Paper Rex,Champions Tour Asia-Pacific Stage 1: Challengers Playoffs,Knockouts,win,Paper Rex,BLEED,2,0,Split,1.07,212,30,28,9,+2,67%,140,17%,26/03/2022,15:10
XERXIA Esports vs. Paper Rex,Champions Tour Asia-Pacific Stage 1: Challengers Playoffs,Knockouts,win,Paper Rex,XERXIA Esports,2,0,Bind,1.24,209,16,12,9,+4,85%,140,22%,25/03/2022,13:30
XERXIA Esports vs. Paper Rex,Champions Tour Asia-Pacific Stage 1: Challengers Playoffs,Knockouts,win,Paper Rex,XERXIA Esports,2,0,Haven,1.15,219,33,27,17,+6,75%,146,20%,25/03/2022,13:30
Paper Rex vs. South Built Esports,Champions Tour Asia-Pacific Stage 1: Challengers Playoffs,Knockouts,win,Paper Rex,South Built Esports,2,0,Haven,1.56,267,22,11,4,+11,86%,171,22%,24/03/2022,19:30
Paper Rex vs. South Built Esports,Champions Tour Asia-Pacific Stage 1: Challengers Playoffs,Knockouts,win,Paper Rex,South Built Esports,2,0,Split,1.62,233,36,20,6,+16,83%,151,28%,24/03/2022,19:30
Paper Rex vs. Persija Esports,Champions Tour Asia-Pacific Stage 1: Challengers Playoffs,Group Stage,win,Paper Rex,Persija Esports,2,1,Fracture,1.30,207,18,12,5,+6,83%,137,22%,19/03/2022,13:20
Paper Rex vs. Persija Esports,Champions Tour Asia-Pacific Stage 1: Challengers Playoffs,Group Stage,win,Paper Rex,Persija Esports,2,1,Breeze,1.28,185,45,38,20,+7,81%,130,24%,19/03/2022,13:20
Paper Rex vs. Persija Esports,Champions Tour Asia-Pacific Stage 1: Challengers Playoffs,Group Stage,win,Paper Rex,Persija Esports,2,1,Icebox,1.10,167,16,16,8,0,77%,124,24%,19/03/2022,13:20
Paper Rex vs. Fancy United Esports,Champions Tour Asia-Pacific Stage 1: Challengers Playoffs,Group Stage,win,Paper Rex,Fancy United Esports,2,0,Haven,1.55,292,19,10,4,+9,89%,170,17%,17/03/2022,12:30
Paper Rex vs. Fancy United Esports,Champions Tour Asia-Pacific Stage 1: Challengers Playoffs,Group Stage,win,Paper Rex,Fancy United Esports,2,0,Icebox,1.39,215,27,24,13,+3,80%,131,20%,17/03/2022,12:30
Paper Rex vs. BLEED,Champions Tour Malaysia & Singapore Stage 1: Challengers,Playoffs,win,Paper Rex,BLEED,3,0,Haven,1.16,220,12,9,4,+3,80%,128,29%,27/02/2022,13:00
Paper Rex vs. BLEED,Champions Tour Malaysia & Singapore Stage 1: Challengers,Playoffs,win,Paper Rex,BLEED,3,0,Fracture,0.74,181,41,34,20,+7,78%,119,25%,27/02/2022,13:00
Paper Rex vs. BLEED,Champions Tour Malaysia & Singapore Stage 1: Challengers,Playoffs,win,Paper Rex,BLEED,3,0,Ascent,0.98,129,16,17,9,-1,74%,97,19%,27/02/2022,13:00
Paper Rex vs. No Namers,Champions Tour Malaysia & Singapore Stage 1: Challengers,Playoffs,win,Paper Rex,No Namers,2,0,Icebox,1.20,223,17,16,8,+1,83%,154,26%,26/02/2022,15:30
Paper Rex vs. No Namers,Champions Tour Malaysia & Singapore Stage 1: Challengers,Playoffs,win,Paper Rex,No Namers,2,0,Split,1.34,224,35,24,10,+11,84%,160,28%,26/02/2022,15:30
Paper Rex vs. KPMOONIIBLM9,Champions Tour Malaysia & Singapore Stage 1: Challengers,Playoffs,win,Paper Rex,KPMOONIIBLM9,2,0,Breeze,1.23,172,11,8,4,+3,67%,140,30%,25/02/2022,16:15
Paper Rex vs. KPMOONIIBLM9,Champions Tour Malaysia & Singapore Stage 1: Challengers,Playoffs,win,Paper Rex,KPMOONIIBLM9,2,0,Ascent,1.29,175,23,20,16,+3,77%,127,36%,25/02/2022,16:15
Paper Rex vs. Madness Esports,Champions Tour Malaysia & Singapore Stage 1: Challengers,Playoffs,win,Paper Rex,Madness Esports,2,0,Icebox,1.22,207,13,9,5,+4,79%,133,30%,24/02/2022,13:30
Paper Rex vs. Madness Esports,Champions Tour Malaysia & Singapore Stage 1: Challengers,Playoffs,win,Paper Rex,Madness Esports,2,0,Haven,1.30,203,30,21,7,+9,79%,128,36%,24/02/2022,13:30
Paper Rex vs. Todak,Champions Tour Malaysia & Singapore Stage 1: Challengers,Group Stage,win,Paper Rex,Todak,2,0,Haven,0.80,166,9,12,5,-3,76%,116,10%,18/02/2022,18:55
Paper Rex vs. Todak,Champions Tour Malaysia & Singapore Stage 1: Challengers,Group Stage,win,Paper Rex,Todak,2,0,Ascent,1.04,165,22,30,12,-8,76%,122,15%,18/02/2022,18:55
Paper Rex vs. You Guys Get Paid?,Champions Tour Malaysia & Singapore Stage 1: Challengers,Group Stage,win,Paper Rex,You Guys Get Paid?,2,0,Split,0.93,145,8,7,3,+1,86%,98,22%,10/02/2022,16:30
Paper Rex vs. You Guys Get Paid?,Champions Tour Malaysia & Singapore Stage 1: Challengers,Group Stage,win,Paper Rex,You Guys Get Paid?,2,0,Haven,0.76,164,17,12,7,+5,86%,112,16%,10/02/2022,16:30
Paper Rex vs. Louvre,The Esports Club Showdown,Main Event,win,Paper Rex,Louvre,3,0,Split,0.86,167,13,13,1,0,67%,116,20%,30/11/2021,17:30
Paper Rex vs. Louvre,The Esports Club Showdown,Main Event,win,Paper Rex,Louvre,3,0,Haven,0.95,174,33,32,18,+1,74%,114,18%,30/11/2021,17:30
Paper Rex vs. Louvre,The Esports Club Showdown,Main Event,win,Paper Rex,Louvre,3,0,Icebox,1.28,220,11,7,5,+4,87%,136,11%,30/11/2021,17:30
Paper Rex vs. Alter Ego,The Esports Club Showdown,Main Event,win,Paper Rex,Alter Ego,2,0,Fracture,1.76,279,17,7,5,+10,81%,180,32%,25/11/2021,18:30
Paper Rex vs. Louvre,The Esports Club Showdown,Main Event,win,Paper Rex,Louvre,2,0,Split,1.05,205,23,18,4,+5,77%,138,17%,22/11/2021,18:30
Paper Rex vs. Louvre,The Esports Club Showdown,Main Event,win,Paper Rex,Louvre,2,0,Icebox,0.81,199,41,32,7,+9,74%,137,22%,22/11/2021,18:30
BOOM Esports vs. Paper Rex,Royal SEA Challenge,Playoffs,loss,Paper Rex,BOOM Esports,0,2,Icebox,0.74,147,12,17,6,-5,59%,91,10%,19/11/2021,20:50
BOOM Esports vs. Paper Rex,Royal SEA Challenge,Playoffs,loss,Paper Rex,BOOM Esports,0,2,Ascent,0.50,124,18,31,6,-13,56%,86,13%,19/11/2021,20:50
Sharper Esport vs. Paper Rex,Royal SEA Challenge,Playoffs,win,Paper Rex,Sharper Esport,2,1,Bind,1.47,240,18,10,6,+8,75%,155,27%,19/11/2021,14:10
Sharper Esport vs. Paper Rex,Royal SEA Challenge,Playoffs,win,Paper Rex,Sharper Esport,2,1,Ascent,1.13,189,45,39,15,+6,68%,127,27%,19/11/2021,14:10
Sharper Esport vs. Paper Rex,Royal SEA Challenge,Playoffs,win,Paper Rex,Sharper Esport,2,1,Split,1.13,206,21,17,2,+4,65%,135,23%,19/11/2021,14:10
Paper Rex vs. Team Exploit,The Esports Club Showdown,Main Event,win,Paper Rex,Team Exploit,2,0,Ascent,1.61,201,11,2,2,+9,100%,119,27%,18/11/2021,14:50
Paper Rex vs. Team Exploit,The Esports Club Showdown,Main Event,win,Paper Rex,Team Exploit,2,0,Icebox,1.53,170,19,6,5,+13,100%,108,20%,18/11/2021,14:50
Paper Rex vs. Bren Esports,Royal SEA Challenge,Group Stage,win,Paper Rex,Bren Esports,2,0,Haven,1.01,159,11,8,1,+3,76%,108,33%,17/11/2021,16:20
Paper Rex vs. Bren Esports,Royal SEA Challenge,Group Stage,win,Paper Rex,Bren Esports,2,0,Split,1.24,194,30,22,4,+8,78%,140,29%,17/11/2021,16:20
Paper Rex vs. BLEED,Royal SEA Challenge,Group Stage,win,Paper Rex,BLEED,2,0,Split,1.44,226,15,7,3,+8,81%,166,31%,16/11/2021,16:00
Paper Rex vs. BLEED,Royal SEA Challenge,Group Stage,win,Paper Rex,BLEED,2,0,Haven,1.32,171,24,19,5,+5,69%,119,28%,16/11/2021,16:00
Paper Rex vs. Team Big BAAM,Royal SEA Challenge,Group Stage,win,Paper Rex,Team Big BAAM,2,0,Bind,1.31,256,15,10,8,+5,88%,154,22%,15/11/2021,16:00
Paper Rex vs. Team Big BAAM,Royal SEA Challenge,Group Stage,win,Paper Rex,Team Big BAAM,2,0,Icebox,1.36,220,29,25,15,+4,86%,139,23%,15/11/2021,16:00
Paper Rex vs. South Built Esports,Royal SEA Challenge,Group Stage,draw,Paper Rex,South Built Esports,1,1,Split,0.91,158,13,13,2,0,62%,109,26%,14/11/2021,16:00
Paper Rex vs. South Built Esports,Royal SEA Challenge,Group Stage,draw,Paper Rex,South Built Esports,1,1,Icebox,0.39,177,28,27,5,+1,59%,118,28%,14/11/2021,16:00
Paper Rex vs. DAMWON Gaming,Champions Tour Asia-Pacific: Last Chance Qualifier,Main Event,loss,Paper Rex,DAMWON Gaming,1,2,Bind,1.52,280,24,14,11,+10,87%,171,27%,15/10/2021,17:15
Paper Rex vs. DAMWON Gaming,Champions Tour Asia-Pacific: Last Chance Qualifier,Main Event,loss,Paper Rex,DAMWON Gaming,1,2,Breeze,1.58,267,58,37,23,+21,87%,167,26%,15/10/2021,17:15
Paper Rex vs. DAMWON Gaming,Champions Tour Asia-Pacific: Last Chance Qualifier,Main Event,loss,Paper Rex,DAMWON Gaming,1,2,Ascent,1.23,206,12,8,6,+4,88%,130,32%,15/10/2021,17:15
Paper Rex vs. NORTHEPTION,Champions Tour Asia-Pacific: Last Chance Qualifier,Main Event,loss,Paper Rex,NORTHEPTION,0,2,Icebox,0.84,175,15,20,9,-5,69%,125,23%,14/10/2021,14:00
Paper Rex vs. NORTHEPTION,Champions Tour Asia-Pacific: Last Chance Qualifier,Main Event,loss,Paper Rex,NORTHEPTION,0,2,Ascent,0.75,170,29,34,18,-5,74%,121,27%,14/10/2021,14:00
Paper Rex vs. Global Esports,Champions Tour Asia-Pacific: Last Chance Qualifier,Main Event,win,Paper Rex,Global Esports,2,0,Icebox,1.30,214,12,7,3,+5,81%,145,22%,12/10/2021,20:30
Paper Rex vs. Global Esports,Champions Tour Asia-Pacific: Last Chance Qualifier,Main Event,win,Paper Rex,Global Esports,2,0,Split,1.85,281,27,11,10,+16,83%,177,20%,12/10/2021,20:30
Paper Rex vs. BLEED,KJC eSports VALORANT Invitational,Playoffs,win,Paper Rex,BLEED,3,0,Bind,0.99,167,12,11,4,+1,83%,114,37%,10/10/2021,16:00
Paper Rex vs. BLEED,KJC eSports VALORANT Invitational,Playoffs,win,Paper Rex,BLEED,3,0,Icebox,0.91,152,28,24,30,+4,90%,106,22%,10/10/2021,16:00
Paper Rex vs. BLEED,KJC eSports VALORANT Invitational,Playoffs,win,Paper Rex,BLEED,3,0,Ascent,1.14,166,9,7,7,+2,93%,112,17%,10/10/2021,16:00
BLEED vs. Paper Rex,KJC eSports VALORANT Invitational,Playoffs,win,Paper Rex,BLEED,2,1,Ascent,1.05,208,19,16,6,+3,75%,132,16%,09/10/2021,16:00
BLEED vs. Paper Rex,KJC eSports VALORANT Invitational,Playoffs,win,Paper Rex,BLEED,2,1,Bind,1.26,217,53,44,24,+9,72%,139,15%,09/10/2021,16:00
BLEED vs. Paper Rex,KJC eSports VALORANT Invitational,Playoffs,win,Paper Rex,BLEED,2,1,Breeze,0.99,192,19,22,10,-3,57%,125,12%,09/10/2021,16:00
Paper Rex vs. Louvre,KJC eSports VALORANT Invitational,Playoffs,win,Paper Rex,Louvre,2,0,Ascent,0.96,112,9,10,13,-1,71%,86,29%,08/10/2021,16:35
Paper Rex vs. Louvre,KJC eSports VALORANT Invitational,Playoffs,win,Paper Rex,Louvre,2,0,Bind,0.64,160,24,18,23,+6,78%,115,19%,08/10/2021,16:35
Paper Rex vs. Foxy Araikordai,KJC eSports VALORANT Invitational,Playoffs,win,Paper Rex,Foxy Araikordai,2,0,Ascent,1.10,195,16,15,5,+1,73%,131,25%,07/10/2021,15:30
Paper Rex vs. Foxy Araikordai,KJC eSports VALORANT Invitational,Playoffs,win,Paper Rex,Foxy Araikordai,2,0,Split,1.18,187,32,24,5,+8,76%,121,22%,07/10/2021,15:30
Paper Rex vs. Papara SuperMassive,Valorant Champions Tour Stage 3: Masters Berlin,Group Stage,loss,Paper Rex,Papara SuperMassive,1,2,Haven,0.85,135,10,15,8,-5,73%,98,22%,15/09/2021,20:00
Paper Rex vs. Papara SuperMassive,Valorant Champions Tour Stage 3: Masters Berlin,Group Stage,loss,Paper Rex,Papara SuperMassive,1,2,Breeze,0.74,145,30,41,11,-11,66%,104,21%,15/09/2021,20:00
Paper Rex vs. Papara SuperMassive,Valorant Champions Tour Stage 3: Masters Berlin,Group Stage,loss,Paper Rex,Papara SuperMassive,1,2,Split,0.59,106,5,13,2,-8,53%,70,12%,15/09/2021,20:00
Vision Strikers vs. Paper Rex,Valorant Champions Tour Stage 3: Masters Berlin,Group Stage,loss,Paper Rex,Vision Strikers,0,2,Haven,0.67,122,10,16,0,-6,36%,86,33%,11/09/2021,20:00
Vision Strikers vs. Paper Rex,Valorant Champions Tour Stage 3: Masters Berlin,Group Stage,loss,Paper Rex,Vision Strikers,0,2,Icebox,0.98,155,25,32,3,-7,54%,109,30%,11/09/2021,20:00
Paper Rex vs. Bren Esports,Champions Tour SEA Stage 3: Challengers Playoffs,Playoffs,loss,Paper Rex,Bren Esports,0,3,Bind,1.12,223,22,20,8,+2,73%,144,23%,22/08/2021,14:05
Paper Rex vs. Bren Esports,Champions Tour SEA Stage 3: Challengers Playoffs,Playoffs,loss,Paper Rex,Bren Esports,0,3,Split,1.03,241,62,50,13,+12,75%,149,22%,22/08/2021,14:05
Paper Rex vs. Bren Esports,Champions Tour SEA Stage 3: Challengers Playoffs,Playoffs,loss,Paper Rex,Bren Esports,0,3,Icebox,1.34,263,24,15,4,+9,81%,157,20%,22/08/2021,14:05
Bren Esports vs. Paper Rex,Champions Tour SEA Stage 3: Challengers Playoffs,Playoffs,win,Paper Rex,Bren Esports,2,1,Icebox,1.24,241,19,15,6,+4,75%,159,17%,21/08/2021,14:30
Bren Esports vs. Paper Rex,Champions Tour SEA Stage 3: Challengers Playoffs,Playoffs,win,Paper Rex,Bren Esports,2,1,Breeze,1.34,212,43,35,10,+8,69%,131,18%,21/08/2021,14:30
Bren Esports vs. Paper Rex,Champions Tour SEA Stage 3: Challengers Playoffs,Playoffs,win,Paper Rex,Bren Esports,2,1,Ascent,0.91,158,12,15,1,-3,52%,100,23%,21/08/2021,14:30
BOOM Esports vs. Paper Rex,Champions Tour SEA Stage 3: Challengers Playoffs,Playoffs,win,Paper Rex,BOOM Esports,2,0,Bind,1.49,261,19,10,8,+9,100%,171,14%,20/08/2021,12:20
BOOM Esports vs. Paper Rex,Champions Tour SEA Stage 3: Challengers Playoffs,Playoffs,win,Paper Rex,BOOM Esports,2,0,Icebox,1.02,254,38,23,15,+15,87%,167,13%,20/08/2021,12:20
Paper Rex vs. CBT Gaming,Champions Tour SEA Stage 3: Challengers Playoffs,Playoffs,win,Paper Rex,CBT Gaming,2,0,Icebox,1.67,286,18,6,2,+12,88%,154,20%,19/08/2021,17:30
Paper Rex vs. CBT Gaming,Champions Tour SEA Stage 3: Challengers Playoffs,Playoffs,win,Paper Rex,CBT Gaming,2,0,Split,0.79,235,31,24,7,+7,70%,120,19%,19/08/2021,17:30
ONIC G vs. Paper Rex,Champions Tour SEA Stage 3: Challengers Playoffs,Group Stage,win,Paper Rex,ONIC G,2,0,Breeze,1.24,234,17,12,7,+5,76%,133,40%,16/08/2021,10:00
ONIC G vs. Paper Rex,Champions Tour SEA Stage 3: Challengers Playoffs,Group Stage,win,Paper Rex,ONIC G,2,0,Icebox,1.01,223,32,21,10,+11,77%,137,35%,16/08/2021,10:00
FULL SENSE vs. Paper Rex,Champions Tour SEA Stage 3: Challengers Playoffs,Group Stage,draw,Paper Rex,FULL SENSE,1,1,Split,1.54,286,23,14,8,+9,87%,166,16%,14/08/2021,20:35
FULL SENSE vs. Paper Rex,Champions Tour SEA Stage 3: Challengers Playoffs,Group Stage,draw,Paper Rex,FULL SENSE,1,1,Ascent,1.03,218,33,30,14,+3,78%,135,18%,14/08/2021,20:35
Five Ace Esports vs. Paper Rex,Champions Tour SEA Stage 3: Challengers Playoffs,Group Stage,win,Paper Rex,Five Ace Esports,2,0,Icebox,1.31,244,14,8,5,+6,81%,123,19%,13/08/2021,17:00
Five Ace Esports vs. Paper Rex,Champions Tour SEA Stage 3: Challengers Playoffs,Group Stage,win,Paper Rex,Five Ace Esports,2,0,Split,1.05,220,30,22,11,+8,79%,123,21%,13/08/2021,17:00
Paper Rex vs. Kingsmen,Champions Tour Malaysia & Singapore Stage 3: Challengers 3,Main Event,win,Paper Rex,Kingsmen,3,0,Haven,1.25,243,17,11,9,+6,81%,129,23%,08/08/2021,13:00
Paper Rex vs. Kingsmen,Champions Tour Malaysia & Singapore Stage 3: Challengers 3,Main Event,win,Paper Rex,Kingsmen,3,0,Icebox,1.17,215,42,32,20,+10,75%,129,19%,08/08/2021,13:00
Paper Rex vs. Kingsmen,Champions Tour Malaysia & Singapore Stage 3: Challengers 3,Main Event,win,Paper Rex,Kingsmen,3,0,Breeze,1.17,234,15,11,4,+4,78%,146,18%,08/08/2021,13:00
Paper Rex vs. Louvre,Champions Tour Malaysia & Singapore Stage 3: Challengers 3,Main Event,win,Paper Rex,Louvre,2,0,Breeze,0.91,169,11,15,5,-4,68%,128,25%,07/08/2021,15:40
Paper Rex vs. Louvre,Champions Tour Malaysia & Singapore Stage 3: Challengers 3,Main Event,win,Paper Rex,Louvre,2,0,Haven,0.95,186,27,25,10,+2,76%,124,23%,07/08/2021,15:40
Paper Rex vs. Looking For Org,Champions Tour Malaysia & Singapore Stage 3: Challengers 3,Main Event,win,Paper Rex,Looking For Org,2,1,Icebox,1.26,270,19,12,4,+7,75%,169,18%,07/08/2021,9:00
Paper Rex vs. Looking For Org,Champions Tour Malaysia & Singapore Stage 3: Challengers 3,Main Event,win,Paper Rex,Looking For Org,2,1,Split,1.37,257,56,37,13,+19,77%,163,18%,07/08/2021,9:00
Paper Rex vs. Looking For Org,Champions Tour Malaysia & Singapore Stage 3: Challengers 3,Main Event,win,Paper Rex,Looking For Org,2,1,Ascent,1.57,310,27,16,4,+11,79%,181,16%,07/08/2021,9:00
Paper Rex vs. Origin Sky,Champions Tour Malaysia & Singapore Stage 3: Challengers 3,Main Event,win,Paper Rex,Origin Sky,2,0,Icebox,1.24,208,14,9,4,+5,84%,141,24%,06/08/2021,9:00
Paper Rex vs. Origin Sky,Champions Tour Malaysia & Singapore Stage 3: Challengers 3,Main Event,win,Paper Rex,Origin Sky,2,0,Ascent,1.14,220,27,18,6,+9,80%,149,29%,06/08/2021,9:00
Paper Rex vs. UwU,Champions Tour Malaysia & Singapore Stage 3: Challengers 2,Main Event,loss,Paper Rex,UwU,1,3,Haven,0.89,201,14,16,4,-2,60%,128,20%,25/07/2021,12:00
Paper Rex vs. UwU,Champions Tour Malaysia & Singapore Stage 3: Challengers 2,Main Event,loss,Paper Rex,UwU,1,3,Breeze,1.06,192,56,61,15,-5,67%,124,17%,25/07/2021,12:00
Paper Rex vs. UwU,Champions Tour Malaysia & Singapore Stage 3: Challengers 2,Main Event,loss,Paper Rex,UwU,1,3,Split,0.73,170,13,20,2,-7,67%,109,22%,25/07/2021,12:00
Paper Rex vs. UwU,Champions Tour Malaysia & Singapore Stage 3: Challengers 2,Main Event,loss,Paper Rex,UwU,1,3,Ascent,1.57,238,14,7,6,+7,88%,169,14%,25/07/2021,12:00
Paper Rex vs. UwU,Champions Tour Malaysia & Singapore Stage 3: Challengers 2,Main Event,win,Paper Rex,UwU,2,0,Ascent,1.54,240,16,5,2,+11,94%,128,19%,24/07/2021,15:40
Paper Rex vs. UwU,Champions Tour Malaysia & Singapore Stage 3: Challengers 2,Main Event,win,Paper Rex,UwU,2,0,Icebox,0.61,201,28,21,6,+7,73%,111,16%,24/07/2021,15:40
Paper Rex vs. Kingsmen,Champions Tour Malaysia & Singapore Stage 3: Challengers 2,Main Event,win,Paper Rex,Kingsmen,2,0,Ascent,1.37,273,18,9,2,+9,100%,154,16%,24/07/2021,9:00
Paper Rex vs. Kingsmen,Champions Tour Malaysia & Singapore Stage 3: Challengers 2,Main Event,win,Paper Rex,Kingsmen,2,0,Icebox,1.29,263,30,17,9,+13,97%,161,15%,24/07/2021,9:00
Paper Rex vs. Team SMG,Champions Tour Malaysia & Singapore Stage 3: Challengers 2,Main Event,win,Paper Rex,Team SMG,2,0,Icebox,0.74,125,7,12,6,-5,74%,78,12%,23/07/2021,9:00
Paper Rex vs. Team SMG,Champions Tour Malaysia & Singapore Stage 3: Challengers 2,Main Event,win,Paper Rex,Team SMG,2,0,Split,0.92,188,28,22,10,+6,78%,126,19%,23/07/2021,9:00
UwU vs. Paper Rex,Champions Tour Malaysia & Singapore Stage 3: Challengers 1,Main Event,win,Paper Rex,UwU,3,0,Haven,1.24,245,18,12,5,+6,76%,142,14%,11/07/2021,11:30
UwU vs. Paper Rex,Champions Tour Malaysia & Singapore Stage 3: Challengers 1,Main Event,win,Paper Rex,UwU,3,0,Breeze,0.82,198,45,33,10,+12,79%,117,23%,11/07/2021,11:30
UwU vs. Paper Rex,Champions Tour Malaysia & Singapore Stage 3: Challengers 1,Main Event,win,Paper Rex,UwU,3,0,Ascent,1.20,191,13,7,2,+6,78%,108,31%,11/07/2021,11:30
Paper Rex vs. Todak,Champions Tour Malaysia & Singapore Stage 3: Challengers 1,Main Event,win,Paper Rex,Todak,2,0,Icebox,0.72,172,13,14,2,-1,75%,102,26%,11/07/2021,9:00
Paper Rex vs. Todak,Champions Tour Malaysia & Singapore Stage 3: Challengers 1,Main Event,win,Paper Rex,Todak,2,0,Breeze,0.47,144,21,23,4,-2,68%,90,27%,11/07/2021,9:00
Paper Rex vs. UwU,Champions Tour Malaysia & Singapore Stage 3: Challengers 1,Main Event,loss,Paper Rex,UwU,1,2,Bind,0.71,189,42,38,14,+4,74%,129,16%,10/07/2021,16:00
Paper Rex vs. UwU,Champions Tour Malaysia & Singapore Stage 3: Challengers 1,Main Event,loss,Paper Rex,UwU,1,2,Split,0.82,157,14,18,4,-4,63%,115,17%,10/07/2021,16:00
Paper Rex vs. Kingsmen,Champions Tour Malaysia & Singapore Stage 3: Challengers 1,Main Event,win,Paper Rex,Kingsmen,2,0,Breeze,1.25,239,18,11,1,+7,76%,160,20%,10/07/2021,9:00
Paper Rex vs. Kingsmen,Champions Tour Malaysia & Singapore Stage 3: Challengers 1,Main Event,win,Paper Rex,Kingsmen,2,0,Bind,1.41,238,34,18,7,+16,84%,161,24%,10/07/2021,9:00
Paper Rex vs. Saints,Champions Tour Malaysia & Singapore Stage 3: Challengers 1,Main Event,win,Paper Rex,Saints,2,0,Breeze,0.75,158,11,14,3,-3,77%,101,34%,09/07/2021,9:30
Paper Rex vs. Saints,Champions Tour Malaysia & Singapore Stage 3: Challengers 1,Main Event,win,Paper Rex,Saints,2,0,Split,0.74,147,22,21,8,+1,83%,104,27%,09/07/2021,9:30
BOOM Esports vs. Paper Rex,VALO2ASIA Invitational,Main Event,loss,Paper Rex,BOOM Esports,0,2,Bind,0.32,94,2,12,4,-10,57%,86,17%,27/06/2021,12:00
BOOM Esports vs. Paper Rex,VALO2ASIA Invitational,Main Event,loss,Paper Rex,BOOM Esports,0,2,Icebox,1.22,158,19,26,11,-7,73%,130,13%,27/06/2021,12:00
Paper Rex vs. XcN Gaming,KJC eSports VALORANT Tournament: One,Playoffs,win,Paper Rex,XcN Gaming,2,1,Split,0.82,174,10,14,2,-4,44%,123,13%,25/06/2021,20:00
Paper Rex vs. XcN Gaming,KJC eSports VALORANT Tournament: One,Playoffs,win,Paper Rex,XcN Gaming,2,1,Icebox,1.04,165,28,25,7,+3,71%,112,17%,25/06/2021,20:00
Paper Rex vs. XcN Gaming,KJC eSports VALORANT Tournament: One,Playoffs,win,Paper Rex,XcN Gaming,2,1,Bind,1.17,175,12,8,2,+4,78%,107,21%,25/06/2021,20:00
Paper Rex vs. Griffin E-Sports,KJC eSports VALORANT Tournament: One,Playoffs,win,Paper Rex,Griffin E-Sports,1,0,Bind,1.00,174,8,6,5,+2,80%,91,7%,24/06/2021,18:00
Paper Rex vs. Louvre,KJC eSports VALORANT Tournament: One,Singapore Qualifiers,win,Paper Rex,Louvre,1,0,Bind,0.95,197,15,16,7,-1,70%,137,23%,21/06/2021,21:00
Paper Rex vs. Team Solace,KJC eSports VALORANT Tournament: One,Singapore Qualifiers,win,Paper Rex,Team Solace,1,0,Split,1.46,281,19,10,7,+9,95%,162,22%,21/06/2021,20:00
Paper Rex vs. RunDownMid,KJC eSports VALORANT Tournament: One,Singapore Qualifiers,win,Paper Rex,RunDownMid,1,0,Split,1.57,273,14,8,7,+6,93%,169,30%,21/06/2021,19:00
Paper Rex vs. FULL SENSE,Champions Tour SEA Stage 2: Challengers Finals,Main Event,loss,Paper Rex,FULL SENSE,1,2,Split,1.23,251,16,11,4,+5,74%,147,30%,02/05/2021,13:00
Paper Rex vs. FULL SENSE,Champions Tour SEA Stage 2: Challengers Finals,Main Event,loss,Paper Rex,FULL SENSE,1,2,Ascent,0.99,179,37,37,13,0,69%,116,24%,02/05/2021,13:00
Paper Rex vs. FULL SENSE,Champions Tour SEA Stage 2: Challengers Finals,Main Event,loss,Paper Rex,FULL SENSE,1,2,Bind,0.85,154,10,12,3,-2,74%,126,33%,02/05/2021,13:00
Paper Rex vs. X10 Esports,Champions Tour SEA Stage 2: Challengers Finals,Main Event,loss,Paper Rex,X10 Esports,1,2,Icebox,0.58,144,9,15,3,-6,61%,94,25%,01/05/2021,19:30
Paper Rex vs. X10 Esports,Champions Tour SEA Stage 2: Challengers Finals,Main Event,loss,Paper Rex,X10 Esports,1,2,Split,0.54,148,34,55,23,-21,67%,97,27%,01/05/2021,19:30
Paper Rex vs. X10 Esports,Champions Tour SEA Stage 2: Challengers Finals,Main Event,loss,Paper Rex,X10 Esports,1,2,Ascent,0.46,130,10,19,3,-9,54%,86,18%,01/05/2021,19:30
Bren Esports vs. Paper Rex,Champions Tour SEA Stage 2: Challengers Finals,Main Event,win,Paper Rex,Bren Esports,2,1,Icebox,0.95,184,11,12,0,-1,53%,109,32%,30/04/2021,16:45
Bren Esports vs. Paper Rex,Champions Tour SEA Stage 2: Challengers Finals,Main Event,win,Paper Rex,Bren Esports,2,1,Ascent,1.07,179,37,36,10,+1,70%,117,22%,30/04/2021,16:45
Bren Esports vs. Paper Rex,Champions Tour SEA Stage 2: Challengers Finals,Main Event,win,Paper Rex,Bren Esports,2,1,Bind,1.20,192,12,9,6,+3,89%,139,23%,30/04/2021,16:45
FULL SENSE vs. Paper Rex,Champions Tour SEA Stage 2: Challengers Finals,Main Event,win,Paper Rex,FULL SENSE,2,1,Split,0.75,222,11,16,5,-5,65%,117,11%,29/04/2021,17:00
FULL SENSE vs. Paper Rex,Champions Tour SEA Stage 2: Challengers Finals,Main Event,win,Paper Rex,FULL SENSE,2,1,Ascent,0.93,180,29,42,17,-13,60%,96,17%,29/04/2021,17:00
FULL SENSE vs. Paper Rex,Champions Tour SEA Stage 2: Challengers Finals,Main Event,win,Paper Rex,FULL SENSE,2,1,Bind,0.45,95,6,19,9,-13,54%,70,21%,29/04/2021,17:00
Paper Rex vs. Team SMG,Champions Tour Malaysia & Singapore Stage 2: Challengers 3,Main Event,win,Paper Rex,Team SMG,3,2,Ascent,0.82,144,19,25,11,-6,64%,91,23%,25/04/2021,13:00
Paper Rex vs. Team SMG,Champions Tour Malaysia & Singapore Stage 2: Challengers 3,Main Event,win,Paper Rex,Team SMG,3,2,Icebox,0.84,196,73,82,36,-9,73%,123,19%,25/04/2021,13:00
Paper Rex vs. Team SMG,Champions Tour Malaysia & Singapore Stage 2: Challengers 3,Main Event,win,Paper Rex,Team SMG,3,2,Bind,1.02,224,16,13,6,+3,74%,139,11%,25/04/2021,13:00
Paper Rex vs. Team SMG,Champions Tour Malaysia & Singapore Stage 2: Challengers 3,Main Event,win,Paper Rex,Team SMG,3,2,Split,1.22,251,13,12,5,+1,71%,173,18%,25/04/2021,13:00
Paper Rex vs. Team SMG,Champions Tour Malaysia & Singapore Stage 2: Challengers 3,Main Event,win,Paper Rex,Team SMG,3,2,Haven,0.69,144,9,13,4,-4,79%,79,38%,25/04/2021,13:00
Paper Rex vs. Louvre,Champions Tour Malaysia & Singapore Stage 2: Challengers 3,Main Event,win,Paper Rex,Louvre,2,1,Ascent,1.67,256,15,7,10,+8,88%,152,19%,24/04/2021,13:50
Paper Rex vs. Louvre,Champions Tour Malaysia & Singapore Stage 2: Challengers 3,Main Event,win,Paper Rex,Louvre,2,1,Bind,1.30,209,41,30,27,+11,86%,132,20%,24/04/2021,13:50
Paper Rex vs. Louvre,Champions Tour Malaysia & Singapore Stage 2: Challengers 3,Main Event,win,Paper Rex,Louvre,2,1,Split,1.23,233,17,16,13,+1,83%,146,20%,24/04/2021,13:50
Paper Rex vs. Todak,Champions Tour Malaysia & Singapore Stage 2: Challengers 3,Main Event,win,Paper Rex,Todak,2,1,Ascent,1.59,248,16,7,2,+9,88%,158,25%,23/04/2021,14:25
Paper Rex vs. Todak,Champions Tour Malaysia & Singapore Stage 2: Challengers 3,Main Event,win,Paper Rex,Todak,2,1,Split,1.31,206,49,39,12,+10,80%,126,23%,23/04/2021,14:25
Paper Rex vs. Todak,Champions Tour Malaysia & Singapore Stage 2: Challengers 3,Main Event,win,Paper Rex,Todak,2,1,Bind,0.78,174,21,25,3,-4,68%,112,22%,23/04/2021,14:25
Paper Rex vs. Louvre,Champions Tour Malaysia & Singapore Stage 2: Challengers 2,Main Event,win,Paper Rex,Louvre,3,1,Icebox,0.95,155,7,9,11,-2,75%,99,18%,18/04/2021,11:30
Paper Rex vs. Louvre,Champions Tour Malaysia & Singapore Stage 2: Challengers 2,Main Event,win,Paper Rex,Louvre,3,1,Haven,1.11,218,65,50,24,+15,73%,145,21%,18/04/2021,11:30
Paper Rex vs. Louvre,Champions Tour Malaysia & Singapore Stage 2: Challengers 2,Main Event,win,Paper Rex,Louvre,3,1,Bind,0.79,163,12,13,6,-1,65%,119,26%,18/04/2021,11:30
Paper Rex vs. Louvre,Champions Tour Malaysia & Singapore Stage 2: Challengers 2,Main Event,win,Paper Rex,Louvre,3,1,Ascent,1.71,328,26,11,4,+15,90%,188,24%,18/04/2021,11:30
Team SMG vs. Paper Rex,Champions Tour Malaysia & Singapore Stage 2: Challengers 2,Main Event,win,Paper Rex,Team SMG,2,1,Split,0.86,150,11,14,12,-3,78%,96,19%,17/04/2021,18:00
Team SMG vs. Paper Rex,Champions Tour Malaysia & Singapore Stage 2: Challengers 2,Main Event,win,Paper Rex,Team SMG,2,1,Bind,0.78,145,39,52,24,-13,74%,111,20%,17/04/2021,18:00
Team SMG vs. Paper Rex,Champions Tour Malaysia & Singapore Stage 2: Challengers 2,Main Event,win,Paper Rex,Team SMG,2,1,Icebox,0.92,180,21,26,7,-5,69%,134,23%,17/04/2021,18:00
Paper Rex vs. Louvre,Champions Tour Malaysia & Singapore Stage 2: Challengers 2,Main Event,win,Paper Rex,Louvre,2,1,Ascent,0.92,226,15,16,3,-1,68%,134,19%,17/04/2021,12:00
Paper Rex vs. Louvre,Champions Tour Malaysia & Singapore Stage 2: Challengers 2,Main Event,win,Paper Rex,Louvre,2,1,Split,0.90,206,46,44,16,+2,73%,125,16%,17/04/2021,12:00
Paper Rex vs. Louvre,Champions Tour Malaysia & Singapore Stage 2: Challengers 2,Main Event,win,Paper Rex,Louvre,2,1,Icebox,1.05,190,16,15,9,+1,82%,110,17%,17/04/2021,12:00
Paper Rex vs. Timing Monster Gaming,Champions Tour Malaysia & Singapore Stage 2: Challengers 2,Main Event,win,Paper Rex,Timing Monster Gaming,2,0,Bind,1.14,166,12,7,2,+5,94%,91,9%,16/04/2021,14:25
Paper Rex vs. Timing Monster Gaming,Champions Tour Malaysia & Singapore Stage 2: Challengers 2,Main Event,win,Paper Rex,Timing Monster Gaming,2,0,Split,0.87,183,33,21,6,+12,80%,117,18%,16/04/2021,14:25
Kingsmen vs. Paper Rex,Champions Tour Malaysia & Singapore Stage 2: Challengers 1,Main Event,loss,Paper Rex,Kingsmen,0,3,Split,1.37,237,26,18,12,+8,77%,140,26%,04/04/2021,11:15
Kingsmen vs. Paper Rex,Champions Tour Malaysia & Singapore Stage 2: Challengers 1,Main Event,loss,Paper Rex,Kingsmen,0,3,Icebox,1.25,206,54,48,24,+6,68%,127,25%,04/04/2021,11:15
Kingsmen vs. Paper Rex,Champions Tour Malaysia & Singapore Stage 2: Challengers 1,Main Event,loss,Paper Rex,Kingsmen,0,3,Ascent,0.73,139,12,14,8,-2,67%,88,17%,04/04/2021,11:15
Team 600 vs. Paper Rex,Champions Tour Malaysia & Singapore Stage 2: Challengers 1,Main Event,win,Paper Rex,Team 600,2,0,Split,1.31,193,13,7,9,+6,94%,120,24%,04/04/2021,9:00
Team 600 vs. Paper Rex,Champions Tour Malaysia & Singapore Stage 2: Challengers 1,Main Event,win,Paper Rex,Team 600,2,0,Ascent,1.16,168,23,22,15,+1,79%,102,23%,04/04/2021,9:00
Paper Rex vs. Team SMG,Champions Tour Malaysia & Singapore Stage 2: Challengers 1,Main Event,win,Paper Rex,Team SMG,1,0,Haven,1.54,260,16,8,4,+8,75%,147,26%,03/04/2021,19:30
Paper Rex vs. Team LZ,Champions Tour Malaysia & Singapore Stage 2: Challengers 1,Main Event,win,Paper Rex,Team LZ,1,0,Split,1.58,271,19,10,3,+9,68%,167,19%,03/04/2021,15:40
Team 600 vs. Paper Rex,Champions Tour Malaysia & Singapore Stage 2: Challengers 1,Main Event,loss,Paper Rex,Team 600,1,2,Haven,0.84,133,10,9,2,+1,71%,83,36%,03/04/2021,12:00
Team 600 vs. Paper Rex,Champions Tour Malaysia & Singapore Stage 2: Challengers 1,Main Event,loss,Paper Rex,Team 600,1,2,Split,1.00,161,32,35,8,-3,64%,106,23%,03/04/2021,12:00
Team 600 vs. Paper Rex,Champions Tour Malaysia & Singapore Stage 2: Challengers 1,Main Event,loss,Paper Rex,Team 600,1,2,Bind,0.88,160,11,13,4,-2,71%,108,14%,03/04/2021,12:00
Paper Rex vs. Zero Synergy,Champions Tour Malaysia & Singapore Stage 2: Challengers 1,Main Event,win,Paper Rex,Zero Synergy,2,0,Haven,0.90,135,10,13,5,-3,70%,102,21%,02/04/2021,16:50
Paper Rex vs. Zero Synergy,Champions Tour Malaysia & Singapore Stage 2: Challengers 1,Main Event,win,Paper Rex,Zero Synergy,2,0,Icebox,0.57,125,16,22,13,-6,82%,83,13%,02/04/2021,16:50
