Paper Rex vs. Global Esports,Champions Tour 2025: Pacific Stage 1,Group Stage,win,Paper Rex,Global Esports,2,0,Split,0.48,133,8,15,4,-7,61%,90,10%,19/04/2025,15:00
Paper Rex vs. Global Esports,Champions Tour 2025: Pacific Stage 1,Group Stage,win,Paper Rex,Global Esports,2,0,Lotus,0.27,109,14,31,6,-17,55%,69,10%,19/04/2025,15:00
DetonatioN FocusMe vs. Paper Rex,Champions Tour 2025: Pacific Stage 1,Group Stage,win,Paper Rex,DetonatioN FocusMe,2,1,Ascent,1.02,185,16,16,2,0,63%,114,44%,14/04/2025,17:10
DetonatioN FocusMe vs. Paper Rex,Champions Tour 2025: Pacific Stage 1,Group Stage,win,Paper Rex,DetonatioN FocusMe,2,1,Lotus,0.88,238,62,47,15,+15,72%,158,33%,14/04/2025,17:10
DetonatioN FocusMe vs. Paper Rex,Champions Tour 2025: Pacific Stage 1,Group Stage,win,Paper Rex,DetonatioN FocusMe,2,1,Pearl,1.66,286,23,13,8,+10,85%,195,29%,14/04/2025,17:10
Paper Rex vs. BOOM Esports,Champions Tour 2025: Pacific Stage 1,Group Stage,loss,Paper Rex,BOOM Esports,1,2,Ascent,1.20,233,19,13,4,+6,76%,131,17%,06/04/2025,15:00
Paper Rex vs. BOOM Esports,Champions Tour 2025: Pacific Stage 1,Group Stage,loss,Paper Rex,BOOM Esports,1,2,Fracture,0.56,171,41,45,11,-4,73%,108,24%,06/04/2025,15:00
Paper Rex vs. BOOM Esports,Champions Tour 2025: Pacific Stage 1,Group Stage,loss,Paper Rex,BOOM Esports,1,2,Pearl,0.76,179,14,19,3,-5,64%,131,27%,06/04/2025,15:00
Gen.G vs. Paper Rex,Champions Tour 2025: Pacific Stage 1,Group Stage,loss,Paper Rex,Gen.G,1,2,Lotus,0.72,174,12,18,9,-6,74%,121,45%,30/03/2025,15:00
Gen.G vs. Paper Rex,Champions Tour 2025: Pacific Stage 1,Group Stage,loss,Paper Rex,Gen.G,1,2,Fracture,0.88,179,36,45,25,-9,73%,121,33%,30/03/2025,15:00
Gen.G vs. Paper Rex,Champions Tour 2025: Pacific Stage 1,Group Stage,loss,Paper Rex,Gen.G,1,2,Haven,1.37,213,14,12,12,+2,84%,154,27%,30/03/2025,15:00
DRX vs. Paper Rex,Champions Tour 2025: Pacific Stage 1,Group Stage,loss,Paper Rex,DRX,1,2,Haven,1.17,212,16,13,9,+3,64%,136,36%,23/03/2025,15:00
DRX vs. Paper Rex,Champions Tour 2025: Pacific Stage 1,Group Stage,loss,Paper Rex,DRX,1,2,Icebox,1.50,181,43,41,17,+2,65%,116,35%,23/03/2025,15:00
DRX vs. Paper Rex,Champions Tour 2025: Pacific Stage 1,Group Stage,loss,Paper Rex,DRX,1,2,Lotus,1.44,242,20,12,6,+8,74%,152,36%,23/03/2025,15:00
DetonatioN FocusMe vs. Paper Rex,Champions Tour 2025: Pacific Kickoff,Main Event,loss,Paper Rex,DetonatioN FocusMe,0,2,Abyss,0.81,183,15,19,4,-4,74%,108,20%,01/02/2025,19:10
DetonatioN FocusMe vs. Paper Rex,Champions Tour 2025: Pacific Kickoff,Main Event,loss,Paper Rex,DetonatioN FocusMe,0,2,Pearl,0.75,192,25,30,5,-5,70%,118,23%,01/02/2025,19:10
Paper Rex vs. ZETA DIVISION,Champions Tour 2025: Pacific Kickoff,Main Event,win,Paper Rex,ZETA DIVISION,2,0,Lotus,1.58,339,21,12,5,+9,72%,196,15%,26/01/2025,18:00
Paper Rex vs. ZETA DIVISION,Champions Tour 2025: Pacific Kickoff,Main Event,win,Paper Rex,ZETA DIVISION,2,0,Fracture,1.27,290,39,26,9,+13,72%,175,21%,26/01/2025,18:00
Paper Rex vs. T1,Champions Tour 2025: Pacific Kickoff,Main Event,loss,Paper Rex,T1,1,2,Bind,0.71,147,9,15,6,-6,68%,95,31%,20/01/2025,18:15
Paper Rex vs. T1,Champions Tour 2025: Pacific Kickoff,Main Event,loss,Paper Rex,T1,1,2,Fracture,1.00,170,39,46,17,-7,73%,112,23%,20/01/2025,18:15
Paper Rex vs. T1,Champions Tour 2025: Pacific Kickoff,Main Event,loss,Paper Rex,T1,1,2,Split,0.89,160,13,12,7,+1,81%,107,29%,20/01/2025,18:15
Xipto x Global Esports vs. Paper Rex x Spotlight Series,VCT OFF//SEASON Spotlight Series 2024: Pacific,Main Event,win,Paper Rex x Spotlight Series,Xipto x Global Esports,3,0,Pearl,1.24,235,20,15,2,+5,79%,149,23%,22/12/2024,17:00
Xipto x Global Esports vs. Paper Rex x Spotlight Series,VCT OFF//SEASON Spotlight Series 2024: Pacific,Main Event,win,Paper Rex x Spotlight Series,Xipto x Global Esports,3,0,Bind,1.55,287,70,37,20,+33,82%,174,27%,22/12/2024,17:00
Xipto x Global Esports vs. Paper Rex x Spotlight Series,VCT OFF//SEASON Spotlight Series 2024: Pacific,Main Event,win,Paper Rex x Spotlight Series,Xipto x Global Esports,3,0,Ascent,1.84,328,26,9,12,+17,90%,191,31%,22/12/2024,17:00
Paper Rex x Spotlight Series vs. ZETA DIVISION GC,VCT OFF//SEASON Spotlight Series 2024: Pacific,Main Event,win,Paper Rex x Spotlight Series,ZETA DIVISION GC,2,0,Sunset,1.55,259,16,7,7,+9,83%,166,44%,21/12/2024,17:00
Paper Rex x Spotlight Series vs. ZETA DIVISION GC,VCT OFF//SEASON Spotlight Series 2024: Pacific,Main Event,win,Paper Rex x Spotlight Series,ZETA DIVISION GC,2,0,Bind,1.48,323,39,14,15,+25,85%,196,46%,21/12/2024,17:00
Paper Rex x Spotlight Series vs. DRX Changers,VCT OFF//SEASON Spotlight Series 2024: Pacific,Main Event,win,Paper Rex x Spotlight Series,DRX Changers,2,0,Sunset,1.59,293,21,13,9,+8,90%,208,33%,20/12/2024,17:00
Paper Rex x Spotlight Series vs. DRX Changers,VCT OFF//SEASON Spotlight Series 2024: Pacific,Main Event,win,Paper Rex x Spotlight Series,DRX Changers,2,0,Ascent,1.52,328,48,25,21,+23,90%,219,24%,20/12/2024,17:00
Paper Rex x Spotlight Series vs. Xipto x Global Esports,VCT OFF//SEASON Spotlight Series 2024: Pacific,Main Event,loss,Paper Rex x Spotlight Series,Xipto x Global Esports,0,2,Split,0.97,248,21,20,4,+1,71%,140,24%,19/12/2024,17:00
Paper Rex x Spotlight Series vs. Xipto x Global Esports,VCT OFF//SEASON Spotlight Series 2024: Pacific,Main Event,loss,Paper Rex x Spotlight Series,Xipto x Global Esports,0,2,Ascent,1.07,200,27,33,8,-6,64%,134,23%,19/12/2024,17:00
EDward Gaming vs. Paper Rex,Valorant Champions 2024,Group Stage,loss,Paper Rex,EDward Gaming,1,2,Icebox,1.39,334,18,12,3,+6,75%,208,31%,11/08/2024,17:15
EDward Gaming vs. Paper Rex,Valorant Champions 2024,Group Stage,loss,Paper Rex,EDward Gaming,1,2,Sunset,0.79,219,39,42,14,-3,70%,136,28%,11/08/2024,17:15
EDward Gaming vs. Paper Rex,Valorant Champions 2024,Group Stage,loss,Paper Rex,EDward Gaming,1,2,Lotus,0.92,189,13,17,10,-4,67%,134,36%,11/08/2024,17:15
FUT Esports vs. Paper Rex,Valorant Champions 2024,Group Stage,win,Paper Rex,FUT Esports,2,0,Sunset,0.99,200,15,17,10,-2,75%,142,37%,09/08/2024,17:25
FUT Esports vs. Paper Rex,Valorant Champions 2024,Group Stage,win,Paper Rex,FUT Esports,2,0,Bind,0.60,194,29,29,16,0,77%,133,33%,09/08/2024,17:25
G2 Esports vs. Paper Rex,Valorant Champions 2024,Group Stage,loss,Paper Rex,G2 Esports,0,2,Icebox,0.67,203,14,18,3,-4,57%,126,19%,04/08/2024,15:00
G2 Esports vs. Paper Rex,Valorant Champions 2024,Group Stage,loss,Paper Rex,G2 Esports,0,2,Lotus,0.42,196,29,33,6,-4,58%,133,22%,04/08/2024,15:00
DRX vs. Paper Rex,Champions Tour 2024: Pacific Stage 2,Playoffs,loss,Paper Rex,DRX,2,3,Abyss,1.37,218,17,10,6,+7,80%,136,37%,20/07/2024,15:00
DRX vs. Paper Rex,Champions Tour 2024: Pacific Stage 2,Playoffs,loss,Paper Rex,DRX,2,3,Lotus,0.97,204,81,77,20,+4,70%,129,28%,20/07/2024,15:00
DRX vs. Paper Rex,Champions Tour 2024: Pacific Stage 2,Playoffs,loss,Paper Rex,DRX,2,3,Bind,0.97,191,16,15,4,+1,70%,118,36%,20/07/2024,15:00
DRX vs. Paper Rex,Champions Tour 2024: Pacific Stage 2,Playoffs,loss,Paper Rex,DRX,2,3,Icebox,1.22,212,16,16,5,0,70%,142,26%,20/07/2024,15:00
DRX vs. Paper Rex,Champions Tour 2024: Pacific Stage 2,Playoffs,loss,Paper Rex,DRX,2,3,Ascent,0.92,224,19,21,1,-2,70%,142,21%,20/07/2024,15:00
Paper Rex vs. TALON,Champions Tour 2024: Pacific Stage 2,Playoffs,win,Paper Rex,TALON,2,0,Ascent,1.70,320,19,7,3,+12,88%,208,29%,14/07/2024,18:15
Paper Rex vs. TALON,Champions Tour 2024: Pacific Stage 2,Playoffs,win,Paper Rex,TALON,2,0,Sunset,1.35,293,36,15,9,+21,88%,198,30%,14/07/2024,18:15
Paper Rex vs. Gen.G,Champions Tour 2024: Pacific Stage 2,Playoffs,loss,Paper Rex,Gen.G,0,2,Ascent,0.82,149,12,15,5,-3,61%,92,30%,13/07/2024,15:00
Paper Rex vs. Gen.G,Champions Tour 2024: Pacific Stage 2,Playoffs,loss,Paper Rex,Gen.G,0,2,Icebox,0.34,119,18,33,7,-15,56%,80,27%,13/07/2024,15:00
Paper Rex vs. ZETA DIVISION,Champions Tour 2024: Pacific Stage 2,Regular Season,win,Paper Rex,ZETA DIVISION,2,1,Ascent,0.99,207,16,17,3,-1,64%,144,29%,07/07/2024,18:00
Paper Rex vs. ZETA DIVISION,Champions Tour 2024: Pacific Stage 2,Regular Season,win,Paper Rex,ZETA DIVISION,2,1,Lotus,1.33,212,48,43,12,+5,70%,151,36%,07/07/2024,18:00
Paper Rex vs. ZETA DIVISION,Champions Tour 2024: Pacific Stage 2,Regular Season,win,Paper Rex,ZETA DIVISION,2,1,Sunset,1.13,247,20,14,3,+6,81%,175,43%,07/07/2024,18:00
Paper Rex vs. Rex Regum Qeon,Champions Tour 2024: Pacific Stage 2,Regular Season,win,Paper Rex,Rex Regum Qeon,2,1,Lotus,1.20,240,19,13,3,+6,85%,150,26%,05/07/2024,15:00
Paper Rex vs. Rex Regum Qeon,Champions Tour 2024: Pacific Stage 2,Regular Season,win,Paper Rex,Rex Regum Qeon,2,1,Ascent,1.13,206,50,42,13,+8,75%,132,30%,05/07/2024,15:00
Paper Rex vs. Rex Regum Qeon,Champions Tour 2024: Pacific Stage 2,Regular Season,win,Paper Rex,Rex Regum Qeon,2,1,Sunset,1.08,193,15,15,4,0,60%,129,38%,05/07/2024,15:00
Paper Rex vs. DetonatioN FocusMe,Champions Tour 2024: Pacific Stage 2,Regular Season,win,Paper Rex,DetonatioN FocusMe,2,0,Icebox,0.84,173,11,11,2,0,71%,120,29%,01/07/2024,15:00
Paper Rex vs. DetonatioN FocusMe,Champions Tour 2024: Pacific Stage 2,Regular Season,win,Paper Rex,DetonatioN FocusMe,2,0,Sunset,0.59,162,22,25,5,-3,74%,106,27%,01/07/2024,15:00
Paper Rex vs. DRX,Champions Tour 2024: Pacific Stage 2,Regular Season,win,Paper Rex,DRX,2,1,Split,1.42,261,16,9,2,+7,76%,159,24%,22/06/2024,18:50
Paper Rex vs. DRX,Champions Tour 2024: Pacific Stage 2,Regular Season,win,Paper Rex,DRX,2,1,Haven,1.22,223,43,37,12,+6,73%,144,26%,22/06/2024,18:50
Paper Rex vs. DRX,Champions Tour 2024: Pacific Stage 2,Regular Season,win,Paper Rex,DRX,2,1,Icebox,0.86,179,12,15,8,-3,67%,119,25%,22/06/2024,18:50
Paper Rex vs. TALON,Champions Tour 2024: Pacific Stage 2,Regular Season,win,Paper Rex,TALON,2,0,Icebox,1.18,254,15,10,2,+5,76%,151,16%,16/06/2024,18:30
Paper Rex vs. TALON,Champions Tour 2024: Pacific Stage 2,Regular Season,win,Paper Rex,TALON,2,0,Sunset,1.14,233,31,24,6,+7,81%,146,24%,16/06/2024,18:30
Paper Rex vs. Gen.G,Champions Tour 2024: Pacific Stage 1,Playoffs,win,Paper Rex,Gen.G,3,2,Lotus,0.75,190,14,18,3,-4,50%,118,24%,12/05/2024,15:00
Paper Rex vs. Gen.G,Champions Tour 2024: Pacific Stage 1,Playoffs,win,Paper Rex,Gen.G,3,2,Sunset,1.05,228,89,79,31,+10,69%,142,24%,12/05/2024,15:00
Paper Rex vs. Gen.G,Champions Tour 2024: Pacific Stage 1,Playoffs,win,Paper Rex,Gen.G,3,2,Icebox,1.02,212,16,16,7,0,77%,121,26%,12/05/2024,15:00
Paper Rex vs. Gen.G,Champions Tour 2024: Pacific Stage 1,Playoffs,win,Paper Rex,Gen.G,3,2,Bind,1.42,294,25,16,10,+9,83%,205,21%,12/05/2024,15:00
Paper Rex vs. Gen.G,Champions Tour 2024: Pacific Stage 1,Playoffs,win,Paper Rex,Gen.G,3,2,Split,0.63,153,12,19,7,-7,59%,94,26%,12/05/2024,15:00
T1 vs. Paper Rex,Champions Tour 2024: Pacific Stage 1,Playoffs,win,Paper Rex,T1,2,0,Lotus,0.91,207,12,12,2,0,63%,147,55%,05/05/2024,15:00
T1 vs. Paper Rex,Champions Tour 2024: Pacific Stage 1,Playoffs,win,Paper Rex,T1,2,0,Sunset,0.65,219,26,24,10,+2,71%,156,44%,05/05/2024,15:00
DRX vs. Paper Rex,Champions Tour 2024: Pacific Stage 1,Playoffs,win,Paper Rex,DRX,2,1,Lotus,1.67,330,23,12,5,+11,84%,213,25%,04/05/2024,18:10
DRX vs. Paper Rex,Champions Tour 2024: Pacific Stage 1,Playoffs,win,Paper Rex,DRX,2,1,Ascent,1.29,264,57,39,15,+18,82%,174,25%,04/05/2024,18:10
DRX vs. Paper Rex,Champions Tour 2024: Pacific Stage 1,Playoffs,win,Paper Rex,DRX,2,1,Bind,0.77,166,12,18,5,-6,78%,122,28%,04/05/2024,18:10
Paper Rex vs. TALON,Champions Tour 2024: Pacific Stage 1,Playoffs,win,Paper Rex,TALON,2,1,Lotus,2.07,383,19,5,3,+14,85%,248,25%,03/05/2024,17:10
Paper Rex vs. TALON,Champions Tour 2024: Pacific Stage 1,Playoffs,win,Paper Rex,TALON,2,1,Sunset,1.21,258,51,31,10,+20,80%,157,28%,03/05/2024,17:10
Paper Rex vs. TALON,Champions Tour 2024: Pacific Stage 1,Playoffs,win,Paper Rex,TALON,2,1,Bind,1.24,230,20,13,4,+7,91%,153,30%,03/05/2024,17:10
BLEED vs. Paper Rex,Champions Tour 2024: Pacific Stage 1,Regular Season,win,Paper Rex,BLEED,2,0,Ascent,1.11,251,17,12,5,+5,83%,142,15%,27/04/2024,15:00
BLEED vs. Paper Rex,Champions Tour 2024: Pacific Stage 1,Regular Season,win,Paper Rex,BLEED,2,0,Bind,1.02,228,32,22,10,+10,84%,131,18%,27/04/2024,15:00
Global Esports vs. Paper Rex,Champions Tour 2024: Pacific Stage 1,Regular Season,win,Paper Rex,Global Esports,2,0,Sunset,1.64,224,17,7,3,+10,82%,155,31%,23/04/2024,17:50
Global Esports vs. Paper Rex,Champions Tour 2024: Pacific Stage 1,Regular Season,win,Paper Rex,Global Esports,2,0,Icebox,1.27,191,27,25,6,+2,73%,122,26%,23/04/2024,17:50
Team Secret vs. Paper Rex,Champions Tour 2024: Pacific Stage 1,Regular Season,loss,Paper Rex,Team Secret,0,2,Icebox,0.59,179,13,19,2,-6,59%,106,18%,21/04/2024,18:00
Team Secret vs. Paper Rex,Champions Tour 2024: Pacific Stage 1,Regular Season,loss,Paper Rex,Team Secret,0,2,Sunset,0.26,174,25,38,6,-13,60%,115,26%,21/04/2024,18:00
Gen.G vs. Paper Rex,Champions Tour 2024: Pacific Stage 1,Regular Season,win,Paper Rex,Gen.G,2,1,Lotus,1.30,265,22,16,5,+6,83%,166,28%,13/04/2024,15:00
Gen.G vs. Paper Rex,Champions Tour 2024: Pacific Stage 1,Regular Season,win,Paper Rex,Gen.G,2,1,Icebox,1.03,260,61,44,16,+17,82%,164,29%,13/04/2024,15:00
Gen.G vs. Paper Rex,Champions Tour 2024: Pacific Stage 1,Regular Season,win,Paper Rex,Gen.G,2,1,Bind,1.13,229,19,17,5,+2,79%,146,26%,13/04/2024,15:00
T1 vs. Paper Rex,Champions Tour 2024: Pacific Stage 1,Regular Season,win,Paper Rex,T1,2,0,Lotus,1.10,232,18,17,3,+1,87%,147,28%,07/04/2024,18:15
T1 vs. Paper Rex,Champions Tour 2024: Pacific Stage 1,Regular Season,win,Paper Rex,T1,2,0,Bind,0.79,206,38,32,5,+6,84%,128,28%,07/04/2024,18:15
Sentinels vs. Paper Rex,Champions Tour 2024: Masters Madrid,Playoffs,loss,Paper Rex,Sentinels,1,3,Lotus,1.05,218,21,18,1,+3,54%,137,31%,23/03/2024,22:00
Sentinels vs. Paper Rex,Champions Tour 2024: Masters Madrid,Playoffs,loss,Paper Rex,Sentinels,1,3,Ascent,0.75,188,51,59,20,-8,62%,124,27%,23/03/2024,22:00
Sentinels vs. Paper Rex,Champions Tour 2024: Masters Madrid,Playoffs,loss,Paper Rex,Sentinels,1,3,Split,0.78,143,8,14,6,-6,53%,88,22%,23/03/2024,22:00
Sentinels vs. Paper Rex,Champions Tour 2024: Masters Madrid,Playoffs,loss,Paper Rex,Sentinels,1,3,Sunset,0.93,175,12,12,5,0,78%,113,27%,23/03/2024,22:00
Paper Rex vs. LOUD,Champions Tour 2024: Masters Madrid,Playoffs,win,Paper Rex,LOUD,2,0,Ascent,1.44,261,22,14,6,+8,79%,156,19%,23/03/2024,12:55
Paper Rex vs. LOUD,Champions Tour 2024: Masters Madrid,Playoffs,win,Paper Rex,LOUD,2,0,Sunset,1.43,269,44,27,13,+17,78%,167,25%,23/03/2024,12:55
Gen.G vs. Paper Rex,Champions Tour 2024: Masters Madrid,Playoffs,loss,Paper Rex,Gen.G,0,2,Split,0.86,158,12,16,7,-4,71%,115,26%,21/03/2024,22:00
Gen.G vs. Paper Rex,Champions Tour 2024: Masters Madrid,Playoffs,loss,Paper Rex,Gen.G,0,2,Lotus,0.64,200,30,37,14,-7,67%,136,26%,21/03/2024,22:00
Karmine Corp vs. Paper Rex,Champions Tour 2024: Masters Madrid,Swiss Stage,win,Paper Rex,Karmine Corp,2,1,Bind,0.95,186,16,16,4,0,70%,114,32%,18/03/2024,23:55
Karmine Corp vs. Paper Rex,Champions Tour 2024: Masters Madrid,Swiss Stage,win,Paper Rex,Karmine Corp,2,1,Lotus,0.76,199,50,45,7,+5,68%,122,21%,18/03/2024,23:55
Karmine Corp vs. Paper Rex,Champions Tour 2024: Masters Madrid,Swiss Stage,win,Paper Rex,Karmine Corp,2,1,Ascent,0.86,201,14,13,0,+1,58%,107,18%,18/03/2024,23:55
Team Heretics vs. Paper Rex,Champions Tour 2024: Masters Madrid,Swiss Stage,win,Paper Rex,Team Heretics,2,1,Sunset,1.25,231,19,14,7,+5,87%,156,20%,18/03/2024,12:20
Team Heretics vs. Paper Rex,Champions Tour 2024: Masters Madrid,Swiss Stage,win,Paper Rex,Team Heretics,2,1,Lotus,1.26,267,61,40,13,+21,82%,167,27%,18/03/2024,12:20
Team Heretics vs. Paper Rex,Champions Tour 2024: Masters Madrid,Swiss Stage,win,Paper Rex,Team Heretics,2,1,Split,1.45,298,24,14,2,+10,78%,185,33%,18/03/2024,12:20
EDward Gaming vs. Paper Rex,Champions Tour 2024: Masters Madrid,Swiss Stage,loss,Paper Rex,EDward Gaming,1,2,Sunset,1.20,195,15,10,8,+5,86%,115,21%,15/03/2024,22:00
EDward Gaming vs. Paper Rex,Champions Tour 2024: Masters Madrid,Swiss Stage,loss,Paper Rex,EDward Gaming,1,2,Bind,1.13,175,38,46,12,-8,66%,116,24%,15/03/2024,22:00
EDward Gaming vs. Paper Rex,Champions Tour 2024: Masters Madrid,Swiss Stage,loss,Paper Rex,EDward Gaming,1,2,Split,1.08,212,17,16,1,+1,68%,137,35%,15/03/2024,22:00
Paper Rex vs. Gen.G,Champions Tour 2024: Pacific Kickoff,Playoffs,loss,Paper Rex,Gen.G,1,3,Ascent,0.97,213,12,16,7,-4,83%,124,29%,25/02/2024,15:00
Paper Rex vs. Gen.G,Champions Tour 2024: Pacific Kickoff,Playoffs,loss,Paper Rex,Gen.G,1,3,Split,1.11,213,58,63,17,-5,72%,138,25%,25/02/2024,15:00
Paper Rex vs. Gen.G,Champions Tour 2024: Pacific Kickoff,Playoffs,loss,Paper Rex,Gen.G,1,3,Lotus,1.28,264,18,12,2,+6,76%,171,19%,25/02/2024,15:00
Paper Rex vs. Gen.G,Champions Tour 2024: Pacific Kickoff,Playoffs,loss,Paper Rex,Gen.G,1,3,Bind,1.10,253,20,21,6,-1,67%,162,26%,25/02/2024,15:00
T1 vs. Paper Rex,Champions Tour 2024: Pacific Kickoff,Playoffs,win,Paper Rex,T1,2,0,Split,0.81,165,19,21,3,-2,70%,99,19%,24/02/2024,15:00
T1 vs. Paper Rex,Champions Tour 2024: Pacific Kickoff,Playoffs,win,Paper Rex,T1,2,0,Ascent,1.30,185,35,30,9,+5,76%,106,23%,24/02/2024,15:00
Gen.G vs. Paper Rex,Champions Tour 2024: Pacific Kickoff,Group Stage,win,Paper Rex,Gen.G,2,1,Breeze,0.99,233,18,18,6,0,78%,174,19%,19/02/2024,13:00
Gen.G vs. Paper Rex,Champions Tour 2024: Pacific Kickoff,Group Stage,win,Paper Rex,Gen.G,2,1,Lotus,1.47,266,60,44,21,+16,83%,178,19%,19/02/2024,13:00
Gen.G vs. Paper Rex,Champions Tour 2024: Pacific Kickoff,Group Stage,win,Paper Rex,Gen.G,2,1,Sunset,1.42,282,23,17,6,+6,83%,180,16%,19/02/2024,13:00
Sentinels vs. Paper Rex,AfreecaTV Valorant League,Playoffs,loss,Paper Rex,Sentinels,0,3,Split,1.04,202,13,14,6,-1,70%,136,35%,10/12/2023,16:25
Sentinels vs. Paper Rex,AfreecaTV Valorant League,Playoffs,loss,Paper Rex,Sentinels,0,3,Sunset,1.06,189,41,49,13,-8,61%,125,33%,10/12/2023,16:25
Sentinels vs. Paper Rex,AfreecaTV Valorant League,Playoffs,loss,Paper Rex,Sentinels,0,3,Breeze,0.84,179,15,18,6,-3,65%,115,32%,10/12/2023,16:25
T1 vs. Paper Rex,AfreecaTV Valorant League,Playoffs,win,Paper Rex,T1,2,0,Sunset,1.30,231,17,12,3,+5,75%,147,43%,09/12/2023,19:00
T1 vs. Paper Rex,AfreecaTV Valorant League,Playoffs,win,Paper Rex,T1,2,0,Lotus,1.23,259,36,24,4,+12,74%,160,30%,09/12/2023,19:00
DRX vs. Paper Rex,AfreecaTV Valorant League,Group Stage,win,Paper Rex,DRX,2,0,Lotus,1.28,249,20,13,2,+7,80%,178,31%,07/12/2023,18:15
DRX vs. Paper Rex,AfreecaTV Valorant League,Group Stage,win,Paper Rex,DRX,2,0,Breeze,1.57,275,41,23,6,+18,79%,184,30%,07/12/2023,18:15
Paper Rex vs. FULL SENSE,AfreecaTV Valorant League,Group Stage,win,Paper Rex,FULL SENSE,2,0,Haven,1.14,238,29,25,2,+4,68%,167,29%,07/12/2023,15:00
Paper Rex vs. FULL SENSE,AfreecaTV Valorant League,Group Stage,win,Paper Rex,FULL SENSE,2,0,Sunset,0.93,208,40,38,9,+2,68%,149,29%,07/12/2023,15:00
Sentinels vs. Paper Rex,AfreecaTV Valorant League,Group Stage,loss,Paper Rex,Sentinels,1,2,Breeze,0.86,194,15,15,2,0,60%,126,20%,05/12/2023,15:00
Sentinels vs. Paper Rex,AfreecaTV Valorant League,Group Stage,loss,Paper Rex,Sentinels,1,2,Sunset,0.86,184,45,49,14,-4,71%,115,23%,05/12/2023,15:00
Sentinels vs. Paper Rex,AfreecaTV Valorant League,Group Stage,loss,Paper Rex,Sentinels,1,2,Haven,0.99,199,15,15,7,0,80%,118,28%,05/12/2023,15:00
Paper Rex vs. Indonesia Pacific,Valorant Indonesia CONNEXT 2023,Main Event,win,Paper Rex,Indonesia Pacific,1,0,Ascent,1.71,365,25,11,1,+14,83%,238,51%,12/11/2023,20:20
Paper Rex vs. CONNEXT Roster Hunt,Valorant Indonesia CONNEXT 2023,Main Event,win,Paper Rex,CONNEXT Roster Hunt,1,0,Split,1.03,218,13,11,4,+2,88%,140,23%,12/11/2023,17:55
Paper Rex vs. Evil Geniuses,Valorant Champions 2023,Playoffs,loss,Paper Rex,Evil Geniuses,1,3,Split,0.98,197,16,18,4,-2,74%,131,29%,27/08/2023,2:30
Paper Rex vs. Evil Geniuses,Valorant Champions 2023,Playoffs,loss,Paper Rex,Evil Geniuses,1,3,Ascent,1.08,207,66,66,18,0,70%,137,25%,27/08/2023,2:30
Paper Rex vs. Evil Geniuses,Valorant Champions 2023,Playoffs,loss,Paper Rex,Evil Geniuses,1,3,Bind,1.51,275,25,15,2,+10,79%,180,37%,27/08/2023,2:30
Paper Rex vs. Evil Geniuses,Valorant Champions 2023,Playoffs,loss,Paper Rex,Evil Geniuses,1,3,Lotus,1.00,178,11,15,8,-4,61%,119,11%,27/08/2023,2:30
Paper Rex vs. Evil Geniuses,Valorant Champions 2023,Playoffs,win,Paper Rex,Evil Geniuses,2,1,Ascent,1.16,235,20,16,3,+4,65%,157,15%,25/08/2023,2:00
Paper Rex vs. Evil Geniuses,Valorant Champions 2023,Playoffs,win,Paper Rex,Evil Geniuses,2,1,Bind,0.82,179,44,51,16,-7,67%,117,15%,25/08/2023,2:00
Paper Rex vs. Evil Geniuses,Valorant Champions 2023,Playoffs,win,Paper Rex,Evil Geniuses,2,1,Pearl,0.74,131,8,14,8,-6,73%,85,13%,25/08/2023,2:00
LOUD vs. Paper Rex,Valorant Champions 2023,Playoffs,win,Paper Rex,LOUD,2,1,Lotus,1.47,297,31,20,3,+11,82%,167,16%,20/08/2023,2:00
LOUD vs. Paper Rex,Valorant Champions 2023,Playoffs,win,Paper Rex,LOUD,2,1,Split,1.03,217,55,46,8,+9,73%,142,17%,20/08/2023,2:00
LOUD vs. Paper Rex,Valorant Champions 2023,Playoffs,win,Paper Rex,LOUD,2,1,Pearl,0.57,133,6,13,2,-7,53%,96,19%,20/08/2023,2:00
Paper Rex vs. FUT Esports,Valorant Champions 2023,Playoffs,win,Paper Rex,FUT Esports,2,0,Ascent,1.40,291,24,13,4,+11,70%,178,27%,17/08/2023,4:25
Paper Rex vs. FUT Esports,Valorant Champions 2023,Playoffs,win,Paper Rex,FUT Esports,2,0,Pearl,1.07,260,39,22,5,+17,73%,165,30%,17/08/2023,4:25
Paper Rex vs. EDward Gaming,Valorant Champions 2023,Group Stage,win,Paper Rex,EDward Gaming,2,0,Fracture,1.14,206,15,13,15,+2,90%,120,38%,11/08/2023,6:45
Paper Rex vs. EDward Gaming,Valorant Champions 2023,Group Stage,win,Paper Rex,EDward Gaming,2,0,Pearl,1.02,179,31,33,18,-2,78%,110,31%,11/08/2023,6:45
Paper Rex vs. KRÜ Esports,Valorant Champions 2023,Group Stage,win,Paper Rex,KRÜ Esports,2,0,Split,1.10,264,19,14,4,+5,80%,158,21%,10/08/2023,2:00
Paper Rex vs. KRÜ Esports,Valorant Champions 2023,Group Stage,win,Paper Rex,KRÜ Esports,2,0,Pearl,1.14,235,34,27,8,+7,78%,145,20%,10/08/2023,2:00
Paper Rex vs. DRX,Champions Tour 2023: Pacific League,Playoffs,win,Paper Rex,DRX,3,2,Fracture,0.98,170,12,13,10,-1,84%,118,21%,28/05/2023,14:00
Paper Rex vs. DRX,Champions Tour 2023: Pacific League,Playoffs,win,Paper Rex,DRX,3,2,Ascent,1.28,241,95,64,25,+31,86%,160,20%,28/05/2023,14:00
Paper Rex vs. DRX,Champions Tour 2023: Pacific League,Playoffs,win,Paper Rex,DRX,3,2,Pearl,1.38,271,30,20,4,+10,83%,172,19%,28/05/2023,14:00
Paper Rex vs. DRX,Champions Tour 2023: Pacific League,Playoffs,win,Paper Rex,DRX,3,2,Bind,1.30,233,17,12,7,+5,90%,161,21%,28/05/2023,14:00
Paper Rex vs. DRX,Champions Tour 2023: Pacific League,Playoffs,win,Paper Rex,DRX,3,2,Lotus,1.46,292,22,12,3,+10,79%,198,26%,28/05/2023,14:00
DRX vs. Paper Rex,Champions Tour 2023: Pacific League,Playoffs,win,Paper Rex,DRX,2,0,Fracture,1.14,212,14,10,7,+4,83%,147,26%,22/05/2023,15:00
DRX vs. Paper Rex,Champions Tour 2023: Pacific League,Playoffs,win,Paper Rex,DRX,2,0,Bind,1.61,264,35,20,14,+15,81%,160,25%,22/05/2023,15:00
Paper Rex vs. T1,Champions Tour 2023: Pacific League,Playoffs,win,Paper Rex,T1,2,0,Lotus,1.10,203,16,15,6,+1,74%,123,18%,20/05/2023,18:15
Paper Rex vs. T1,Champions Tour 2023: Pacific League,Playoffs,win,Paper Rex,T1,2,0,Fracture,1.26,171,28,29,16,-1,74%,111,18%,20/05/2023,18:15
Rex Regum Qeon vs. Paper Rex,Champions Tour 2023: Pacific League,League Play,win,Paper Rex,Rex Regum Qeon,2,0,Bind,1.69,290,26,11,1,+15,91%,190,39%,16/05/2023,17:30
Rex Regum Qeon vs. Paper Rex,Champions Tour 2023: Pacific League,League Play,win,Paper Rex,Rex Regum Qeon,2,0,Pearl,1.37,245,46,28,3,+18,76%,150,35%,16/05/2023,17:30
Paper Rex vs. Gen.G,Champions Tour 2023: Pacific League,League Play,win,Paper Rex,Gen.G,2,0,Split,0.95,192,14,12,3,+2,60%,149,24%,12/05/2023,15:00
Paper Rex vs. Gen.G,Champions Tour 2023: Pacific League,League Play,win,Paper Rex,Gen.G,2,0,Ascent,0.90,196,24,20,9,+4,74%,137,19%,12/05/2023,15:00
ZETA DIVISION vs. Paper Rex,Champions Tour 2023: Pacific League,League Play,win,Paper Rex,ZETA DIVISION,2,0,Split,1.54,237,19,7,2,+12,95%,147,23%,06/05/2023,17:30
ZETA DIVISION vs. Paper Rex,Champions Tour 2023: Pacific League,League Play,win,Paper Rex,ZETA DIVISION,2,0,Ascent,1.17,239,41,18,6,+23,88%,143,26%,06/05/2023,17:30
TALON vs. Paper Rex,Champions Tour 2023: Pacific League,League Play,win,Paper Rex,TALON,2,1,Pearl,0.86,199,17,17,3,0,63%,130,35%,01/05/2023,17:00
TALON vs. Paper Rex,Champions Tour 2023: Pacific League,League Play,win,Paper Rex,TALON,2,1,Split,1.17,239,49,43,20,+6,73%,146,23%,01/05/2023,17:00
TALON vs. Paper Rex,Champions Tour 2023: Pacific League,League Play,win,Paper Rex,TALON,2,1,Fracture,1.56,346,20,12,6,+8,94%,225,18%,01/05/2023,17:00
Paper Rex vs. Global Esports,Champions Tour 2023: Pacific League,League Play,win,Paper Rex,Global Esports,2,1,Icebox,1.02,241,17,15,2,+2,65%,158,39%,22/04/2023,15:00
Paper Rex vs. Global Esports,Champions Tour 2023: Pacific League,League Play,win,Paper Rex,Global Esports,2,1,Split,1.49,270,58,43,9,+15,76%,171,28%,22/04/2023,15:00
Paper Rex vs. Global Esports,Champions Tour 2023: Pacific League,League Play,win,Paper Rex,Global Esports,2,1,Pearl,1.10,241,17,14,2,+3,84%,140,22%,22/04/2023,15:00
Paper Rex vs. DRX,Champions Tour 2023: Pacific League,League Play,loss,Paper Rex,DRX,0,2,Ascent,0.43,85,6,14,2,-8,56%,53,23%,15/04/2023,16:00
Paper Rex vs. DRX,Champions Tour 2023: Pacific League,League Play,loss,Paper Rex,DRX,0,2,Split,0.68,135,21,31,4,-10,66%,88,23%,15/04/2023,16:00
T1 vs. Paper Rex,Champions Tour 2023: Pacific League,League Play,win,Paper Rex,T1,2,0,Pearl,1.54,304,18,8,0,+10,75%,175,29%,08/04/2023,18:10
T1 vs. Paper Rex,Champions Tour 2023: Pacific League,League Play,win,Paper Rex,T1,2,0,Fracture,1.70,304,18,8,0,+10,75%,175,29%,08/04/2023,18:10
Sengoku Gaming vs. FENNEL,Challengers League Japan: Split 1,Playoffs,loss,Sengoku Gaming,FENNEL,2,3,Ascent,1.63,333,33,18,5,+15,89%,199,14%,20/02/2023,14:15
Sengoku Gaming vs. FENNEL,Challengers League Japan: Split 1,Playoffs,loss,Sengoku Gaming,FENNEL,2,3,Haven,1.62,332,136,74,10,+62,73%,199,19%,20/02/2023,14:15
Sengoku Gaming vs. FENNEL,Challengers League Japan: Split 1,Playoffs,loss,Sengoku Gaming,FENNEL,2,3,Lotus,1.59,341,26,12,0,+14,59%,204,22%,20/02/2023,14:15
Sengoku Gaming vs. FENNEL,Challengers League Japan: Split 1,Playoffs,loss,Sengoku Gaming,FENNEL,2,3,Split,2.16,430,31,8,1,+23,78%,256,21%,20/02/2023,14:15
Sengoku Gaming vs. FENNEL,Challengers League Japan: Split 1,Playoffs,loss,Sengoku Gaming,FENNEL,2,3,Pearl,1.32,299,22,17,1,+5,67%,187,19%,20/02/2023,14:15
Sengoku Gaming vs. IGZIST,Challengers League Japan: Split 1,Playoffs,win,Sengoku Gaming,IGZIST,3,1,Fracture,1.35,293,21,14,5,+7,76%,173,21%,19/02/2023,10:30
Sengoku Gaming vs. IGZIST,Challengers League Japan: Split 1,Playoffs,win,Sengoku Gaming,IGZIST,3,1,Pearl,1.42,323,120,71,20,+49,77%,196,22%,19/02/2023,10:30
Sengoku Gaming vs. IGZIST,Challengers League Japan: Split 1,Playoffs,win,Sengoku Gaming,IGZIST,3,1,Haven,1.52,321,48,31,9,+17,73%,197,19%,19/02/2023,10:30
Sengoku Gaming vs. IGZIST,Challengers League Japan: Split 1,Playoffs,win,Sengoku Gaming,IGZIST,3,1,Lotus,1.32,269,22,16,3,+6,87%,166,16%,19/02/2023,10:30
Crazy Raccoon vs. Sengoku Gaming,Challengers League Japan: Split 1,Main Stage,loss,Sengoku Gaming,Crazy Raccoon,0,2,Haven,1.43,327,24,18,3,+6,77%,213,24%,10/02/2023,17:30
Crazy Raccoon vs. Sengoku Gaming,Challengers League Japan: Split 1,Main Stage,loss,Sengoku Gaming,Crazy Raccoon,0,2,Fracture,0.98,235,31,33,7,-2,78%,163,20%,10/02/2023,17:30
Sengoku Gaming vs. CREST GAMING Zst,Challengers League Japan: Split 1,Main Stage,win,Sengoku Gaming,CREST GAMING Zst,2,0,Haven,1.88,355,21,6,7,+15,81%,241,19%,05/02/2023,15:00
Sengoku Gaming vs. CREST GAMING Zst,Challengers League Japan: Split 1,Main Stage,win,Sengoku Gaming,CREST GAMING Zst,2,0,Ascent,1.31,331,49,19,10,+30,77%,203,22%,05/02/2023,15:00
Sengoku Gaming vs. NORTHEPTION,Challengers League Japan: Split 1,Main Stage,loss,Sengoku Gaming,NORTHEPTION,1,2,Ascent,1.19,228,13,9,4,+4,81%,155,26%,04/02/2023,10:00
Sengoku Gaming vs. NORTHEPTION,Challengers League Japan: Split 1,Main Stage,loss,Sengoku Gaming,NORTHEPTION,1,2,Fracture,0.88,245,48,46,17,+2,80%,169,23%,04/02/2023,10:00
Sengoku Gaming vs. NORTHEPTION,Challengers League Japan: Split 1,Main Stage,loss,Sengoku Gaming,NORTHEPTION,1,2,Breeze,1.23,302,24,22,10,+2,81%,196,23%,04/02/2023,10:00
Sengoku Gaming vs. SCARZ,Challengers League Japan: Split 1,Main Stage,loss,Sengoku Gaming,SCARZ,1,2,Fracture,1.55,323,26,16,5,+10,86%,226,21%,02/02/2023,18:00
Sengoku Gaming vs. SCARZ,Challengers League Japan: Split 1,Main Stage,loss,Sengoku Gaming,SCARZ,1,2,Pearl,1.30,328,73,50,22,+23,75%,217,24%,02/02/2023,18:00
Sengoku Gaming vs. SCARZ,Challengers League Japan: Split 1,Main Stage,loss,Sengoku Gaming,SCARZ,1,2,Icebox,1.37,301,20,15,8,+5,65%,192,25%,02/02/2023,18:00
FENNEL vs. Sengoku Gaming,Challengers League Japan: Split 1,Main Stage,win,Sengoku Gaming,FENNEL,2,1,Ascent,1.72,344,28,15,9,+13,86%,221,31%,01/02/2023,15:20
FENNEL vs. Sengoku Gaming,Challengers League Japan: Split 1,Main Stage,win,Sengoku Gaming,FENNEL,2,1,Pearl,2.02,326,86,47,19,+39,83%,220,27%,01/02/2023,15:20
FENNEL vs. Sengoku Gaming,Challengers League Japan: Split 1,Main Stage,win,Sengoku Gaming,FENNEL,2,1,Fracture,1.78,354,39,19,5,+20,83%,234,25%,01/02/2023,15:20
IGZIST vs. Sengoku Gaming,Challengers League Japan: Split 1,Main Stage,win,Sengoku Gaming,IGZIST,2,0,Ascent,1.37,224,14,6,5,+8,88%,152,18%,29/01/2023,9:30
IGZIST vs. Sengoku Gaming,Challengers League Japan: Split 1,Main Stage,win,Sengoku Gaming,IGZIST,2,0,Fracture,1.20,231,32,21,8,+11,87%,159,17%,29/01/2023,9:30
Sengoku Gaming vs. REJECT,Challengers League Japan: Split 1,Main Stage,win,Sengoku Gaming,REJECT,2,0,Ascent,1.58,295,37,22,14,+15,78%,179,24%,28/01/2023,9:40
Sengoku Gaming vs. REJECT,Challengers League Japan: Split 1,Main Stage,win,Sengoku Gaming,REJECT,2,0,Fracture,1.52,285,55,37,21,+18,75%,180,21%,28/01/2023,9:40
Sengoku Gaming vs. ENTER FORCE.36,Challengers League Japan: Split 1,Open Qualifier - Group D,win,Sengoku Gaming,ENTER FORCE.36,2,0,Icebox,1.47,300,26,19,13,+7,88%,207,27%,15/01/2023,18:15
Sengoku Gaming vs. ENTER FORCE.36,Challengers League Japan: Split 1,Open Qualifier - Group D,win,Sengoku Gaming,ENTER FORCE.36,2,0,Bind,1.03,247,40,31,16,+9,79%,166,27%,15/01/2023,18:15
Sengoku Gaming vs. ENTER FORCE.36,Challengers League Japan: Split 1,Open Qualifier - Group D,win,Sengoku Gaming,ENTER FORCE.36,2,0,Pearl,1.94,372,25,9,1,+16,82%,230,25%,14/01/2023,16:00
Sengoku Gaming vs. ENTER FORCE.36,Challengers League Japan: Split 1,Open Qualifier - Group D,win,Sengoku Gaming,ENTER FORCE.36,2,0,Haven,1.23,338,50,18,3,+32,81%,212,21%,14/01/2023,16:00
thirst for victory vs. Sengoku Gaming,Challengers League Japan: Split 1,Open Qualifier - Group D,win,Sengoku Gaming,thirst for victory,2,0,Ascent,1.75,372,29,13,7,+16,86%,229,26%,13/01/2023,18:00
thirst for victory vs. Sengoku Gaming,Challengers League Japan: Split 1,Open Qualifier - Group D,win,Sengoku Gaming,thirst for victory,2,0,Bind,2.09,337,50,26,10,+24,78%,211,31%,13/01/2023,18:00
Sengoku Gaming vs. CERULEAN.EXE,Challengers League Japan: Split 1,Open Qualifier - Group D,win,Sengoku Gaming,CERULEAN.EXE,2,0,Bind,1.08,268,14,10,1,+4,77%,152,42%,13/01/2023,16:00
Sengoku Gaming vs. CERULEAN.EXE,Challengers League Japan: Split 1,Open Qualifier - Group D,win,Sengoku Gaming,CERULEAN.EXE,2,0,Pearl,1.34,358,37,16,4,+21,81%,229,39%,13/01/2023,16:00
IGZIST vs. Sengoku Gaming,Riot Games ONE Pro Invitational Online 2022,Main Event,win,Sengoku Gaming,IGZIST,2,1,Haven,1.60,298,25,17,6,+8,74%,207,30%,10/12/2022,17:00
IGZIST vs. Sengoku Gaming,Riot Games ONE Pro Invitational Online 2022,Main Event,win,Sengoku Gaming,IGZIST,2,1,Pearl,1.59,309,69,52,19,+17,83%,191,22%,10/12/2022,17:00
IGZIST vs. Sengoku Gaming,Riot Games ONE Pro Invitational Online 2022,Main Event,win,Sengoku Gaming,IGZIST,2,1,Ascent,1.09,276,18,19,6,-1,85%,159,17%,10/12/2022,17:00
BLUE BEES.ESP vs. Sengoku Gaming,Champions Tour Japan Stage 2: Challengers Playoffs,Main Event,loss,Sengoku Gaming,BLUE BEES.ESP,0,2,Bind,0.53,123,10,18,3,-8,57%,82,14%,11/06/2022,13:00
BLUE BEES.ESP vs. Sengoku Gaming,Champions Tour Japan Stage 2: Challengers Playoffs,Main Event,loss,Sengoku Gaming,BLUE BEES.ESP,0,2,Haven,0.61,188,28,32,5,-4,59%,120,14%,11/06/2022,13:00
Sengoku Gaming vs. FAV gaming,Champions Tour Japan Stage 2: Challengers Playoffs,Main Event,loss,Sengoku Gaming,FAV gaming,0,2,Icebox,1.31,307,15,14,1,+1,67%,192,26%,10/06/2022,18:20
Sengoku Gaming vs. FAV gaming,Champions Tour Japan Stage 2: Challengers Playoffs,Main Event,loss,Sengoku Gaming,FAV gaming,0,2,Breeze,0.41,275,32,30,2,+2,63%,168,22%,10/06/2022,18:20
Sengoku Gaming vs. Jadeite,Champions Tour Japan Stage 2: Challengers Week 2,Main Event,win,Sengoku Gaming,Jadeite,2,0,Icebox,1.54,322,19,10,3,+9,75%,184,12%,04/06/2022,18:00
Sengoku Gaming vs. Jadeite,Champions Tour Japan Stage 2: Challengers Week 2,Main Event,win,Sengoku Gaming,Jadeite,2,0,Bind,1.61,296,35,17,7,+18,81%,188,17%,04/06/2022,18:00
REIGNITE vs. Sengoku Gaming,Champions Tour Japan Stage 2: Challengers Week 2,Main Event,win,Sengoku Gaming,REIGNITE,2,1,Icebox,0.81,187,16,16,2,0,67%,126,17%,04/06/2022,12:00
REIGNITE vs. Sengoku Gaming,Champions Tour Japan Stage 2: Challengers Week 2,Main Event,win,Sengoku Gaming,REIGNITE,2,1,Haven,0.78,219,51,48,7,+3,70%,142,20%,04/06/2022,12:00
REIGNITE vs. Sengoku Gaming,Champions Tour Japan Stage 2: Challengers Week 2,Main Event,win,Sengoku Gaming,REIGNITE,2,1,Split,0.71,154,12,16,2,-4,70%,105,20%,04/06/2022,12:00
Sengoku Gaming vs. DeToNator,Champions Tour Japan Stage 2: Challengers Week 2,Open Qualifier,win,Sengoku Gaming,DeToNator,2,1,Icebox,0.82,205,17,21,1,-4,67%,141,27%,28/05/2022,16:30
Sengoku Gaming vs. DeToNator,Champions Tour Japan Stage 2: Challengers Week 2,Open Qualifier,win,Sengoku Gaming,DeToNator,2,1,Haven,0.90,286,58,46,11,+12,76%,174,25%,28/05/2022,16:30
Sengoku Gaming vs. DeToNator,Champions Tour Japan Stage 2: Challengers Week 2,Open Qualifier,win,Sengoku Gaming,DeToNator,2,1,Breeze,2.14,442,24,9,4,+15,93%,280,17%,28/05/2022,16:30
Sengoku Gaming vs. ShikouKouketsu,Champions Tour Japan Stage 2: Challengers Week 2,Open Qualifier,win,Sengoku Gaming,ShikouKouketsu,2,0,Breeze,1.63,348,26,12,0,+14,65%,206,29%,26/05/2022,20:00
Sengoku Gaming vs. ShikouKouketsu,Champions Tour Japan Stage 2: Challengers Week 2,Open Qualifier,win,Sengoku Gaming,ShikouKouketsu,2,0,Haven,1.74,301,46,25,2,+21,71%,191,29%,26/05/2022,20:00
Sengoku Gaming vs. Ark5,Champions Tour Japan Stage 2: Challengers Week 2,Open Qualifier,win,Sengoku Gaming,Ark5,2,0,Icebox,1.25,289,18,11,4,+7,83%,181,31%,26/05/2022,17:00
Sengoku Gaming vs. Ark5,Champions Tour Japan Stage 2: Challengers Week 2,Open Qualifier,win,Sengoku Gaming,Ark5,2,0,Split,1.47,360,37,18,9,+19,90%,220,23%,26/05/2022,17:00
CREST GAMING Zst vs. Sengoku Gaming,Champions Tour Japan Stage 2: Challengers Week 1,Open Qualifier,loss,Sengoku Gaming,CREST GAMING Zst,0,2,Icebox,0.69,184,10,15,6,-5,72%,140,22%,15/05/2022,15:05
CREST GAMING Zst vs. Sengoku Gaming,Champions Tour Japan Stage 2: Challengers Week 1,Open Qualifier,loss,Sengoku Gaming,CREST GAMING Zst,0,2,Bind,1.00,245,31,31,11,0,77%,164,21%,15/05/2022,15:05
iXA vs. Sengoku Gaming,Champions Tour Japan Stage 2: Challengers Week 1,Open Qualifier,win,Sengoku Gaming,iXA,2,0,Icebox,0.81,194,15,15,3,0,82%,129,23%,12/05/2022,18:00
iXA vs. Sengoku Gaming,Champions Tour Japan Stage 2: Challengers Week 1,Open Qualifier,win,Sengoku Gaming,iXA,2,0,Split,0.80,222,36,27,3,+9,74%,137,23%,12/05/2022,18:00
AriaSheeP vs. Sengoku Gaming,Champions Tour Japan Stage 2: Challengers Week 1,Open Qualifier,win,Sengoku Gaming,AriaSheeP,2,0,Ascent,1.94,359,18,6,7,+12,86%,250,18%,10/05/2022,18:00
AriaSheeP vs. Sengoku Gaming,Champions Tour Japan Stage 2: Challengers Week 1,Open Qualifier,win,Sengoku Gaming,AriaSheeP,2,0,Bind,2.02,370,42,15,13,+27,88%,247,20%,10/05/2022,18:00
FAV gaming vs. BLUE BEES.ESP,Champions Tour Japan Stage 1: Challengers Week 2,Main Event,loss,BLUE BEES.ESP,FAV gaming,0,2,Split,0.91,238,19,19,2,0,64%,152,40%,12/03/2022,12:00
FAV gaming vs. BLUE BEES.ESP,Champions Tour Japan Stage 1: Challengers Week 2,Main Event,loss,BLUE BEES.ESP,FAV gaming,0,2,Breeze,1.05,276,42,32,6,+10,65%,166,28%,12/03/2022,12:00
REJECT vs. BLUE BEES.ESP,Champions Tour Japan Stage 1: Challengers Week 1,Main Event,loss,BLUE BEES.ESP,REJECT,1,2,Split,1.45,301,20,10,1,+10,74%,183,13%,26/02/2022,15:30
REJECT vs. BLUE BEES.ESP,Champions Tour Japan Stage 1: Challengers Week 1,Main Event,loss,BLUE BEES.ESP,REJECT,1,2,Breeze,1.28,283,63,40,7,+23,71%,175,20%,26/02/2022,15:30
REJECT vs. BLUE BEES.ESP,Champions Tour Japan Stage 1: Challengers Week 1,Main Event,loss,BLUE BEES.ESP,REJECT,1,2,Haven,1.41,315,27,15,3,+12,75%,199,24%,26/02/2022,15:30
SCARZ vs. BLUE BEES.ESP,Champions Tour Japan Stage 1: Challengers Week 1,Open Qualifier,win,BLUE BEES.ESP,SCARZ,2,0,Ascent,1.26,258,17,13,5,+4,84%,173,19%,19/02/2022,18:00
SCARZ vs. BLUE BEES.ESP,Champions Tour Japan Stage 1: Challengers Week 1,Open Qualifier,win,BLUE BEES.ESP,SCARZ,2,0,Haven,0.56,210,30,27,7,+3,78%,138,22%,19/02/2022,18:00
BLUE BEES.ESP vs. looking for a name,Champions Tour Japan Stage 1: Challengers Week 1,Open Qualifier,win,BLUE BEES.ESP,looking for a name,2,0,Bind,1.58,330,28,16,5,+12,78%,216,27%,17/02/2022,18:00
BLUE BEES.ESP vs. looking for a name,Champions Tour Japan Stage 1: Challengers Week 1,Open Qualifier,win,BLUE BEES.ESP,looking for a name,2,0,Split,1.35,284,41,29,10,+12,74%,192,25%,17/02/2022,18:00
Big Bang vs. BLUE BEES.ESP,UTAGE Season 3,Main Event,win,BLUE BEES.ESP,Big Bang,2,1,Split,0.88,197,14,17,5,-3,82%,134,14%,21/10/2021,18:00
Big Bang vs. BLUE BEES.ESP,UTAGE Season 3,Main Event,win,BLUE BEES.ESP,Big Bang,2,1,Icebox,1.00,240,50,44,10,+6,77%,160,17%,21/10/2021,18:00
Big Bang vs. BLUE BEES.ESP,UTAGE Season 3,Main Event,win,BLUE BEES.ESP,Big Bang,2,1,Bind,1.09,249,13,13,1,0,60%,144,13%,21/10/2021,18:00
FAV gaming vs. BLUE BEES.ESP,UTAGE Season 3,Main Event,win,BLUE BEES.ESP,FAV gaming,2,1,Split,1.47,312,22,13,2,+9,80%,205,23%,20/10/2021,19:30
FAV gaming vs. BLUE BEES.ESP,UTAGE Season 3,Main Event,win,BLUE BEES.ESP,FAV gaming,2,1,Ascent,1.18,266,62,48,10,+14,75%,165,19%,20/10/2021,19:30
FAV gaming vs. BLUE BEES.ESP,UTAGE Season 3,Main Event,win,BLUE BEES.ESP,FAV gaming,2,1,Haven,0.80,208,17,20,4,-3,57%,128,17%,20/10/2021,19:30
iXA vs. BLUE BEES.ESP,UTAGE Season 3,Main Event,win,BLUE BEES.ESP,iXA,2,1,Split,0.50,167,11,18,4,-7,59%,118,23%,19/10/2021,18:30
iXA vs. BLUE BEES.ESP,UTAGE Season 3,Main Event,win,BLUE BEES.ESP,iXA,2,1,Ascent,0.64,209,45,47,12,-2,70%,136,19%,19/10/2021,18:30
iXA vs. BLUE BEES.ESP,UTAGE Season 3,Main Event,win,BLUE BEES.ESP,iXA,2,1,Bind,1.01,232,19,18,4,+1,83%,149,20%,19/10/2021,18:30
BLUE BEES.ESP vs. Stella,UTAGE Season 3,Main Event,win,BLUE BEES.ESP,Stella,1,0,Ascent,1.05,231,22,17,1,+5,58%,146,30%,19/10/2021,17:00
FENNEL vs. Insomnia,Champions Tour Japan Stage 3: Challengers Playoffs,Main Event,loss,Insomnia,FENNEL,0,2,Bind,0.94,247,16,18,2,-2,68%,150,26%,14/08/2021,10:00
FENNEL vs. Insomnia,Champions Tour Japan Stage 3: Challengers Playoffs,Main Event,loss,Insomnia,FENNEL,0,2,Icebox,1.26,266,33,33,6,0,68%,167,23%,14/08/2021,10:00
Insomnia vs. REJECT,Champions Tour Japan Stage 3: Challengers Playoffs,Main Event,win,Insomnia,REJECT,2,1,Icebox,1.77,359,31,17,2,+14,83%,221,23%,13/08/2021,10:00
Insomnia vs. REJECT,Champions Tour Japan Stage 3: Challengers Playoffs,Main Event,win,Insomnia,REJECT,2,1,Ascent,1.06,274,76,53,6,+23,69%,159,18%,13/08/2021,10:00
Insomnia vs. REJECT,Champions Tour Japan Stage 3: Challengers Playoffs,Main Event,win,Insomnia,REJECT,2,1,Bind,1.21,260,25,18,1,+7,58%,134,12%,13/08/2021,10:00
ZETA DIVISION vs. Insomnia,Champions Tour Japan Stage 3: Challengers Playoffs,Main Event,loss,Insomnia,ZETA DIVISION,0,2,Icebox,1.67,374,24,16,3,+8,74%,216,20%,12/08/2021,10:00
ZETA DIVISION vs. Insomnia,Champions Tour Japan Stage 3: Challengers Playoffs,Main Event,loss,Insomnia,ZETA DIVISION,0,2,Bind,1.62,255,30,31,3,-1,58%,158,24%,12/08/2021,10:00
SETOUCHI ENLIFE vs. Insomnia,Champions Tour Japan Stage 3: Challengers 2,Main Event,win,Insomnia,SETOUCHI ENLIFE,2,0,Icebox,0.41,115,9,18,2,-9,64%,73,41%,23/07/2021,17:25
SETOUCHI ENLIFE vs. Insomnia,Champions Tour Japan Stage 3: Challengers 2,Main Event,win,Insomnia,SETOUCHI ENLIFE,2,0,Ascent,0.54,153,24,33,6,-9,61%,88,23%,23/07/2021,17:25
REJECT vs. Insomnia,Champions Tour Japan Stage 3: Challengers 2,Main Event,loss,Insomnia,REJECT,0,2,Haven,1.23,248,22,17,4,+5,54%,157,16%,23/07/2021,15:00
REJECT vs. Insomnia,Champions Tour Japan Stage 3: Challengers 2,Main Event,loss,Insomnia,REJECT,0,2,Icebox,1.31,316,50,33,7,+17,62%,208,21%,23/07/2021,15:00
Storks Phalanx vs. Insomnia,Champions Tour Japan Stage 3: Challengers 2,Main Event,win,Insomnia,Storks Phalanx,2,0,Ascent,2.12,407,31,11,7,+20,71%,251,25%,23/07/2021,11:00
Storks Phalanx vs. Insomnia,Champions Tour Japan Stage 3: Challengers 2,Main Event,win,Insomnia,Storks Phalanx,2,0,Haven,1.22,347,54,29,14,+25,77%,211,23%,23/07/2021,11:00
Insomnia vs. Hexad,Champions Tour Japan Stage 3: Challengers 2,Open Qualifier,win,Insomnia,Hexad,1,0,Haven,2.43,531,43,14,8,+29,83%,312,25%,17/07/2021,16:30
Insomnia vs. NEXUS,Champions Tour Japan Stage 3: Challengers 2,Open Qualifier,win,Insomnia,NEXUS,1,0,Icebox,1.71,420,30,14,1,+16,80%,228,27%,17/07/2021,15:20
narrative vs. Insomnia,Champions Tour Japan Stage 3: Challengers 2,Open Qualifier,win,Insomnia,narrative,1,0,Haven,1.63,334,18,8,6,+10,88%,191,19%,17/07/2021,14:10
Break 7 vs. Insomnia,Champions Tour Japan Stage 3: Challengers 2,Open Qualifier,win,Insomnia,Break 7,1,0,Haven,2.11,395,25,7,6,+18,88%,249,27%,17/07/2021,12:55
Run it Back vs. Insomnia,Champions Tour Japan Stage 3: Challengers 2,Open Qualifier,win,Insomnia,Run it Back,1,0,Haven,1.50,300,23,13,5,+10,90%,155,22%,17/07/2021,10:30
Insomnia vs. INREGS,Champions Tour Japan Stage 3: Challengers 1,Open Qualifier,win,Insomnia,INREGS,1,0,Haven,1.52,358,25,15,5,+10,79%,215,28%,04/07/2021,17:40
Insomnia vs. SchwarzerLand,Champions Tour Japan Stage 3: Challengers 1,Open Qualifier,win,Insomnia,SchwarzerLand,1,0,Haven,1.77,428,33,16,4,+17,86%,238,20%,04/07/2021,16:30
BLUE BEES.ESP vs. Insomnia,Champions Tour Japan Stage 3: Challengers 1,Open Qualifier,loss,Insomnia,BLUE BEES.ESP,0,1,Icebox,1.21,274,23,19,10,+4,77%,187,16%,04/07/2021,14:10
no name vs. Insomnia,Champions Tour Japan Stage 3: Challengers 1,Open Qualifier,loss,Insomnia,no name,0,1,Ascent,0.90,181,17,20,4,-3,58%,124,36%,04/07/2021,13:00
Icicle Conflict vs. Insomnia,Champions Tour Japan Stage 3: Challengers 1,Open Qualifier,loss,Insomnia,Icicle Conflict,0,1,Bind,1.04,237,17,14,1,+3,65%,135,19%,04/07/2021,11:50
