Paper Rex vs. Global Esports,Champions Tour 2025: Pacific Stage 1,Group Stage,win,Paper Rex,Global Esports,2,0,Split,1.31,250,10,7,5,+3,75%,159,15%,19/04/2025,15:00
Paper Rex vs. Global Esports,Champions Tour 2025: Pacific Stage 1,Group Stage,win,Paper Rex,Global Esports,2,0,Lotus,1.52,275,22,16,11,+6,79%,158,21%,19/04/2025,15:00
DetonatioN FocusMe vs. Paper Rex,Champions Tour 2025: Pacific Stage 1,Group Stage,win,Paper Rex,DetonatioN FocusMe,2,1,Ascent,0.62,118,5,7,5,-2,75%,73,33%,14/04/2025,17:10
DetonatioN FocusMe vs. Paper Rex,Champions Tour 2025: Pacific Stage 1,Group Stage,win,Paper Rex,DetonatioN FocusMe,2,1,Lotus,0.92,176,26,21,17,+5,84%,126,29%,14/04/2025,17:10
DetonatioN FocusMe vs. Paper Rex,Champions Tour 2025: Pacific Stage 1,Group Stage,win,Paper Rex,DetonatioN FocusMe,2,1,Pearl,0.94,159,10,4,6,+6,100%,125,28%,14/04/2025,17:10
Paper Rex vs. BOOM Esports,Champions Tour 2025: Pacific Stage 1,Group Stage,loss,Paper Rex,BOOM Esports,1,2,Ascent,0.67,130,6,7,4,-1,83%,95,20%,06/04/2025,15:00
Paper Rex vs. BOOM Esports,Champions Tour 2025: Pacific Stage 1,Group Stage,loss,Paper Rex,BOOM Esports,1,2,Fracture,0.78,130,17,22,8,-5,74%,93,24%,06/04/2025,15:00
Paper Rex vs. BOOM Esports,Champions Tour 2025: Pacific Stage 1,Group Stage,loss,Paper Rex,BOOM Esports,1,2,Pearl,0.18,41,1,9,1,-8,58%,39,9%,06/04/2025,15:00
Gen.G vs. Paper Rex,Champions Tour 2025: Pacific Stage 1,Group Stage,loss,Paper Rex,Gen.G,1,2,Lotus,0.66,137,3,8,5,-5,82%,97,11%,30/03/2025,15:00
Gen.G vs. Paper Rex,Champions Tour 2025: Pacific Stage 1,Group Stage,loss,Paper Rex,Gen.G,1,2,Fracture,0.76,184,19,29,12,-10,77%,123,21%,30/03/2025,15:00
Gen.G vs. Paper Rex,Champions Tour 2025: Pacific Stage 1,Group Stage,loss,Paper Rex,Gen.G,1,2,Haven,0.56,104,4,9,4,-5,75%,81,33%,30/03/2025,15:00
DRX vs. Paper Rex,Champions Tour 2025: Pacific Stage 1,Group Stage,loss,Paper Rex,DRX,1,2,Haven,0.73,190,7,8,1,-1,70%,129,29%,23/03/2025,15:00
DRX vs. Paper Rex,Champions Tour 2025: Pacific Stage 1,Group Stage,loss,Paper Rex,DRX,1,2,Icebox,0.83,137,15,26,8,-11,74%,87,36%,23/03/2025,15:00
DRX vs. Paper Rex,Champions Tour 2025: Pacific Stage 1,Group Stage,loss,Paper Rex,DRX,1,2,Lotus,0.57,88,3,8,4,-5,75%,53,18%,23/03/2025,15:00
DetonatioN FocusMe vs. Paper Rex,Champions Tour 2025: Pacific Kickoff,Main Event,loss,Paper Rex,DetonatioN FocusMe,0,2,Abyss,0.47,134,4,9,5,-5,55%,93,36%,01/02/2025,19:10
DetonatioN FocusMe vs. Paper Rex,Champions Tour 2025: Pacific Kickoff,Main Event,loss,Paper Rex,DetonatioN FocusMe,0,2,Pearl,0.55,150,10,21,9,-11,65%,101,39%,01/02/2025,19:10
Paper Rex vs. ZETA DIVISION,Champions Tour 2025: Pacific Kickoff,Main Event,win,Paper Rex,ZETA DIVISION,2,0,Lotus,1.14,169,4,2,1,+2,100%,136,38%,26/01/2025,18:00
Paper Rex vs. ZETA DIVISION,Champions Tour 2025: Pacific Kickoff,Main Event,win,Paper Rex,ZETA DIVISION,2,0,Fracture,1.36,227,15,8,1,+7,94%,163,27%,26/01/2025,18:00
Paper Rex vs. T1,Champions Tour 2025: Pacific Kickoff,Main Event,loss,Paper Rex,T1,1,2,Bind,0.91,186,7,9,3,-2,67%,131,22%,20/01/2025,18:15
Paper Rex vs. T1,Champions Tour 2025: Pacific Kickoff,Main Event,loss,Paper Rex,T1,1,2,Fracture,1.03,231,29,28,4,+1,75%,161,28%,20/01/2025,18:15
Paper Rex vs. T1,Champions Tour 2025: Pacific Kickoff,Main Event,loss,Paper Rex,T1,1,2,Split,0.60,170,6,9,1,-3,67%,127,26%,20/01/2025,18:15
EDward Gaming vs. Paper Rex,Valorant Champions 2024,Group Stage,loss,Paper Rex,EDward Gaming,1,2,Icebox,1.42,143,3,1,0,+2,100%,111,80%,11/08/2024,17:15
EDward Gaming vs. Paper Rex,Valorant Champions 2024,Group Stage,loss,Paper Rex,EDward Gaming,1,2,Sunset,0.87,184,20,19,8,+1,64%,113,50%,11/08/2024,17:15
EDward Gaming vs. Paper Rex,Valorant Champions 2024,Group Stage,loss,Paper Rex,EDward Gaming,1,2,Lotus,1.45,266,13,7,2,+6,58%,155,55%,11/08/2024,17:15
FUT Esports vs. Paper Rex,Valorant Champions 2024,Group Stage,win,Paper Rex,FUT Esports,2,0,Sunset,1.10,178,8,8,2,0,67%,119,50%,09/08/2024,17:25
FUT Esports vs. Paper Rex,Valorant Champions 2024,Group Stage,win,Paper Rex,FUT Esports,2,0,Bind,1.24,237,20,15,5,+5,75%,165,40%,09/08/2024,17:25
G2 Esports vs. Paper Rex,Valorant Champions 2024,Group Stage,loss,Paper Rex,G2 Esports,0,2,Icebox,0.65,127,5,9,1,-4,50%,96,38%,04/08/2024,15:00
G2 Esports vs. Paper Rex,Valorant Champions 2024,Group Stage,loss,Paper Rex,G2 Esports,0,2,Lotus,0.68,131,10,17,5,-7,68%,85,24%,04/08/2024,15:00
DRX vs. Paper Rex,Champions Tour 2024: Pacific Stage 2,Playoffs,loss,Paper Rex,DRX,2,3,Abyss,0.92,185,6,5,6,+1,88%,125,31%,20/07/2024,15:00
DRX vs. Paper Rex,Champions Tour 2024: Pacific Stage 2,Playoffs,loss,Paper Rex,DRX,2,3,Lotus,1.02,205,38,33,29,+5,80%,147,25%,20/07/2024,15:00
DRX vs. Paper Rex,Champions Tour 2024: Pacific Stage 2,Playoffs,loss,Paper Rex,DRX,2,3,Bind,1.06,194,8,8,6,0,83%,134,22%,20/07/2024,15:00
DRX vs. Paper Rex,Champions Tour 2024: Pacific Stage 2,Playoffs,loss,Paper Rex,DRX,2,3,Icebox,1.18,177,6,5,6,+1,73%,131,19%,20/07/2024,15:00
DRX vs. Paper Rex,Champions Tour 2024: Pacific Stage 2,Playoffs,loss,Paper Rex,DRX,2,3,Ascent,1.10,193,8,6,2,+2,83%,132,38%,20/07/2024,15:00
Paper Rex vs. TALON,Champions Tour 2024: Pacific Stage 2,Playoffs,win,Paper Rex,TALON,2,0,Ascent,1.27,202,9,5,5,+4,92%,142,22%,14/07/2024,18:15
Paper Rex vs. TALON,Champions Tour 2024: Pacific Stage 2,Playoffs,win,Paper Rex,TALON,2,0,Sunset,1.33,199,12,8,5,+4,81%,140,23%,14/07/2024,18:15
Paper Rex vs. Gen.G,Champions Tour 2024: Pacific Stage 2,Playoffs,loss,Paper Rex,Gen.G,0,2,Ascent,0.96,114,3,5,4,-2,64%,88,12%,13/07/2024,15:00
Paper Rex vs. Gen.G,Champions Tour 2024: Pacific Stage 2,Playoffs,loss,Paper Rex,Gen.G,0,2,Icebox,0.84,132,6,9,4,-3,59%,90,11%,13/07/2024,15:00
Paper Rex vs. ZETA DIVISION,Champions Tour 2024: Pacific Stage 2,Regular Season,win,Paper Rex,ZETA DIVISION,2,1,Ascent,1.13,206,8,8,7,0,70%,125,43%,07/07/2024,18:00
Paper Rex vs. ZETA DIVISION,Champions Tour 2024: Pacific Stage 2,Regular Season,win,Paper Rex,ZETA DIVISION,2,1,Lotus,1.34,229,27,20,14,+7,81%,140,29%,07/07/2024,18:00
Paper Rex vs. ZETA DIVISION,Champions Tour 2024: Pacific Stage 2,Regular Season,win,Paper Rex,ZETA DIVISION,2,1,Sunset,1.53,310,10,6,2,+4,89%,179,26%,07/07/2024,18:00
Paper Rex vs. Rex Regum Qeon,Champions Tour 2024: Pacific Stage 2,Regular Season,win,Paper Rex,Rex Regum Qeon,2,1,Lotus,1.22,206,9,8,7,+1,83%,150,42%,05/07/2024,15:00
Paper Rex vs. Rex Regum Qeon,Champions Tour 2024: Pacific Stage 2,Regular Season,win,Paper Rex,Rex Regum Qeon,2,1,Ascent,1.33,239,27,21,10,+6,77%,158,36%,05/07/2024,15:00
Paper Rex vs. Rex Regum Qeon,Champions Tour 2024: Pacific Stage 2,Regular Season,win,Paper Rex,Rex Regum Qeon,2,1,Sunset,1.10,259,7,6,2,+1,88%,160,18%,05/07/2024,15:00
Paper Rex vs. DetonatioN FocusMe,Champions Tour 2024: Pacific Stage 2,Regular Season,win,Paper Rex,DetonatioN FocusMe,2,0,Icebox,0.58,147,2,4,2,-2,80%,107,20%,01/07/2024,15:00
Paper Rex vs. DetonatioN FocusMe,Champions Tour 2024: Pacific Stage 2,Regular Season,win,Paper Rex,DetonatioN FocusMe,2,0,Sunset,1.11,164,10,11,7,-1,76%,123,37%,01/07/2024,15:00
Paper Rex vs. DRX,Champions Tour 2024: Pacific Stage 2,Regular Season,win,Paper Rex,DRX,2,1,Split,1.79,289,6,2,2,+4,80%,208,60%,22/06/2024,18:50
Paper Rex vs. DRX,Champions Tour 2024: Pacific Stage 2,Regular Season,win,Paper Rex,DRX,2,1,Haven,1.29,235,17,12,5,+5,75%,174,41%,22/06/2024,18:50
Paper Rex vs. DRX,Champions Tour 2024: Pacific Stage 2,Regular Season,win,Paper Rex,DRX,2,1,Icebox,0.52,136,4,7,1,-3,67%,101,38%,22/06/2024,18:50
Paper Rex vs. TALON,Champions Tour 2024: Pacific Stage 2,Regular Season,win,Paper Rex,TALON,2,0,Icebox,1.74,414,7,4,1,+3,80%,190,22%,16/06/2024,18:30
Paper Rex vs. TALON,Champions Tour 2024: Pacific Stage 2,Regular Season,win,Paper Rex,TALON,2,0,Sunset,1.26,281,13,9,2,+4,77%,140,19%,16/06/2024,18:30
Paper Rex vs. Gen.G,Champions Tour 2024: Pacific Stage 1,Playoffs,win,Paper Rex,Gen.G,3,2,Lotus,0.90,186,7,7,5,0,90%,119,47%,12/05/2024,15:00
Paper Rex vs. Gen.G,Champions Tour 2024: Pacific Stage 1,Playoffs,win,Paper Rex,Gen.G,3,2,Sunset,1.02,202,40,35,14,+5,77%,135,38%,12/05/2024,15:00
Paper Rex vs. Gen.G,Champions Tour 2024: Pacific Stage 1,Playoffs,win,Paper Rex,Gen.G,3,2,Icebox,0.75,212,9,10,3,-1,83%,131,50%,12/05/2024,15:00
Paper Rex vs. Gen.G,Champions Tour 2024: Pacific Stage 1,Playoffs,win,Paper Rex,Gen.G,3,2,Bind,1.37,245,11,7,1,+4,75%,180,39%,12/05/2024,15:00
Paper Rex vs. Gen.G,Champions Tour 2024: Pacific Stage 1,Playoffs,win,Paper Rex,Gen.G,3,2,Split,0.54,113,4,7,1,-3,60%,76,71%,12/05/2024,15:00
T1 vs. Paper Rex,Champions Tour 2024: Pacific Stage 1,Playoffs,win,Paper Rex,T1,2,0,Lotus,1.04,242,3,3,3,0,100%,183,33%,05/05/2024,15:00
T1 vs. Paper Rex,Champions Tour 2024: Pacific Stage 1,Playoffs,win,Paper Rex,T1,2,0,Sunset,1.32,248,14,10,5,+4,88%,162,33%,05/05/2024,15:00
DRX vs. Paper Rex,Champions Tour 2024: Pacific Stage 1,Playoffs,win,Paper Rex,DRX,2,1,Lotus,1.89,306,15,4,6,+11,100%,190,31%,04/05/2024,18:10
DRX vs. Paper Rex,Champions Tour 2024: Pacific Stage 1,Playoffs,win,Paper Rex,DRX,2,1,Ascent,1.20,264,30,17,15,+13,90%,172,29%,04/05/2024,18:10
DRX vs. Paper Rex,Champions Tour 2024: Pacific Stage 1,Playoffs,win,Paper Rex,DRX,2,1,Bind,1.14,246,9,9,7,0,83%,162,24%,04/05/2024,18:10
Paper Rex vs. TALON,Champions Tour 2024: Pacific Stage 1,Playoffs,win,Paper Rex,TALON,2,1,Sunset,1.16,160,14,14,7,0,84%,104,23%,03/05/2024,17:10
Paper Rex vs. TALON,Champions Tour 2024: Pacific Stage 1,Playoffs,win,Paper Rex,TALON,2,1,Bind,1.04,158,7,5,4,+2,100%,92,7%,03/05/2024,17:10
BLEED vs. Paper Rex,Champions Tour 2024: Pacific Stage 1,Regular Season,win,Paper Rex,BLEED,2,0,Ascent,1.82,374,16,6,3,+10,100%,243,43%,27/04/2024,15:00
BLEED vs. Paper Rex,Champions Tour 2024: Pacific Stage 1,Regular Season,win,Paper Rex,BLEED,2,0,Bind,1.44,321,27,13,10,+14,88%,212,30%,27/04/2024,15:00
Global Esports vs. Paper Rex,Champions Tour 2024: Pacific Stage 1,Regular Season,win,Paper Rex,Global Esports,2,0,Sunset,1.67,273,4,3,5,+1,80%,181,18%,23/04/2024,17:50
Global Esports vs. Paper Rex,Champions Tour 2024: Pacific Stage 1,Regular Season,win,Paper Rex,Global Esports,2,0,Icebox,1.34,321,16,6,5,+10,92%,195,35%,23/04/2024,17:50
Team Secret vs. Paper Rex,Champions Tour 2024: Pacific Stage 1,Regular Season,loss,Paper Rex,Team Secret,0,2,Icebox,1.11,189,8,6,0,+2,70%,110,58%,21/04/2024,18:00
Team Secret vs. Paper Rex,Champions Tour 2024: Pacific Stage 1,Regular Season,loss,Paper Rex,Team Secret,0,2,Sunset,0.91,215,18,16,6,+2,82%,132,37%,21/04/2024,18:00
Gen.G vs. Paper Rex,Champions Tour 2024: Pacific Stage 1,Regular Season,win,Paper Rex,Gen.G,2,1,Lotus,0.67,142,4,9,10,-5,75%,104,21%,13/04/2024,15:00
Gen.G vs. Paper Rex,Champions Tour 2024: Pacific Stage 1,Regular Season,win,Paper Rex,Gen.G,2,1,Icebox,0.94,178,19,22,19,-3,72%,116,22%,13/04/2024,15:00
Gen.G vs. Paper Rex,Champions Tour 2024: Pacific Stage 1,Regular Season,win,Paper Rex,Gen.G,2,1,Bind,1.22,221,9,7,1,+2,75%,154,25%,13/04/2024,15:00
T1 vs. Paper Rex,Champions Tour 2024: Pacific Stage 1,Regular Season,win,Paper Rex,T1,2,0,Lotus,1.44,212,10,3,5,+7,73%,103,18%,07/04/2024,18:15
T1 vs. Paper Rex,Champions Tour 2024: Pacific Stage 1,Regular Season,win,Paper Rex,T1,2,0,Bind,1.14,218,20,10,9,+10,75%,119,16%,07/04/2024,18:15
Sentinels vs. Paper Rex,Champions Tour 2024: Masters Madrid,Playoffs,loss,Paper Rex,Sentinels,1,3,Lotus,0.75,147,6,9,3,-3,69%,95,21%,23/03/2024,22:00
Sentinels vs. Paper Rex,Champions Tour 2024: Masters Madrid,Playoffs,loss,Paper Rex,Sentinels,1,3,Ascent,0.82,190,24,27,13,-3,69%,119,28%,23/03/2024,22:00
Sentinels vs. Paper Rex,Champions Tour 2024: Masters Madrid,Playoffs,loss,Paper Rex,Sentinels,1,3,Split,0.18,67,1,7,2,-6,29%,46,43%,23/03/2024,22:00
Sentinels vs. Paper Rex,Champions Tour 2024: Masters Madrid,Playoffs,loss,Paper Rex,Sentinels,1,3,Sunset,1.43,278,13,8,5,+5,92%,170,29%,23/03/2024,22:00
Paper Rex vs. LOUD,Champions Tour 2024: Masters Madrid,Playoffs,win,Paper Rex,LOUD,2,0,Ascent,1.30,234,11,8,4,+3,83%,163,30%,23/03/2024,12:55
Paper Rex vs. LOUD,Champions Tour 2024: Masters Madrid,Playoffs,win,Paper Rex,LOUD,2,0,Sunset,0.93,225,20,15,11,+5,79%,161,24%,23/03/2024,12:55
Gen.G vs. Paper Rex,Champions Tour 2024: Masters Madrid,Playoffs,loss,Paper Rex,Gen.G,0,2,Split,1.13,200,9,8,1,+1,58%,126,38%,21/03/2024,22:00
Gen.G vs. Paper Rex,Champions Tour 2024: Masters Madrid,Playoffs,loss,Paper Rex,Gen.G,0,2,Lotus,1.40,225,19,14,4,+5,64%,135,34%,21/03/2024,22:00
Karmine Corp vs. Paper Rex,Champions Tour 2024: Masters Madrid,Swiss Stage,win,Paper Rex,Karmine Corp,2,1,Bind,0.83,131,5,6,1,-1,55%,106,22%,18/03/2024,23:55
Karmine Corp vs. Paper Rex,Champions Tour 2024: Masters Madrid,Swiss Stage,win,Paper Rex,Karmine Corp,2,1,Lotus,1.02,164,18,20,13,-2,65%,113,30%,18/03/2024,23:55
Karmine Corp vs. Paper Rex,Champions Tour 2024: Masters Madrid,Swiss Stage,win,Paper Rex,Karmine Corp,2,1,Ascent,0.83,174,4,6,5,-2,57%,109,33%,18/03/2024,23:55
Team Heretics vs. Paper Rex,Champions Tour 2024: Masters Madrid,Swiss Stage,win,Paper Rex,Team Heretics,2,1,Sunset,0.61,121,4,8,2,-4,82%,88,24%,18/03/2024,12:20
Team Heretics vs. Paper Rex,Champions Tour 2024: Masters Madrid,Swiss Stage,win,Paper Rex,Team Heretics,2,1,Lotus,0.96,164,18,17,17,+1,80%,110,32%,18/03/2024,12:20
Team Heretics vs. Paper Rex,Champions Tour 2024: Masters Madrid,Swiss Stage,win,Paper Rex,Team Heretics,2,1,Split,0.91,153,5,8,8,-3,64%,110,32%,18/03/2024,12:20
EDward Gaming vs. Paper Rex,Champions Tour 2024: Masters Madrid,Swiss Stage,loss,Paper Rex,EDward Gaming,1,2,Sunset,1.16,216,7,6,3,+1,78%,133,21%,15/03/2024,22:00
EDward Gaming vs. Paper Rex,Champions Tour 2024: Masters Madrid,Swiss Stage,loss,Paper Rex,EDward Gaming,1,2,Bind,0.87,193,19,21,9,-2,66%,130,24%,15/03/2024,22:00
EDward Gaming vs. Paper Rex,Champions Tour 2024: Masters Madrid,Swiss Stage,loss,Paper Rex,EDward Gaming,1,2,Split,0.95,221,8,7,1,+1,70%,138,31%,15/03/2024,22:00
Paper Rex vs. Gen.G,Champions Tour 2024: Pacific Kickoff,Playoffs,loss,Paper Rex,Gen.G,1,3,Ascent,0.77,179,3,6,3,-3,83%,127,36%,25/02/2024,15:00
Paper Rex vs. Gen.G,Champions Tour 2024: Pacific Kickoff,Playoffs,loss,Paper Rex,Gen.G,1,3,Split,0.94,167,19,29,18,-10,69%,120,32%,25/02/2024,15:00
Paper Rex vs. Gen.G,Champions Tour 2024: Pacific Kickoff,Playoffs,loss,Paper Rex,Gen.G,1,3,Lotus,0.92,193,3,4,5,-1,100%,145,27%,25/02/2024,15:00
Paper Rex vs. Gen.G,Champions Tour 2024: Pacific Kickoff,Playoffs,loss,Paper Rex,Gen.G,1,3,Bind,1.05,208,9,10,7,-1,67%,146,29%,25/02/2024,15:00
T1 vs. Paper Rex,Champions Tour 2024: Pacific Kickoff,Playoffs,win,Paper Rex,T1,2,0,Split,1.05,213,9,11,7,-2,80%,147,24%,24/02/2024,15:00
T1 vs. Paper Rex,Champions Tour 2024: Pacific Kickoff,Playoffs,win,Paper Rex,T1,2,0,Ascent,1.02,206,14,17,10,-3,77%,138,29%,24/02/2024,15:00
Gen.G vs. Paper Rex,Champions Tour 2024: Pacific Kickoff,Group Stage,win,Paper Rex,Gen.G,2,1,Breeze,0.62,127,6,9,0,-3,45%,84,44%,19/02/2024,13:00
Gen.G vs. Paper Rex,Champions Tour 2024: Pacific Kickoff,Group Stage,win,Paper Rex,Gen.G,2,1,Lotus,1.26,192,24,21,10,+3,71%,142,24%,19/02/2024,13:00
Gen.G vs. Paper Rex,Champions Tour 2024: Pacific Kickoff,Group Stage,win,Paper Rex,Gen.G,2,1,Sunset,0.98,189,6,8,6,-2,75%,139,21%,19/02/2024,13:00
Sentinels vs. Paper Rex,AfreecaTV Valorant League,Playoffs,loss,Paper Rex,Sentinels,0,3,Split,1.84,322,10,4,0,+6,75%,178,22%,10/12/2023,16:25
Sentinels vs. Paper Rex,AfreecaTV Valorant League,Playoffs,loss,Paper Rex,Sentinels,0,3,Sunset,1.19,199,20,18,6,+2,58%,121,28%,10/12/2023,16:25
Sentinels vs. Paper Rex,AfreecaTV Valorant League,Playoffs,loss,Paper Rex,Sentinels,0,3,Breeze,1.12,206,9,8,6,+1,64%,127,32%,10/12/2023,16:25
T1 vs. Paper Rex,AfreecaTV Valorant League,Playoffs,win,Paper Rex,T1,2,0,Sunset,0.81,136,6,8,0,-2,58%,100,50%,09/12/2023,19:00
T1 vs. Paper Rex,AfreecaTV Valorant League,Playoffs,win,Paper Rex,T1,2,0,Lotus,1.15,182,12,11,2,+1,72%,129,40%,09/12/2023,19:00
DRX vs. Paper Rex,AfreecaTV Valorant League,Group Stage,win,Paper Rex,DRX,2,0,Lotus,1.08,179,8,6,6,+2,100%,111,39%,07/12/2023,18:15
DRX vs. Paper Rex,AfreecaTV Valorant League,Group Stage,win,Paper Rex,DRX,2,0,Breeze,1.23,150,11,11,6,0,84%,97,36%,07/12/2023,18:15
Paper Rex vs. FULL SENSE,AfreecaTV Valorant League,Group Stage,win,Paper Rex,FULL SENSE,2,0,Haven,1.33,219,12,9,9,+3,94%,130,28%,07/12/2023,15:00
Paper Rex vs. FULL SENSE,AfreecaTV Valorant League,Group Stage,win,Paper Rex,FULL SENSE,2,0,Sunset,1.22,219,12,9,9,+3,94%,130,28%,07/12/2023,15:00
Sentinels vs. Paper Rex,AfreecaTV Valorant League,Group Stage,loss,Paper Rex,Sentinels,1,2,Breeze,1.06,211,5,5,0,0,88%,142,21%,05/12/2023,15:00
Sentinels vs. Paper Rex,AfreecaTV Valorant League,Group Stage,loss,Paper Rex,Sentinels,1,2,Sunset,0.94,193,19,23,8,-4,73%,134,35%,05/12/2023,15:00
Sentinels vs. Paper Rex,AfreecaTV Valorant League,Group Stage,loss,Paper Rex,Sentinels,1,2,Haven,1.19,184,5,5,4,0,88%,123,60%,05/12/2023,15:00
Paper Rex vs. Indonesia Pacific,Valorant Indonesia CONNEXT 2023,Main Event,win,Paper Rex,Indonesia Pacific,1,0,Ascent,0.67,137,3,4,0,-1,50%,100,0%,12/11/2023,20:20
CONNEXT Fantasy 1 vs. CONNEXT Fantasy 2,Valorant Indonesia CONNEXT 2023,Main Event,win,CONNEXT Fantasy 1,CONNEXT Fantasy 2,1,0,Bind,1.48,330,14,8,4,+6,83%,211,36%,12/11/2023,19:00
Paper Rex vs. CONNEXT Roster Hunt,Valorant Indonesia CONNEXT 2023,Main Event,win,Paper Rex,CONNEXT Roster Hunt,1,0,Split,0.37,59,0,3,3,-3,100%,59,13%,12/11/2023,17:55
Paper Rex vs. Evil Geniuses,Valorant Champions 2023,Playoffs,loss,Paper Rex,Evil Geniuses,1,3,Split,0.54,120,4,9,2,-5,55%,81,13%,27/08/2023,2:30
Paper Rex vs. Evil Geniuses,Valorant Champions 2023,Playoffs,loss,Paper Rex,Evil Geniuses,1,3,Ascent,1.07,164,24,30,12,-6,60%,114,27%,27/08/2023,2:30
Paper Rex vs. Evil Geniuses,Valorant Champions 2023,Playoffs,loss,Paper Rex,Evil Geniuses,1,3,Bind,1.61,279,14,7,7,+7,83%,204,41%,27/08/2023,2:30
Paper Rex vs. Evil Geniuses,Valorant Champions 2023,Playoffs,loss,Paper Rex,Evil Geniuses,1,3,Lotus,0.42,92,2,5,1,-3,33%,59,8%,27/08/2023,2:30
Paper Rex vs. Evil Geniuses,Valorant Champions 2023,Playoffs,win,Paper Rex,Evil Geniuses,2,1,Ascent,0.63,123,3,8,8,-5,82%,87,8%,25/08/2023,2:00
Paper Rex vs. Evil Geniuses,Valorant Champions 2023,Playoffs,win,Paper Rex,Evil Geniuses,2,1,Bind,0.91,169,18,24,12,-6,77%,114,24%,25/08/2023,2:00
Paper Rex vs. Evil Geniuses,Valorant Champions 2023,Playoffs,win,Paper Rex,Evil Geniuses,2,1,Pearl,1.30,274,10,5,1,+5,90%,175,32%,25/08/2023,2:00
LOUD vs. Paper Rex,Valorant Champions 2023,Playoffs,win,Paper Rex,LOUD,2,1,Lotus,1.66,247,12,8,11,+4,93%,170,47%,20/08/2023,2:00
LOUD vs. Paper Rex,Valorant Champions 2023,Playoffs,win,Paper Rex,LOUD,2,1,Split,0.95,216,26,27,19,-1,73%,146,32%,20/08/2023,2:00
LOUD vs. Paper Rex,Valorant Champions 2023,Playoffs,win,Paper Rex,LOUD,2,1,Pearl,0.82,170,6,10,3,-4,58%,136,19%,20/08/2023,2:00
Paper Rex vs. FUT Esports,Valorant Champions 2023,Playoffs,win,Paper Rex,FUT Esports,2,0,Ascent,1.15,188,6,4,7,+2,91%,123,15%,17/08/2023,4:25
Paper Rex vs. FUT Esports,Valorant Champions 2023,Playoffs,win,Paper Rex,FUT Esports,2,0,Pearl,1.46,267,13,8,10,+5,94%,173,29%,17/08/2023,4:25
Paper Rex vs. EDward Gaming,Valorant Champions 2023,Group Stage,win,Paper Rex,EDward Gaming,2,0,Fracture,0.93,189,4,6,4,-2,63%,129,41%,11/08/2023,6:45
Paper Rex vs. EDward Gaming,Valorant Champions 2023,Group Stage,win,Paper Rex,EDward Gaming,2,0,Pearl,1.22,251,21,13,10,+8,83%,154,36%,11/08/2023,6:45
Paper Rex vs. KRÜ Esports,Valorant Champions 2023,Group Stage,win,Paper Rex,KRÜ Esports,2,0,Split,1.02,142,4,4,0,0,63%,106,53%,10/08/2023,2:00
Paper Rex vs. KRÜ Esports,Valorant Champions 2023,Group Stage,win,Paper Rex,KRÜ Esports,2,0,Pearl,1.11,164,9,8,5,+1,71%,111,56%,10/08/2023,2:00
Evil Geniuses vs. Paper Rex,Champions Tour 2023: Masters Tokyo,Playoffs,loss,Paper Rex,Evil Geniuses,2,3,Fracture,0.77,162,4,5,3,-1,88%,117,24%,24/06/2023,10:00
Evil Geniuses vs. Paper Rex,Champions Tour 2023: Masters Tokyo,Playoffs,loss,Paper Rex,Evil Geniuses,2,3,Lotus,1.09,182,33,31,19,+2,82%,130,29%,24/06/2023,10:00
Evil Geniuses vs. Paper Rex,Champions Tour 2023: Masters Tokyo,Playoffs,loss,Paper Rex,Evil Geniuses,2,3,Split,1.11,186,8,9,4,-1,85%,129,38%,24/06/2023,10:00
Evil Geniuses vs. Paper Rex,Champions Tour 2023: Masters Tokyo,Playoffs,loss,Paper Rex,Evil Geniuses,2,3,Pearl,1.39,211,9,4,6,+5,100%,163,27%,24/06/2023,10:00
Evil Geniuses vs. Paper Rex,Champions Tour 2023: Masters Tokyo,Playoffs,loss,Paper Rex,Evil Geniuses,2,3,Ascent,1.09,182,5,5,2,0,86%,124,27%,24/06/2023,10:00
NRG Esports vs. Paper Rex,Champions Tour 2023: Masters Tokyo,Playoffs,win,Paper Rex,NRG Esports,2,1,Pearl,1.53,265,13,8,6,+5,86%,186,36%,21/06/2023,13:25
NRG Esports vs. Paper Rex,Champions Tour 2023: Masters Tokyo,Playoffs,win,Paper Rex,NRG Esports,2,1,Lotus,1.04,179,23,26,17,-3,79%,126,33%,21/06/2023,13:25
NRG Esports vs. Paper Rex,Champions Tour 2023: Masters Tokyo,Playoffs,win,Paper Rex,NRG Esports,2,1,Bind,0.73,105,4,9,6,-5,67%,64,19%,21/06/2023,13:25
Paper Rex vs. EDward Gaming,Champions Tour 2023: Masters Tokyo,Playoffs,win,Paper Rex,EDward Gaming,2,1,Fracture,1.77,315,16,7,3,+9,85%,210,35%,20/06/2023,13:45
Paper Rex vs. EDward Gaming,Champions Tour 2023: Masters Tokyo,Playoffs,win,Paper Rex,EDward Gaming,2,1,Split,1.29,270,38,21,13,+17,84%,172,32%,20/06/2023,13:45
Paper Rex vs. EDward Gaming,Champions Tour 2023: Masters Tokyo,Playoffs,win,Paper Rex,EDward Gaming,2,1,Lotus,1.74,295,14,6,2,+8,83%,184,33%,20/06/2023,13:45
Paper Rex vs. FNATIC,Champions Tour 2023: Masters Tokyo,Playoffs,loss,Paper Rex,FNATIC,0,2,Lotus,1.45,222,5,4,9,+1,100%,129,57%,19/06/2023,12:15
Paper Rex vs. FNATIC,Champions Tour 2023: Masters Tokyo,Playoffs,loss,Paper Rex,FNATIC,0,2,Bind,0.70,168,10,14,13,-4,67%,110,31%,19/06/2023,12:15
Paper Rex vs. DRX,Champions Tour 2023: Masters Tokyo,Playoffs,win,Paper Rex,DRX,2,0,Split,0.96,204,7,9,3,-2,73%,157,32%,17/06/2023,12:30
Paper Rex vs. DRX,Champions Tour 2023: Masters Tokyo,Playoffs,win,Paper Rex,DRX,2,0,Bind,1.09,177,14,15,8,-1,74%,128,33%,17/06/2023,12:30
Paper Rex vs. DRX,Champions Tour 2023: Pacific League,Playoffs,win,Paper Rex,DRX,3,2,Fracture,1.06,212,9,9,3,0,92%,145,18%,28/05/2023,14:00
Paper Rex vs. DRX,Champions Tour 2023: Pacific League,Playoffs,win,Paper Rex,DRX,3,2,Ascent,1.11,200,44,38,31,+6,83%,129,22%,28/05/2023,14:00
Paper Rex vs. DRX,Champions Tour 2023: Pacific League,Playoffs,win,Paper Rex,DRX,3,2,Pearl,0.32,91,3,13,7,-10,73%,73,10%,28/05/2023,14:00
Paper Rex vs. DRX,Champions Tour 2023: Pacific League,Playoffs,win,Paper Rex,DRX,3,2,Bind,1.46,208,7,5,6,+2,89%,124,27%,28/05/2023,14:00
Paper Rex vs. DRX,Champions Tour 2023: Pacific League,Playoffs,win,Paper Rex,DRX,3,2,Lotus,1.96,326,16,6,6,+10,92%,197,27%,28/05/2023,14:00
DRX vs. Paper Rex,Champions Tour 2023: Pacific League,Playoffs,win,Paper Rex,DRX,2,0,Fracture,1.56,306,14,6,1,+8,75%,197,36%,22/05/2023,15:00
DRX vs. Paper Rex,Champions Tour 2023: Pacific League,Playoffs,win,Paper Rex,DRX,2,0,Bind,1.48,224,15,8,3,+7,79%,143,37%,22/05/2023,15:00
Paper Rex vs. T1,Champions Tour 2023: Pacific League,Playoffs,win,Paper Rex,T1,2,0,Lotus,1.86,338,14,6,6,+8,100%,219,24%,20/05/2023,18:15
Paper Rex vs. T1,Champions Tour 2023: Pacific League,Playoffs,win,Paper Rex,T1,2,0,Fracture,1.42,343,30,11,8,+19,96%,219,24%,20/05/2023,18:15
Rex Regum Qeon vs. Paper Rex,Champions Tour 2023: Pacific League,League Play,win,Paper Rex,Rex Regum Qeon,2,0,Bind,1.11,212,8,7,2,+1,70%,126,21%,16/05/2023,17:30
Rex Regum Qeon vs. Paper Rex,Champions Tour 2023: Pacific League,League Play,win,Paper Rex,Rex Regum Qeon,2,0,Pearl,1.24,232,20,12,11,+8,86%,142,27%,16/05/2023,17:30
Paper Rex vs. Gen.G,Champions Tour 2023: Pacific League,League Play,win,Paper Rex,Gen.G,2,0,Split,0.92,149,4,2,1,+2,75%,131,18%,12/05/2023,15:00
Paper Rex vs. Gen.G,Champions Tour 2023: Pacific League,League Play,win,Paper Rex,Gen.G,2,0,Ascent,1.32,166,7,4,2,+3,73%,125,18%,12/05/2023,15:00
ZETA DIVISION vs. Paper Rex,Champions Tour 2023: Pacific League,League Play,win,Paper Rex,ZETA DIVISION,2,0,Split,1.06,166,4,4,6,0,86%,106,10%,06/05/2023,17:30
ZETA DIVISION vs. Paper Rex,Champions Tour 2023: Pacific League,League Play,win,Paper Rex,ZETA DIVISION,2,0,Ascent,1.10,208,14,10,8,+4,72%,136,26%,06/05/2023,17:30
TALON vs. Paper Rex,Champions Tour 2023: Pacific League,League Play,win,Paper Rex,TALON,2,1,Pearl,0.62,125,3,9,10,-6,67%,78,10%,01/05/2023,17:00
TALON vs. Paper Rex,Champions Tour 2023: Pacific League,League Play,win,Paper Rex,TALON,2,1,Split,1.10,222,28,22,13,+6,83%,142,18%,01/05/2023,17:00
TALON vs. Paper Rex,Champions Tour 2023: Pacific League,League Play,win,Paper Rex,TALON,2,1,Fracture,1.51,311,15,6,1,+9,92%,185,18%,01/05/2023,17:00
Paper Rex vs. Global Esports,Champions Tour 2023: Pacific League,League Play,win,Paper Rex,Global Esports,2,1,Split,1.10,235,10,13,6,-3,60%,160,21%,22/04/2023,15:00
Paper Rex vs. Global Esports,Champions Tour 2023: Pacific League,League Play,win,Paper Rex,Global Esports,2,1,Pearl,1.74,355,8,5,2,+3,57%,241,22%,22/04/2023,15:00
Paper Rex vs. DRX,Champions Tour 2023: Pacific League,League Play,loss,Paper Rex,DRX,0,2,Ascent,0.79,176,5,10,7,-5,75%,120,20%,15/04/2023,16:00
Paper Rex vs. DRX,Champions Tour 2023: Pacific League,League Play,loss,Paper Rex,DRX,0,2,Split,1.22,226,17,15,9,+2,87%,144,21%,15/04/2023,16:00
T1 vs. Paper Rex,Champions Tour 2023: Pacific League,League Play,win,Paper Rex,T1,2,0,Pearl,0.59,110,1,3,1,-2,50%,104,13%,08/04/2023,18:10
T1 vs. Paper Rex,Champions Tour 2023: Pacific League,League Play,win,Paper Rex,T1,2,0,Fracture,1.16,170,7,6,2,+1,82%,119,8%,08/04/2023,18:10
Team Secret vs. Paper Rex,Champions Tour 2023: Pacific League,League Play,loss,Paper Rex,Team Secret,1,2,Haven,1.33,259,12,8,4,+4,75%,196,46%,02/04/2023,16:00
Team Secret vs. Paper Rex,Champions Tour 2023: Pacific League,League Play,loss,Paper Rex,Team Secret,1,2,Fracture,1.02,196,25,23,7,+2,69%,143,30%,02/04/2023,16:00
Team Secret vs. Paper Rex,Champions Tour 2023: Pacific League,League Play,loss,Paper Rex,Team Secret,1,2,Split,1.05,154,7,6,1,+1,83%,107,31%,02/04/2023,16:00
Paper Rex vs. DetonatioN FocusMe,Champions Tour 2023: Pacific League,League Play,win,Paper Rex,DetonatioN FocusMe,2,0,Pearl,0.89,166,7,8,4,-1,75%,105,23%,26/03/2023,16:00
Paper Rex vs. DetonatioN FocusMe,Champions Tour 2023: Pacific League,League Play,win,Paper Rex,DetonatioN FocusMe,2,0,Lotus,1.22,220,18,16,9,+2,67%,144,24%,26/03/2023,16:00
Cloud9 vs. Paper Rex,Champions Tour 2023: LOCK//IN São Paulo,Bracket Stage,loss,Paper Rex,Cloud9,0,2,Lotus,0.27,82,2,8,3,-6,56%,63,30%,15/02/2023,7:05
Cloud9 vs. Paper Rex,Champions Tour 2023: LOCK//IN São Paulo,Bracket Stage,loss,Paper Rex,Cloud9,0,2,Pearl,0.63,119,7,19,5,-12,57%,80,30%,15/02/2023,7:05
DetonatioN FocusMe vs. Paper Rex,Riot Games ONE Pro Invitational 2022,Main Event,win,Paper Rex,DetonatioN FocusMe,1,0,Ascent,1.25,254,8,7,6,+1,78%,152,32%,24/12/2022,12:35
ZETA DIVISION vs. Paper Rex,Riot Games ONE Pro Invitational 2022,Main Event,loss,Paper Rex,ZETA DIVISION,0,1,Breeze,0.27,69,1,5,1,-4,67%,73,13%,24/12/2022,11:20
Team Heretics vs. Paper Rex,Valorant India Invitational by Galaxy Racer,Playoffs,win,Paper Rex,Team Heretics,3,1,Bind,1.19,199,8,8,5,0,75%,110,41%,20/11/2022,13:30
Team Heretics vs. Paper Rex,Valorant India Invitational by Galaxy Racer,Playoffs,win,Paper Rex,Team Heretics,3,1,Fracture,1.18,239,35,31,15,+4,77%,151,35%,20/11/2022,13:30
Team Heretics vs. Paper Rex,Valorant India Invitational by Galaxy Racer,Playoffs,win,Paper Rex,Team Heretics,3,1,Breeze,1.08,290,7,7,0,0,86%,170,50%,20/11/2022,13:30
Team Heretics vs. Paper Rex,Valorant India Invitational by Galaxy Racer,Playoffs,win,Paper Rex,Team Heretics,3,1,Ascent,1.49,298,15,9,3,+6,75%,198,26%,20/11/2022,13:30
Paper Rex vs. Team Secret,Valorant India Invitational by Galaxy Racer,Playoffs,win,Paper Rex,Team Secret,2,1,Pearl,1.50,313,12,6,0,+6,80%,170,6%,19/11/2022,22:15
Paper Rex vs. Team Secret,Valorant India Invitational by Galaxy Racer,Playoffs,win,Paper Rex,Team Secret,2,1,Icebox,1.01,214,19,20,3,-1,69%,131,23%,19/11/2022,22:15
Paper Rex vs. Team Secret,Valorant India Invitational by Galaxy Racer,Playoffs,win,Paper Rex,Team Secret,2,1,Ascent,0.40,135,4,8,0,-4,44%,93,38%,19/11/2022,22:15
BOOM Esports vs. Paper Rex,Valorant India Invitational by Galaxy Racer,Group Stage,win,Paper Rex,BOOM Esports,1,0,Fracture,1.59,317,14,5,1,+9,100%,189,10%,19/11/2022,12:30
Paper Rex vs. BLEED,Valorant India Invitational by Galaxy Racer,Group Stage,loss,Paper Rex,BLEED,0,1,Bind,0.44,122,2,7,1,-5,57%,73,18%,19/11/2022,2:30
Paper Rex vs. Global Esports,Valorant India Invitational by Galaxy Racer,Group Stage,win,Paper Rex,Global Esports,1,0,Haven,0.27,147,3,7,1,-4,63%,112,13%,19/11/2022,1:00
Paper Rex vs. Team Liquid,Valorant Champions 2022,Group Stage,loss,Paper Rex,Team Liquid,1,2,Haven,1.27,223,12,7,6,+5,93%,143,24%,07/09/2022,21:00
Paper Rex vs. Team Liquid,Valorant Champions 2022,Group Stage,loss,Paper Rex,Team Liquid,1,2,Pearl,1.10,233,24,14,13,+10,89%,148,20%,07/09/2022,21:00
Paper Rex vs. Team Liquid,Valorant Champions 2022,Group Stage,loss,Paper Rex,Team Liquid,1,2,Ascent,2.04,274,6,1,2,+5,100%,151,24%,07/09/2022,21:00
Paper Rex vs. LEVIATÁN,Valorant Champions 2022,Group Stage,loss,Paper Rex,LEVIATÁN,0,2,Haven,1.20,225,7,7,1,0,56%,128,43%,02/09/2022,1:35
Paper Rex vs. LEVIATÁN,Valorant Champions 2022,Group Stage,loss,Paper Rex,LEVIATÁN,0,2,Bind,1.02,204,14,16,5,-2,67%,124,28%,02/09/2022,1:35
Paper Rex vs. EDward Gaming,Valorant Champions 2022,Group Stage,win,Paper Rex,EDward Gaming,2,1,Pearl,1.33,216,10,7,3,+3,75%,134,38%,31/08/2022,21:00
Paper Rex vs. EDward Gaming,Valorant Champions 2022,Group Stage,win,Paper Rex,EDward Gaming,2,1,Icebox,0.93,175,23,26,3,-3,53%,106,24%,31/08/2022,21:00
Paper Rex vs. EDward Gaming,Valorant Champions 2022,Group Stage,win,Paper Rex,EDward Gaming,2,1,Haven,0.77,219,8,11,0,-3,42%,138,25%,31/08/2022,21:00
Paper Rex vs. FunPlus Phoenix,Valorant Champions Tour Stage 2: Masters Copenhagen,Playoffs,loss,Paper Rex,FunPlus Phoenix,2,3,Bind,0.42,91,3,11,5,-8,67%,72,32%,24/07/2022,22:00
Paper Rex vs. FunPlus Phoenix,Valorant Champions Tour Stage 2: Masters Copenhagen,Playoffs,loss,Paper Rex,FunPlus Phoenix,2,3,Icebox,0.98,152,22,33,19,-11,70%,103,22%,24/07/2022,22:00
Paper Rex vs. FunPlus Phoenix,Valorant Champions Tour Stage 2: Masters Copenhagen,Playoffs,loss,Paper Rex,FunPlus Phoenix,2,3,Fracture,0.72,128,3,6,4,-3,50%,93,9%,24/07/2022,22:00
Paper Rex vs. FunPlus Phoenix,Valorant Champions Tour Stage 2: Masters Copenhagen,Playoffs,loss,Paper Rex,FunPlus Phoenix,2,3,Haven,0.55,181,4,7,1,-3,63%,124,21%,24/07/2022,22:00
Paper Rex vs. FunPlus Phoenix,Valorant Champions Tour Stage 2: Masters Copenhagen,Playoffs,loss,Paper Rex,FunPlus Phoenix,2,3,Breeze,1.04,179,4,4,6,0,75%,118,26%,24/07/2022,22:00
Paper Rex vs. OpTic Gaming,Valorant Champions Tour Stage 2: Masters Copenhagen,Playoffs,win,Paper Rex,OpTic Gaming,2,1,Haven,1.50,176,1,1,4,0,100%,120,44%,22/07/2022,22:00
Paper Rex vs. OpTic Gaming,Valorant Champions Tour Stage 2: Masters Copenhagen,Playoffs,win,Paper Rex,OpTic Gaming,2,1,Bind,1.20,201,19,12,12,+7,77%,133,24%,22/07/2022,22:00
Paper Rex vs. OpTic Gaming,Valorant Champions Tour Stage 2: Masters Copenhagen,Playoffs,win,Paper Rex,OpTic Gaming,2,1,Fracture,1.17,206,7,6,8,+1,60%,133,12%,22/07/2022,22:00
Paper Rex vs. FNATIC,Valorant Champions Tour Stage 2: Masters Copenhagen,Playoffs,win,Paper Rex,FNATIC,2,0,Ascent,0.73,161,6,9,6,-3,42%,91,16%,17/07/2022,22:00
Paper Rex vs. FNATIC,Valorant Champions Tour Stage 2: Masters Copenhagen,Playoffs,win,Paper Rex,FNATIC,2,0,Bind,0.97,147,11,15,12,-4,58%,80,19%,17/07/2022,22:00
Paper Rex vs. Guild Esports,Valorant Champions Tour Stage 2: Masters Copenhagen,Playoffs,win,Paper Rex,Guild Esports,2,0,Ascent,1.16,265,4,3,4,+1,80%,180,10%,14/07/2022,22:00
Paper Rex vs. Guild Esports,Valorant Champions Tour Stage 2: Masters Copenhagen,Playoffs,win,Paper Rex,Guild Esports,2,0,Fracture,1.28,261,16,11,9,+5,72%,171,23%,14/07/2022,22:00
Paper Rex vs. XERXIA Esports,Champions Tour Asia-Pacific Stage 2: Challengers Playoffs,Playoffs,win,Paper Rex,XERXIA Esports,3,0,Icebox,0.67,110,3,6,2,-3,67%,80,33%,26/06/2022,13:45
Paper Rex vs. XERXIA Esports,Champions Tour Asia-Pacific Stage 2: Challengers Playoffs,Playoffs,win,Paper Rex,XERXIA Esports,3,0,Fracture,1.07,173,16,13,7,+3,74%,115,29%,26/06/2022,13:45
Paper Rex vs. XERXIA Esports,Champions Tour Asia-Pacific Stage 2: Challengers Playoffs,Playoffs,win,Paper Rex,XERXIA Esports,3,0,Breeze,0.85,164,7,5,4,+2,75%,111,13%,26/06/2022,13:45
Paper Rex vs. Team Secret,Champions Tour Asia-Pacific Stage 2: Challengers Playoffs,Playoffs,win,Paper Rex,Team Secret,2,0,Ascent,1.62,307,9,4,4,+5,100%,215,36%,25/06/2022,16:30
Paper Rex vs. Team Secret,Champions Tour Asia-Pacific Stage 2: Challengers Playoffs,Playoffs,win,Paper Rex,Team Secret,2,0,Bind,1.43,279,11,5,6,+6,100%,192,40%,25/06/2022,16:30
Paper Rex vs. BLEED,Champions Tour Asia-Pacific Stage 2: Challengers Playoffs,Playoffs,win,Paper Rex,BLEED,2,1,Split,1.18,270,11,11,4,0,67%,170,41%,24/06/2022,10:00
Paper Rex vs. BLEED,Champions Tour Asia-Pacific Stage 2: Challengers Playoffs,Playoffs,win,Paper Rex,BLEED,2,1,Fracture,1.20,200,25,24,7,+1,71%,132,29%,24/06/2022,10:00
Paper Rex vs. BLEED,Champions Tour Asia-Pacific Stage 2: Challengers Playoffs,Playoffs,win,Paper Rex,BLEED,2,1,Ascent,1.37,187,9,6,1,+3,83%,129,25%,24/06/2022,10:00
Paper Rex vs. Alter Ego,Champions Tour Asia-Pacific Stage 2: Challengers Playoffs,Playoffs,win,Paper Rex,Alter Ego,2,1,Bind,0.79,234,8,9,0,-1,64%,156,36%,23/06/2022,10:00
Paper Rex vs. Alter Ego,Champions Tour Asia-Pacific Stage 2: Challengers Playoffs,Playoffs,win,Paper Rex,Alter Ego,2,1,Fracture,1.06,208,23,23,0,0,66%,132,28%,23/06/2022,10:00
Paper Rex vs. Alter Ego,Champions Tour Asia-Pacific Stage 2: Challengers Playoffs,Playoffs,win,Paper Rex,Alter Ego,2,1,Icebox,0.81,240,11,11,0,0,62%,133,21%,23/06/2022,10:00
Paper Rex vs. ORDER,Champions Tour Asia-Pacific Stage 2: Challengers Playoffs,Group Stage,win,Paper Rex,ORDER,2,0,Haven,1.26,196,7,4,1,+3,67%,116,18%,19/06/2022,10:00
Paper Rex vs. ORDER,Champions Tour Asia-Pacific Stage 2: Challengers Playoffs,Group Stage,win,Paper Rex,ORDER,2,0,Bind,0.90,171,10,8,4,+2,69%,116,18%,19/06/2022,10:00
Paper Rex vs. BOOM Esports,Champions Tour Asia-Pacific Stage 2: Challengers Playoffs,Group Stage,win,Paper Rex,BOOM Esports,2,0,Haven,1.92,313,11,3,7,+8,89%,178,17%,16/06/2022,14:25
Paper Rex vs. BOOM Esports,Champions Tour Asia-Pacific Stage 2: Challengers Playoffs,Group Stage,win,Paper Rex,BOOM Esports,2,0,Fracture,1.01,231,19,10,7,+9,76%,139,20%,16/06/2022,14:25
LaZe vs. Paper Rex,Champions Tour Malaysia & Singapore Stage 2: Challengers,Playoffs,win,Paper Rex,LaZe,3,0,Fracture,2.40,439,13,1,1,+12,100%,281,23%,29/05/2022,11:30
LaZe vs. Paper Rex,Champions Tour Malaysia & Singapore Stage 2: Challengers,Playoffs,win,Paper Rex,LaZe,3,0,Haven,1.32,255,28,13,6,+15,83%,176,20%,29/05/2022,11:30
LaZe vs. Paper Rex,Champions Tour Malaysia & Singapore Stage 2: Challengers,Playoffs,win,Paper Rex,LaZe,3,0,Ascent,1.15,187,9,5,3,+4,83%,133,13%,29/05/2022,11:30
Paper Rex vs. BLEED,Champions Tour Malaysia & Singapore Stage 2: Challengers,Playoffs,win,Paper Rex,BLEED,2,0,Ascent,2.32,425,20,4,7,+16,100%,255,25%,28/05/2022,17:20
Paper Rex vs. BLEED,Champions Tour Malaysia & Singapore Stage 2: Challengers,Playoffs,win,Paper Rex,BLEED,2,0,Fracture,1.49,370,34,14,10,+20,96%,222,26%,28/05/2022,17:20
Paper Rex vs. LaZe,Champions Tour Malaysia & Singapore Stage 2: Challengers,Playoffs,loss,Paper Rex,LaZe,1,2,Ascent,1.39,230,8,7,8,+1,83%,157,19%,28/05/2022,11:30
Paper Rex vs. LaZe,Champions Tour Malaysia & Singapore Stage 2: Challengers,Playoffs,loss,Paper Rex,LaZe,1,2,Icebox,1.28,242,25,19,17,+6,83%,157,19%,28/05/2022,11:30
Paper Rex vs. LaZe,Champions Tour Malaysia & Singapore Stage 2: Challengers,Playoffs,loss,Paper Rex,LaZe,1,2,Split,0.93,190,6,6,5,0,88%,115,11%,28/05/2022,11:30
Paper Rex vs. No Namers,Champions Tour Malaysia & Singapore Stage 2: Challengers,Playoffs,win,Paper Rex,No Namers,2,0,Fracture,1.20,181,9,5,1,+4,83%,113,14%,27/05/2022,9:30
Paper Rex vs. No Namers,Champions Tour Malaysia & Singapore Stage 2: Challengers,Playoffs,win,Paper Rex,No Namers,2,0,Bind,1.33,188,11,6,1,+5,86%,119,25%,27/05/2022,9:30
Paper Rex vs. Blitz Esports,Champions Tour Malaysia & Singapore Stage 2: Challengers,Group Stage,win,Paper Rex,Blitz Esports,2,0,Haven,1.25,186,9,6,8,+3,83%,143,35%,22/05/2022,11:55
Paper Rex vs. Blitz Esports,Champions Tour Malaysia & Singapore Stage 2: Challengers,Group Stage,win,Paper Rex,Blitz Esports,2,0,Breeze,1.15,172,14,13,8,+1,67%,132,27%,22/05/2022,11:55
Paper Rex vs. Todak,Champions Tour Malaysia & Singapore Stage 2: Challengers,Group Stage,win,Paper Rex,Todak,2,0,Bind,1.87,254,13,4,2,+9,75%,157,36%,21/05/2022,11:35
Paper Rex vs. Todak,Champions Tour Malaysia & Singapore Stage 2: Challengers,Group Stage,win,Paper Rex,Todak,2,0,Split,1.64,240,19,6,4,+13,83%,148,30%,21/05/2022,11:35
Paper Rex vs. KPMOONIIBLM9,Champions Tour Malaysia & Singapore Stage 2: Challengers,Group Stage,win,Paper Rex,KPMOONIIBLM9,2,0,Breeze,1.06,197,4,5,7,-1,86%,115,16%,20/05/2022,13:00
Paper Rex vs. KPMOONIIBLM9,Champions Tour Malaysia & Singapore Stage 2: Challengers,Group Stage,win,Paper Rex,KPMOONIIBLM9,2,0,Icebox,1.29,285,14,8,8,+6,77%,200,28%,20/05/2022,13:00
Paper Rex vs. Avium Esports,Champions Tour Malaysia & Singapore Stage 2: Challengers,Group Stage,win,Paper Rex,Avium Esports,2,0,Ascent,1.23,216,9,5,4,+4,83%,138,21%,19/05/2022,16:20
Paper Rex vs. Avium Esports,Champions Tour Malaysia & Singapore Stage 2: Challengers,Group Stage,win,Paper Rex,Avium Esports,2,0,Icebox,1.50,230,16,9,4,+7,79%,151,30%,19/05/2022,16:20
Paper Rex vs. Galaxy Esports,Champions Tour Malaysia & Singapore Stage 2: Challengers,Group Stage,win,Paper Rex,Galaxy Esports,2,0,Bind,1.78,358,14,6,9,+8,92%,244,32%,15/05/2022,9:30
Paper Rex vs. Galaxy Esports,Champions Tour Malaysia & Singapore Stage 2: Challengers,Group Stage,win,Paper Rex,Galaxy Esports,2,0,Icebox,1.59,285,15,9,9,+6,81%,193,33%,15/05/2022,9:30
Paper Rex vs. BLEED,Champions Tour Malaysia & Singapore Stage 2: Challengers,Group Stage,win,Paper Rex,BLEED,2,1,Icebox,0.60,174,6,5,0,+1,75%,90,19%,14/05/2022,15:05
Paper Rex vs. BLEED,Champions Tour Malaysia & Singapore Stage 2: Challengers,Group Stage,win,Paper Rex,BLEED,2,1,Bind,1.09,170,15,16,3,-1,75%,104,23%,14/05/2022,15:05
Paper Rex vs. BLEED,Champions Tour Malaysia & Singapore Stage 2: Challengers,Group Stage,win,Paper Rex,BLEED,2,1,Breeze,0.31,73,0,3,1,-3,50%,58,33%,14/05/2022,15:05
Paper Rex vs. LaZe,Champions Tour Malaysia & Singapore Stage 2: Challengers,Group Stage,win,Paper Rex,LaZe,2,0,Fracture,1.29,292,14,10,7,+4,92%,182,33%,13/05/2022,13:00
Paper Rex vs. LaZe,Champions Tour Malaysia & Singapore Stage 2: Challengers,Group Stage,win,Paper Rex,LaZe,2,0,Split,1.10,284,17,12,8,+5,93%,184,37%,13/05/2022,13:00
ZETA DIVISION vs. Paper Rex,Valorant Champions Tour Stage 1: Masters Reykjavík,Playoffs,loss,Paper Rex,ZETA DIVISION,1,2,Icebox,1.47,310,7,4,1,+3,100%,204,32%,23/04/2022,3:25
ZETA DIVISION vs. Paper Rex,Valorant Champions Tour Stage 1: Masters Reykjavík,Playoffs,loss,Paper Rex,ZETA DIVISION,1,2,Haven,1.05,251,18,14,6,+4,81%,158,33%,23/04/2022,3:25
ZETA DIVISION vs. Paper Rex,Valorant Champions Tour Stage 1: Masters Reykjavík,Playoffs,loss,Paper Rex,ZETA DIVISION,1,2,Split,0.21,76,1,3,0,-2,33%,37,0%,23/04/2022,3:25
G2 Esports vs. Paper Rex,Valorant Champions Tour Stage 1: Masters Reykjavík,Playoffs,win,Paper Rex,G2 Esports,2,0,Split,0.95,233,10,7,4,+3,73%,142,34%,19/04/2022,4:00
G2 Esports vs. Paper Rex,Valorant Champions Tour Stage 1: Masters Reykjavík,Playoffs,win,Paper Rex,G2 Esports,2,0,Bind,0.86,180,13,12,5,+1,68%,109,32%,19/04/2022,4:00
Paper Rex vs. The Guard,Valorant Champions Tour Stage 1: Masters Reykjavík,Playoffs,win,Paper Rex,The Guard,2,0,Haven,0.91,137,5,7,4,-2,73%,88,27%,17/04/2022,3:30
Paper Rex vs. The Guard,Valorant Champions Tour Stage 1: Masters Reykjavík,Playoffs,win,Paper Rex,The Guard,2,0,Split,0.82,218,14,13,14,+1,75%,143,22%,17/04/2022,3:30
Paper Rex vs. DRX,Valorant Champions Tour Stage 1: Masters Reykjavík,Playoffs,loss,Paper Rex,DRX,1,2,Haven,1.42,249,9,5,4,+4,73%,168,50%,16/04/2022,12:00
Paper Rex vs. DRX,Valorant Champions Tour Stage 1: Masters Reykjavík,Playoffs,loss,Paper Rex,DRX,1,2,Bind,0.98,217,26,25,7,+1,66%,144,32%,16/04/2022,12:00
Paper Rex vs. DRX,Valorant Champions Tour Stage 1: Masters Reykjavík,Playoffs,loss,Paper Rex,DRX,1,2,Ascent,0.69,164,7,10,2,-3,58%,104,23%,16/04/2022,12:00
Paper Rex vs. XERXIA Esports,Champions Tour Asia-Pacific Stage 1: Challengers Playoffs,Knockouts,win,Paper Rex,XERXIA Esports,3,2,Fracture,2.11,328,15,4,3,+11,92%,212,29%,27/03/2022,14:30
Paper Rex vs. XERXIA Esports,Champions Tour Asia-Pacific Stage 1: Challengers Playoffs,Knockouts,win,Paper Rex,XERXIA Esports,3,2,Split,1.22,250,48,32,14,+16,81%,160,23%,27/03/2022,14:30
Paper Rex vs. XERXIA Esports,Champions Tour Asia-Pacific Stage 1: Challengers Playoffs,Knockouts,win,Paper Rex,XERXIA Esports,3,2,Icebox,1.66,327,11,7,2,+4,89%,196,27%,27/03/2022,14:30
Paper Rex vs. XERXIA Esports,Champions Tour Asia-Pacific Stage 1: Challengers Playoffs,Knockouts,win,Paper Rex,XERXIA Esports,3,2,Breeze,0.89,180,4,5,3,-1,86%,125,20%,27/03/2022,14:30
Paper Rex vs. XERXIA Esports,Champions Tour Asia-Pacific Stage 1: Challengers Playoffs,Knockouts,win,Paper Rex,XERXIA Esports,3,2,Haven,1.08,199,9,7,2,+2,75%,133,24%,27/03/2022,14:30
BLEED vs. Paper Rex,Champions Tour Asia-Pacific Stage 1: Challengers Playoffs,Knockouts,win,Paper Rex,BLEED,2,0,Icebox,0.18,91,4,14,1,-10,36%,69,20%,26/03/2022,15:10
BLEED vs. Paper Rex,Champions Tour Asia-Pacific Stage 1: Challengers Playoffs,Knockouts,win,Paper Rex,BLEED,2,0,Split,0.89,120,7,18,2,-11,53%,82,27%,26/03/2022,15:10
XERXIA Esports vs. Paper Rex,Champions Tour Asia-Pacific Stage 1: Challengers Playoffs,Knockouts,win,Paper Rex,XERXIA Esports,2,0,Bind,0.50,134,5,10,4,-5,58%,87,17%,25/03/2022,13:30
XERXIA Esports vs. Paper Rex,Champions Tour Asia-Pacific Stage 1: Challengers Playoffs,Knockouts,win,Paper Rex,XERXIA Esports,2,0,Haven,0.89,194,15,19,5,-4,58%,123,14%,25/03/2022,13:30
Paper Rex vs. South Built Esports,Champions Tour Asia-Pacific Stage 1: Challengers Playoffs,Knockouts,win,Paper Rex,South Built Esports,2,0,Haven,0.90,181,9,9,1,0,75%,142,50%,24/03/2022,19:30
Paper Rex vs. South Built Esports,Champions Tour Asia-Pacific Stage 1: Challengers Playoffs,Knockouts,win,Paper Rex,South Built Esports,2,0,Split,1.01,138,10,11,2,-1,75%,109,40%,24/03/2022,19:30
Paper Rex vs. Persija Esports,Champions Tour Asia-Pacific Stage 1: Challengers Playoffs,Group Stage,win,Paper Rex,Persija Esports,2,1,Fracture,0.68,125,7,8,0,-1,58%,80,21%,19/03/2022,13:20
Paper Rex vs. Persija Esports,Champions Tour Asia-Pacific Stage 1: Challengers Playoffs,Group Stage,win,Paper Rex,Persija Esports,2,1,Breeze,1.02,153,16,24,9,-8,55%,103,32%,19/03/2022,13:20
Paper Rex vs. Persija Esports,Champions Tour Asia-Pacific Stage 1: Challengers Playoffs,Group Stage,win,Paper Rex,Persija Esports,2,1,Icebox,0.87,215,8,11,6,-3,54%,141,43%,19/03/2022,13:20
Paper Rex vs. Fancy United Esports,Champions Tour Asia-Pacific Stage 1: Challengers Playoffs,Group Stage,win,Paper Rex,Fancy United Esports,2,0,Haven,0.84,173,6,8,3,-2,58%,133,25%,17/03/2022,12:30
Paper Rex vs. Fancy United Esports,Champions Tour Asia-Pacific Stage 1: Challengers Playoffs,Group Stage,win,Paper Rex,Fancy United Esports,2,0,Icebox,1.08,185,12,17,4,-5,59%,138,31%,17/03/2022,12:30
Paper Rex vs. BLEED,Champions Tour Malaysia & Singapore Stage 1: Challengers,Playoffs,win,Paper Rex,BLEED,3,0,Haven,1.07,187,9,6,3,+3,92%,169,31%,27/02/2022,13:00
Paper Rex vs. BLEED,Champions Tour Malaysia & Singapore Stage 1: Challengers,Playoffs,win,Paper Rex,BLEED,3,0,Fracture,1.03,220,33,23,8,+10,83%,171,22%,27/02/2022,13:00
Paper Rex vs. BLEED,Champions Tour Malaysia & Singapore Stage 1: Challengers,Playoffs,win,Paper Rex,BLEED,3,0,Ascent,1.19,249,15,11,3,+4,76%,182,7%,27/02/2022,13:00
Paper Rex vs. No Namers,Champions Tour Malaysia & Singapore Stage 1: Challengers,Playoffs,win,Paper Rex,No Namers,2,0,Icebox,0.49,143,6,11,1,-5,75%,116,24%,26/02/2022,15:30
Paper Rex vs. No Namers,Champions Tour Malaysia & Singapore Stage 1: Challengers,Playoffs,win,Paper Rex,No Namers,2,0,Split,0.65,126,8,17,3,-9,65%,100,24%,26/02/2022,15:30
Paper Rex vs. KPMOONIIBLM9,Champions Tour Malaysia & Singapore Stage 1: Challengers,Playoffs,win,Paper Rex,KPMOONIIBLM9,2,0,Breeze,0.30,93,2,5,0,-3,50%,52,50%,25/02/2022,16:15
Paper Rex vs. KPMOONIIBLM9,Champions Tour Malaysia & Singapore Stage 1: Challengers,Playoffs,win,Paper Rex,KPMOONIIBLM9,2,0,Ascent,1.32,235,16,11,4,+5,67%,147,24%,25/02/2022,16:15
Paper Rex vs. Madness Esports,Champions Tour Malaysia & Singapore Stage 1: Challengers,Playoffs,win,Paper Rex,Madness Esports,2,0,Icebox,0.99,158,5,4,6,+1,71%,81,30%,24/02/2022,13:30
Paper Rex vs. Madness Esports,Champions Tour Malaysia & Singapore Stage 1: Challengers,Playoffs,win,Paper Rex,Madness Esports,2,0,Haven,1.09,202,14,11,9,+3,79%,133,29%,24/02/2022,13:30
Paper Rex vs. Todak,Champions Tour Malaysia & Singapore Stage 1: Challengers,Group Stage,win,Paper Rex,Todak,2,0,Haven,0.66,112,5,7,2,-2,75%,58,0%,18/02/2022,18:55
Paper Rex vs. Todak,Champions Tour Malaysia & Singapore Stage 1: Challengers,Group Stage,win,Paper Rex,Todak,2,0,Ascent,1.16,191,19,12,4,+7,88%,116,13%,18/02/2022,18:55
Paper Rex vs. You Guys Get Paid?,Champions Tour Malaysia & Singapore Stage 1: Challengers,Group Stage,win,Paper Rex,You Guys Get Paid?,2,0,Split,0.47,25,0,1,1,-1,100%,25,0%,10/02/2022,16:30
Paper Rex vs. You Guys Get Paid?,Champions Tour Malaysia & Singapore Stage 1: Challengers,Group Stage,win,Paper Rex,You Guys Get Paid?,2,0,Haven,1.37,219,11,4,6,+7,93%,147,41%,10/02/2022,16:30
Paper Rex vs. Louvre,The Esports Club Showdown,Main Event,win,Paper Rex,Louvre,3,0,Split,1.22,275,9,7,1,+2,78%,195,30%,30/11/2021,17:30
Paper Rex vs. Louvre,The Esports Club Showdown,Main Event,win,Paper Rex,Louvre,3,0,Haven,1.18,214,20,12,6,+8,83%,143,20%,30/11/2021,17:30
Paper Rex vs. Louvre,The Esports Club Showdown,Main Event,win,Paper Rex,Louvre,3,0,Icebox,2.10,371,5,1,0,+4,100%,206,4%,30/11/2021,17:30
Paper Rex vs. Alter Ego,The Esports Club Showdown,Main Event,win,Paper Rex,Alter Ego,2,0,Fracture,1.25,179,3,2,0,+1,100%,130,33%,25/11/2021,18:30
Paper Rex vs. Louvre,The Esports Club Showdown,Main Event,win,Paper Rex,Louvre,2,0,Split,1.52,249,14,4,4,+10,100%,180,24%,22/11/2021,18:30
Paper Rex vs. Louvre,The Esports Club Showdown,Main Event,win,Paper Rex,Louvre,2,0,Icebox,0.92,217,21,12,8,+9,93%,161,26%,22/11/2021,18:30
BOOM Esports vs. Paper Rex,Royal SEA Challenge,Playoffs,loss,Paper Rex,BOOM Esports,0,2,Icebox,1.24,313,10,10,3,0,70%,235,36%,19/11/2021,20:50
BOOM Esports vs. Paper Rex,Royal SEA Challenge,Playoffs,loss,Paper Rex,BOOM Esports,0,2,Ascent,0.99,238,16,21,8,-5,64%,176,39%,19/11/2021,20:50
Sharper Esport vs. Paper Rex,Royal SEA Challenge,Playoffs,win,Paper Rex,Sharper Esport,2,1,Bind,0.99,117,3,3,1,0,75%,99,19%,19/11/2021,14:10
Sharper Esport vs. Paper Rex,Royal SEA Challenge,Playoffs,win,Paper Rex,Sharper Esport,2,1,Ascent,0.71,171,19,16,4,+3,73%,125,25%,19/11/2021,14:10
Sharper Esport vs. Paper Rex,Royal SEA Challenge,Playoffs,win,Paper Rex,Sharper Esport,2,1,Split,0.77,166,6,9,2,-3,62%,124,35%,19/11/2021,14:10
Paper Rex vs. Team Exploit,The Esports Club Showdown,Main Event,win,Paper Rex,Team Exploit,2,0,Icebox,1.24,121,8,2,5,+6,93%,82,29%,18/11/2021,14:50
Paper Rex vs. Bren Esports,Royal SEA Challenge,Group Stage,win,Paper Rex,Bren Esports,2,0,Haven,1.28,182,9,5,6,+4,75%,124,28%,17/11/2021,16:20
Paper Rex vs. Bren Esports,Royal SEA Challenge,Group Stage,win,Paper Rex,Bren Esports,2,0,Split,0.84,180,14,13,10,+1,74%,124,27%,17/11/2021,16:20
Paper Rex vs. BLEED,Royal SEA Challenge,Group Stage,win,Paper Rex,BLEED,2,0,Split,0.96,229,4,3,1,+1,100%,136,28%,16/11/2021,16:00
Paper Rex vs. BLEED,Royal SEA Challenge,Group Stage,win,Paper Rex,BLEED,2,0,Haven,1.28,239,17,9,4,+8,94%,159,33%,16/11/2021,16:00
Paper Rex vs. Team Big BAAM,Royal SEA Challenge,Group Stage,win,Paper Rex,Team Big BAAM,2,0,Bind,0.97,150,6,7,6,-1,67%,117,47%,15/11/2021,16:00
Paper Rex vs. Team Big BAAM,Royal SEA Challenge,Group Stage,win,Paper Rex,Team Big BAAM,2,0,Icebox,0.90,155,10,13,9,-3,62%,123,29%,15/11/2021,16:00
Paper Rex vs. South Built Esports,Royal SEA Challenge,Group Stage,draw,Paper Rex,South Built Esports,1,1,Split,0.99,227,10,9,5,+1,92%,148,45%,14/11/2021,16:00
Paper Rex vs. South Built Esports,Royal SEA Challenge,Group Stage,draw,Paper Rex,South Built Esports,1,1,Icebox,0.74,182,18,16,8,+2,88%,124,33%,14/11/2021,16:00
Paper Rex vs. DAMWON Gaming,Champions Tour Asia-Pacific: Last Chance Qualifier,Main Event,loss,Paper Rex,DAMWON Gaming,1,2,Bind,0.50,117,4,11,4,-7,75%,100,29%,15/10/2021,17:15
Paper Rex vs. DAMWON Gaming,Champions Tour Asia-Pacific: Last Chance Qualifier,Main Event,loss,Paper Rex,DAMWON Gaming,1,2,Breeze,1.16,204,25,24,8,+1,75%,146,25%,15/10/2021,17:15
Paper Rex vs. DAMWON Gaming,Champions Tour Asia-Pacific: Last Chance Qualifier,Main Event,loss,Paper Rex,DAMWON Gaming,1,2,Ascent,1.50,263,12,5,1,+7,75%,171,26%,15/10/2021,17:15
Paper Rex vs. NORTHEPTION,Champions Tour Asia-Pacific: Last Chance Qualifier,Main Event,loss,Paper Rex,NORTHEPTION,0,2,Icebox,1.07,280,13,10,2,+3,85%,166,32%,14/10/2021,14:00
Paper Rex vs. NORTHEPTION,Champions Tour Asia-Pacific: Last Chance Qualifier,Main Event,loss,Paper Rex,NORTHEPTION,0,2,Ascent,1.05,253,20,20,7,0,76%,169,23%,14/10/2021,14:00
Paper Rex vs. Global Esports,Champions Tour Asia-Pacific: Last Chance Qualifier,Main Event,win,Paper Rex,Global Esports,2,0,Icebox,0.92,156,8,8,1,0,83%,128,25%,12/10/2021,20:30
Paper Rex vs. Global Esports,Champions Tour Asia-Pacific: Last Chance Qualifier,Main Event,win,Paper Rex,Global Esports,2,0,Split,1.13,201,19,13,7,+6,88%,153,37%,12/10/2021,20:30
Paper Rex vs. BLEED,KJC eSports VALORANT Invitational,Playoffs,win,Paper Rex,BLEED,3,0,Bind,1.37,218,11,6,3,+5,92%,124,33%,10/10/2021,16:00
Paper Rex vs. BLEED,KJC eSports VALORANT Invitational,Playoffs,win,Paper Rex,BLEED,3,0,Icebox,1.41,217,23,15,7,+8,81%,136,33%,10/10/2021,16:00
Paper Rex vs. BLEED,KJC eSports VALORANT Invitational,Playoffs,win,Paper Rex,BLEED,3,0,Ascent,1.63,227,3,1,0,+2,100%,142,20%,10/10/2021,16:00
BLEED vs. Paper Rex,KJC eSports VALORANT Invitational,Playoffs,win,Paper Rex,BLEED,2,1,Ascent,1.36,279,12,8,6,+4,92%,181,20%,09/10/2021,16:00
BLEED vs. Paper Rex,KJC eSports VALORANT Invitational,Playoffs,win,Paper Rex,BLEED,2,1,Bind,1.19,243,26,20,12,+6,83%,155,18%,09/10/2021,16:00
BLEED vs. Paper Rex,KJC eSports VALORANT Invitational,Playoffs,win,Paper Rex,BLEED,2,1,Breeze,1.15,230,11,10,6,+1,79%,138,15%,09/10/2021,16:00
Paper Rex vs. Louvre,KJC eSports VALORANT Invitational,Playoffs,win,Paper Rex,Louvre,2,0,Ascent,1.61,329,14,7,6,+7,92%,229,37%,08/10/2021,16:35
Paper Rex vs. Louvre,KJC eSports VALORANT Invitational,Playoffs,win,Paper Rex,Louvre,2,0,Bind,1.17,236,19,16,13,+3,88%,168,28%,08/10/2021,16:35
Paper Rex vs. Foxy Araikordai,KJC eSports VALORANT Invitational,Playoffs,win,Paper Rex,Foxy Araikordai,2,0,Ascent,0.89,195,8,9,3,-1,62%,138,16%,07/10/2021,15:30
Paper Rex vs. Foxy Araikordai,KJC eSports VALORANT Invitational,Playoffs,win,Paper Rex,Foxy Araikordai,2,0,Split,1.25,240,17,13,5,+4,71%,172,24%,07/10/2021,15:30
Paper Rex vs. Papara SuperMassive,Valorant Champions Tour Stage 3: Masters Berlin,Group Stage,loss,Paper Rex,Papara SuperMassive,1,2,Haven,1.24,210,10,6,3,+4,69%,133,24%,15/09/2021,20:00
Paper Rex vs. Papara SuperMassive,Valorant Champions Tour Stage 3: Masters Berlin,Group Stage,loss,Paper Rex,Papara SuperMassive,1,2,Breeze,0.94,165,15,18,6,-3,64%,115,19%,15/09/2021,20:00
Vision Strikers vs. Paper Rex,Valorant Champions Tour Stage 3: Masters Berlin,Group Stage,loss,Paper Rex,Vision Strikers,0,2,Haven,0.75,192,7,10,2,-3,50%,125,25%,11/09/2021,20:00
Vision Strikers vs. Paper Rex,Valorant Champions Tour Stage 3: Masters Berlin,Group Stage,loss,Paper Rex,Vision Strikers,0,2,Icebox,0.88,180,13,20,3,-7,63%,131,28%,11/09/2021,20:00
Paper Rex vs. Bren Esports,Champions Tour SEA Stage 3: Challengers Playoffs,Playoffs,loss,Paper Rex,Bren Esports,0,3,Bind,1.13,228,13,10,4,+3,60%,137,23%,22/08/2021,14:05
Paper Rex vs. Bren Esports,Champions Tour SEA Stage 3: Challengers Playoffs,Playoffs,loss,Paper Rex,Bren Esports,0,3,Split,0.89,234,32,29,8,+3,63%,152,22%,22/08/2021,14:05
Paper Rex vs. Bren Esports,Champions Tour SEA Stage 3: Challengers Playoffs,Playoffs,loss,Paper Rex,Bren Esports,0,3,Icebox,1.27,308,13,9,2,+4,69%,200,20%,22/08/2021,14:05
Bren Esports vs. Paper Rex,Champions Tour SEA Stage 3: Challengers Playoffs,Playoffs,win,Paper Rex,Bren Esports,2,1,Icebox,1.10,191,8,7,3,+1,50%,136,21%,21/08/2021,14:30
Bren Esports vs. Paper Rex,Champions Tour SEA Stage 3: Challengers Playoffs,Playoffs,win,Paper Rex,Bren Esports,2,1,Breeze,0.96,168,13,15,5,-2,48%,117,19%,21/08/2021,14:30
Bren Esports vs. Paper Rex,Champions Tour SEA Stage 3: Challengers Playoffs,Playoffs,win,Paper Rex,Bren Esports,2,1,Ascent,0.66,166,5,7,1,-2,44%,117,16%,21/08/2021,14:30
BOOM Esports vs. Paper Rex,Champions Tour SEA Stage 3: Challengers Playoffs,Playoffs,win,Paper Rex,BOOM Esports,2,0,Bind,0.97,179,7,7,3,0,75%,113,15%,20/08/2021,12:20
BOOM Esports vs. Paper Rex,Champions Tour SEA Stage 3: Challengers Playoffs,Playoffs,win,Paper Rex,BOOM Esports,2,0,Icebox,1.05,258,23,13,5,+10,88%,164,17%,20/08/2021,12:20
Paper Rex vs. CBT Gaming,Champions Tour SEA Stage 3: Challengers Playoffs,Playoffs,win,Paper Rex,CBT Gaming,2,0,Split,1.05,299,26,10,7,+16,83%,185,31%,19/08/2021,17:30
ONIC G vs. Paper Rex,Champions Tour SEA Stage 3: Challengers Playoffs,Group Stage,win,Paper Rex,ONIC G,2,0,Breeze,1.48,329,17,7,4,+10,92%,188,24%,16/08/2021,10:00
ONIC G vs. Paper Rex,Champions Tour SEA Stage 3: Challengers Playoffs,Group Stage,win,Paper Rex,ONIC G,2,0,Icebox,1.25,274,21,9,6,+12,94%,148,20%,16/08/2021,10:00
FULL SENSE vs. Paper Rex,Champions Tour SEA Stage 3: Challengers Playoffs,Group Stage,draw,Paper Rex,FULL SENSE,1,1,Split,0.77,223,8,9,3,-1,73%,129,22%,14/08/2021,20:35
FULL SENSE vs. Paper Rex,Champions Tour SEA Stage 3: Challengers Playoffs,Group Stage,draw,Paper Rex,FULL SENSE,1,1,Ascent,1.00,219,18,15,6,+3,83%,131,20%,14/08/2021,20:35
Five Ace Esports vs. Paper Rex,Champions Tour SEA Stage 3: Challengers Playoffs,Group Stage,win,Paper Rex,Five Ace Esports,2,0,Icebox,1.08,235,10,9,3,+1,83%,140,5%,13/08/2021,17:00
Five Ace Esports vs. Paper Rex,Champions Tour SEA Stage 3: Challengers Playoffs,Group Stage,win,Paper Rex,Five Ace Esports,2,0,Split,1.50,295,24,13,4,+11,91%,163,9%,13/08/2021,17:00
Paper Rex vs. Kingsmen,Champions Tour Malaysia & Singapore Stage 3: Challengers 3,Main Event,win,Paper Rex,Kingsmen,3,0,Haven,1.46,293,14,7,0,+7,83%,178,42%,08/08/2021,13:00
Paper Rex vs. Kingsmen,Champions Tour Malaysia & Singapore Stage 3: Challengers 3,Main Event,win,Paper Rex,Kingsmen,3,0,Icebox,1.28,302,34,15,6,+19,90%,185,28%,08/08/2021,13:00
Paper Rex vs. Kingsmen,Champions Tour Malaysia & Singapore Stage 3: Challengers 3,Main Event,win,Paper Rex,Kingsmen,3,0,Breeze,1.64,257,6,2,3,+4,100%,113,23%,08/08/2021,13:00
Paper Rex vs. Louvre,Champions Tour Malaysia & Singapore Stage 3: Challengers 3,Main Event,win,Paper Rex,Louvre,2,0,Breeze,0.57,136,4,7,2,-3,60%,79,5%,07/08/2021,15:40
Paper Rex vs. Louvre,Champions Tour Malaysia & Singapore Stage 3: Challengers 3,Main Event,win,Paper Rex,Louvre,2,0,Haven,0.86,196,13,16,10,-3,73%,146,21%,07/08/2021,15:40
Paper Rex vs. Looking For Org,Champions Tour Malaysia & Singapore Stage 3: Challengers 3,Main Event,win,Paper Rex,Looking For Org,2,1,Icebox,0.85,119,5,3,1,+2,63%,50,0%,07/08/2021,9:00
Paper Rex vs. Looking For Org,Champions Tour Malaysia & Singapore Stage 3: Challengers 3,Main Event,win,Paper Rex,Looking For Org,2,1,Split,1.31,280,32,21,5,+11,75%,165,17%,07/08/2021,9:00
Paper Rex vs. Looking For Org,Champions Tour Malaysia & Singapore Stage 3: Challengers 3,Main Event,win,Paper Rex,Looking For Org,2,1,Ascent,1.69,390,16,9,3,+7,100%,221,17%,07/08/2021,9:00
Paper Rex vs. Origin Sky,Champions Tour Malaysia & Singapore Stage 3: Challengers 3,Main Event,win,Paper Rex,Origin Sky,2,0,Icebox,0.79,162,4,4,0,0,57%,90,17%,06/08/2021,9:00
Paper Rex vs. Origin Sky,Champions Tour Malaysia & Singapore Stage 3: Challengers 3,Main Event,win,Paper Rex,Origin Sky,2,0,Ascent,1.31,245,17,10,1,+7,68%,162,26%,06/08/2021,9:00
Paper Rex vs. UwU,Champions Tour Malaysia & Singapore Stage 3: Challengers 2,Main Event,loss,Paper Rex,UwU,1,3,Haven,0.94,184,8,9,1,-1,75%,118,47%,25/07/2021,12:00
Paper Rex vs. UwU,Champions Tour Malaysia & Singapore Stage 3: Challengers 2,Main Event,loss,Paper Rex,UwU,1,3,Breeze,0.92,176,30,36,13,-6,70%,110,35%,25/07/2021,12:00
Paper Rex vs. UwU,Champions Tour Malaysia & Singapore Stage 3: Challengers 2,Main Event,loss,Paper Rex,UwU,1,3,Split,0.70,140,6,9,5,-3,83%,77,12%,25/07/2021,12:00
Paper Rex vs. UwU,Champions Tour Malaysia & Singapore Stage 3: Challengers 2,Main Event,loss,Paper Rex,UwU,1,3,Ascent,1.14,249,10,7,4,+3,75%,162,30%,25/07/2021,12:00
Paper Rex vs. UwU,Champions Tour Malaysia & Singapore Stage 3: Challengers 2,Main Event,win,Paper Rex,UwU,2,0,Ascent,1.08,216,9,6,3,+3,83%,152,29%,24/07/2021,15:40
Paper Rex vs. UwU,Champions Tour Malaysia & Singapore Stage 3: Challengers 2,Main Event,win,Paper Rex,UwU,2,0,Icebox,1.18,213,17,11,11,+6,83%,149,25%,24/07/2021,15:40
Paper Rex vs. Kingsmen,Champions Tour Malaysia & Singapore Stage 3: Challengers 2,Main Event,win,Paper Rex,Kingsmen,2,0,Ascent,1.82,290,15,5,1,+10,83%,186,41%,24/07/2021,9:00
Paper Rex vs. Kingsmen,Champions Tour Malaysia & Singapore Stage 3: Challengers 2,Main Event,win,Paper Rex,Kingsmen,2,0,Icebox,2.14,349,35,7,4,+28,92%,218,36%,24/07/2021,9:00
Paper Rex vs. Team SMG,Champions Tour Malaysia & Singapore Stage 3: Challengers 2,Main Event,win,Paper Rex,Team SMG,2,0,Icebox,1.75,431,10,5,1,+5,86%,171,41%,23/07/2021,9:00
Paper Rex vs. Team SMG,Champions Tour Malaysia & Singapore Stage 3: Challengers 2,Main Event,win,Paper Rex,Team SMG,2,0,Split,1.36,377,25,12,2,+13,79%,186,28%,23/07/2021,9:00
UwU vs. Paper Rex,Champions Tour Malaysia & Singapore Stage 3: Challengers 1,Main Event,win,Paper Rex,UwU,3,0,Haven,1.19,220,10,7,2,+3,75%,175,57%,11/07/2021,11:30
UwU vs. Paper Rex,Champions Tour Malaysia & Singapore Stage 3: Challengers 1,Main Event,win,Paper Rex,UwU,3,0,Breeze,1.14,239,28,18,6,+10,83%,160,42%,11/07/2021,11:30
UwU vs. Paper Rex,Champions Tour Malaysia & Singapore Stage 3: Challengers 1,Main Event,win,Paper Rex,UwU,3,0,Ascent,2.04,356,9,3,0,+6,83%,181,40%,11/07/2021,11:30
Paper Rex vs. Todak,Champions Tour Malaysia & Singapore Stage 3: Challengers 1,Main Event,win,Paper Rex,Todak,2,0,Icebox,1.34,195,9,3,2,+6,92%,154,31%,11/07/2021,9:00
Paper Rex vs. Todak,Champions Tour Malaysia & Singapore Stage 3: Challengers 1,Main Event,win,Paper Rex,Todak,2,0,Breeze,1.15,257,22,9,4,+13,92%,179,29%,11/07/2021,9:00
Paper Rex vs. UwU,Champions Tour Malaysia & Singapore Stage 3: Challengers 1,Main Event,loss,Paper Rex,UwU,1,2,Bind,0.99,210,26,19,6,+7,75%,134,25%,10/07/2021,16:00
Paper Rex vs. UwU,Champions Tour Malaysia & Singapore Stage 3: Challengers 1,Main Event,loss,Paper Rex,UwU,1,2,Split,0.90,191,7,9,1,-2,50%,105,26%,10/07/2021,16:00
Paper Rex vs. Kingsmen,Champions Tour Malaysia & Singapore Stage 3: Challengers 1,Main Event,win,Paper Rex,Kingsmen,2,0,Breeze,1.13,155,8,6,1,+2,75%,98,13%,10/07/2021,9:00
Paper Rex vs. Kingsmen,Champions Tour Malaysia & Singapore Stage 3: Challengers 1,Main Event,win,Paper Rex,Kingsmen,2,0,Bind,1.03,177,15,17,2,-2,71%,124,29%,10/07/2021,9:00
Paper Rex vs. Saints,Champions Tour Malaysia & Singapore Stage 3: Challengers 1,Main Event,win,Paper Rex,Saints,2,0,Breeze,1.26,158,7,4,2,+3,90%,105,33%,09/07/2021,9:30
Paper Rex vs. Saints,Champions Tour Malaysia & Singapore Stage 3: Challengers 1,Main Event,win,Paper Rex,Saints,2,0,Split,1.08,250,22,11,3,+11,86%,158,30%,09/07/2021,9:30
BOOM Esports vs. Paper Rex,VALO2ASIA Invitational,Main Event,loss,Paper Rex,BOOM Esports,0,2,Bind,1.20,258,9,10,3,-1,75%,177,29%,27/06/2021,12:00
BOOM Esports vs. Paper Rex,VALO2ASIA Invitational,Main Event,loss,Paper Rex,BOOM Esports,0,2,Icebox,0.97,242,18,21,4,-3,74%,157,31%,27/06/2021,12:00
Zeal Esports vs. Paper Rex,KJC eSports VALORANT Tournament: One,Playoffs,loss,Paper Rex,Zeal Esports,1,3,Ascent,1.48,260,12,7,1,+5,85%,175,28%,26/06/2021,14:00
Zeal Esports vs. Paper Rex,KJC eSports VALORANT Tournament: One,Playoffs,loss,Paper Rex,Zeal Esports,1,3,Bind,1.12,236,42,33,5,+9,70%,153,29%,26/06/2021,14:00
Zeal Esports vs. Paper Rex,KJC eSports VALORANT Tournament: One,Playoffs,loss,Paper Rex,Zeal Esports,1,3,Icebox,0.78,151,7,10,0,-3,50%,95,40%,26/06/2021,14:00
Zeal Esports vs. Paper Rex,KJC eSports VALORANT Tournament: One,Playoffs,loss,Paper Rex,Zeal Esports,1,3,Split,1.22,233,10,7,2,+3,67%,148,30%,26/06/2021,14:00
Paper Rex vs. XcN Gaming,KJC eSports VALORANT Tournament: One,Playoffs,win,Paper Rex,XcN Gaming,2,1,Split,1.00,299,5,5,1,0,50%,114,0%,25/06/2021,20:00
Paper Rex vs. XcN Gaming,KJC eSports VALORANT Tournament: One,Playoffs,win,Paper Rex,XcN Gaming,2,1,Icebox,1.34,312,21,14,6,+7,68%,152,11%,25/06/2021,20:00
Paper Rex vs. XcN Gaming,KJC eSports VALORANT Tournament: One,Playoffs,win,Paper Rex,XcN Gaming,2,1,Bind,1.27,300,14,8,5,+6,75%,183,17%,25/06/2021,20:00
Paper Rex vs. Griffin E-Sports,KJC eSports VALORANT Tournament: One,Playoffs,win,Paper Rex,Griffin E-Sports,1,0,Bind,1.31,100,1,0,0,+1,100%,50,0%,24/06/2021,18:00
Paper Rex vs. Louvre,KJC eSports VALORANT Tournament: One,Singapore Qualifiers,win,Paper Rex,Louvre,1,0,Bind,1.59,415,15,10,2,+5,73%,194,31%,21/06/2021,21:00
Paper Rex vs. Team Solace,KJC eSports VALORANT Tournament: One,Singapore Qualifiers,win,Paper Rex,Team Solace,1,0,Split,0.59,174,8,9,2,-1,75%,121,24%,21/06/2021,20:00
Paper Rex vs. RunDownMid,KJC eSports VALORANT Tournament: One,Singapore Qualifiers,win,Paper Rex,RunDownMid,1,0,Split,1.24,273,2,2,3,0,100%,130,0%,21/06/2021,19:00
Paper Rex vs. FULL SENSE,Champions Tour SEA Stage 2: Challengers Finals,Main Event,loss,Paper Rex,FULL SENSE,1,2,Split,1.28,175,6,4,0,+2,86%,121,45%,02/05/2021,13:00
Paper Rex vs. FULL SENSE,Champions Tour SEA Stage 2: Challengers Finals,Main Event,loss,Paper Rex,FULL SENSE,1,2,Ascent,1.41,278,32,21,3,+11,77%,177,26%,02/05/2021,13:00
Paper Rex vs. FULL SENSE,Champions Tour SEA Stage 2: Challengers Finals,Main Event,loss,Paper Rex,FULL SENSE,1,2,Bind,1.64,366,16,8,2,+8,75%,224,18%,02/05/2021,13:00
Paper Rex vs. X10 Esports,Champions Tour SEA Stage 2: Challengers Finals,Main Event,loss,Paper Rex,X10 Esports,1,2,Icebox,0.84,170,4,4,0,0,67%,78,38%,01/05/2021,19:30
Paper Rex vs. X10 Esports,Champions Tour SEA Stage 2: Challengers Finals,Main Event,loss,Paper Rex,X10 Esports,1,2,Split,1.19,197,23,18,7,+5,75%,112,17%,01/05/2021,19:30
Paper Rex vs. X10 Esports,Champions Tour SEA Stage 2: Challengers Finals,Main Event,loss,Paper Rex,X10 Esports,1,2,Ascent,1.22,268,11,7,3,+4,75%,159,13%,01/05/2021,19:30
Bren Esports vs. Paper Rex,Champions Tour SEA Stage 2: Challengers Finals,Main Event,win,Paper Rex,Bren Esports,2,1,Icebox,0.63,178,7,12,0,-5,58%,111,26%,30/04/2021,16:45
Bren Esports vs. Paper Rex,Champions Tour SEA Stage 2: Challengers Finals,Main Event,win,Paper Rex,Bren Esports,2,1,Ascent,1.03,231,23,26,7,-3,61%,143,31%,30/04/2021,16:45
Bren Esports vs. Paper Rex,Champions Tour SEA Stage 2: Challengers Finals,Main Event,win,Paper Rex,Bren Esports,2,1,Bind,2.06,451,10,3,2,+7,83%,254,54%,30/04/2021,16:45
FULL SENSE vs. Paper Rex,Champions Tour SEA Stage 2: Challengers Finals,Main Event,win,Paper Rex,FULL SENSE,2,1,Split,1.21,202,9,9,5,0,75%,168,36%,29/04/2021,17:00
FULL SENSE vs. Paper Rex,Champions Tour SEA Stage 2: Challengers Finals,Main Event,win,Paper Rex,FULL SENSE,2,1,Ascent,1.13,249,22,22,9,0,70%,155,34%,29/04/2021,17:00
FULL SENSE vs. Paper Rex,Champions Tour SEA Stage 2: Challengers Finals,Main Event,win,Paper Rex,FULL SENSE,2,1,Bind,1.25,299,12,11,2,+1,62%,163,29%,29/04/2021,17:00
Paper Rex vs. Team SMG,Champions Tour Malaysia & Singapore Stage 2: Challengers 3,Main Event,win,Paper Rex,Team SMG,3,2,Ascent,0.44,157,10,16,2,-6,56%,104,48%,25/04/2021,13:00
Paper Rex vs. Team SMG,Champions Tour Malaysia & Singapore Stage 2: Challengers 3,Main Event,win,Paper Rex,Team SMG,3,2,Icebox,1.06,237,51,45,16,+6,74%,153,34%,25/04/2021,13:00
Paper Rex vs. Team SMG,Champions Tour Malaysia & Singapore Stage 2: Challengers 3,Main Event,win,Paper Rex,Team SMG,3,2,Bind,1.70,359,12,7,7,+5,73%,233,26%,25/04/2021,13:00
Paper Rex vs. Team SMG,Champions Tour Malaysia & Singapore Stage 2: Challengers 3,Main Event,win,Paper Rex,Team SMG,3,2,Split,1.00,198,9,10,0,-1,75%,156,30%,25/04/2021,13:00
Paper Rex vs. Team SMG,Champions Tour Malaysia & Singapore Stage 2: Challengers 3,Main Event,win,Paper Rex,Team SMG,3,2,Haven,1.33,252,6,4,7,+2,100%,119,54%,25/04/2021,13:00
Paper Rex vs. Louvre,Champions Tour Malaysia & Singapore Stage 2: Challengers 3,Main Event,win,Paper Rex,Louvre,2,1,Ascent,1.19,252,12,9,4,+3,92%,161,33%,24/04/2021,13:50
Paper Rex vs. Louvre,Champions Tour Malaysia & Singapore Stage 2: Challengers 3,Main Event,win,Paper Rex,Louvre,2,1,Bind,1.15,292,36,29,18,+7,89%,183,32%,24/04/2021,13:50
Paper Rex vs. Louvre,Champions Tour Malaysia & Singapore Stage 2: Challengers 3,Main Event,win,Paper Rex,Louvre,2,1,Split,0.62,188,7,12,6,-5,83%,109,24%,24/04/2021,13:50
Paper Rex vs. Todak,Champions Tour Malaysia & Singapore Stage 2: Challengers 3,Main Event,win,Paper Rex,Todak,2,1,Ascent,1.59,309,12,7,6,+5,83%,177,28%,23/04/2021,14:25
Paper Rex vs. Todak,Champions Tour Malaysia & Singapore Stage 2: Challengers 3,Main Event,win,Paper Rex,Todak,2,1,Split,1.43,315,43,26,25,+17,78%,202,31%,23/04/2021,14:25
Paper Rex vs. Todak,Champions Tour Malaysia & Singapore Stage 2: Challengers 3,Main Event,win,Paper Rex,Todak,2,1,Bind,1.86,415,24,12,12,+12,88%,263,42%,23/04/2021,14:25
Paper Rex vs. Louvre,Champions Tour Malaysia & Singapore Stage 2: Challengers 2,Main Event,win,Paper Rex,Louvre,3,1,Icebox,1.87,394,6,3,1,+3,75%,213,50%,18/04/2021,11:30
Paper Rex vs. Louvre,Champions Tour Malaysia & Singapore Stage 2: Challengers 2,Main Event,win,Paper Rex,Louvre,3,1,Haven,1.27,275,32,22,7,+10,76%,169,29%,18/04/2021,11:30
Paper Rex vs. Louvre,Champions Tour Malaysia & Singapore Stage 2: Challengers 2,Main Event,win,Paper Rex,Louvre,3,1,Bind,1.35,257,7,6,0,+1,63%,151,31%,18/04/2021,11:30
Paper Rex vs. Louvre,Champions Tour Malaysia & Singapore Stage 2: Challengers 2,Main Event,win,Paper Rex,Louvre,3,1,Ascent,0.43,71,3,5,0,-2,56%,24,0%,18/04/2021,11:30
Team SMG vs. Paper Rex,Champions Tour Malaysia & Singapore Stage 2: Challengers 2,Main Event,win,Paper Rex,Team SMG,2,1,Split,1.51,291,12,5,2,+7,82%,169,22%,17/04/2021,18:00
Team SMG vs. Paper Rex,Champions Tour Malaysia & Singapore Stage 2: Challengers 2,Main Event,win,Paper Rex,Team SMG,2,1,Bind,1.16,267,36,22,5,+14,79%,160,35%,17/04/2021,18:00
Team SMG vs. Paper Rex,Champions Tour Malaysia & Singapore Stage 2: Challengers 2,Main Event,win,Paper Rex,Team SMG,2,1,Icebox,1.22,230,13,13,2,0,67%,153,38%,17/04/2021,18:00
Paper Rex vs. Louvre,Champions Tour Malaysia & Singapore Stage 2: Challengers 2,Main Event,win,Paper Rex,Louvre,2,1,Ascent,1.20,251,9,8,4,+1,92%,179,33%,17/04/2021,12:00
Paper Rex vs. Louvre,Champions Tour Malaysia & Singapore Stage 2: Challengers 2,Main Event,win,Paper Rex,Louvre,2,1,Split,1.06,257,31,29,7,+2,72%,164,25%,17/04/2021,12:00
Paper Rex vs. Louvre,Champions Tour Malaysia & Singapore Stage 2: Challengers 2,Main Event,win,Paper Rex,Louvre,2,1,Icebox,1.14,314,14,11,1,+3,67%,178,16%,17/04/2021,12:00
Paper Rex vs. Timing Monster Gaming,Champions Tour Malaysia & Singapore Stage 2: Challengers 2,Main Event,win,Paper Rex,Timing Monster Gaming,2,0,Bind,1.95,424,18,6,6,+12,92%,306,22%,16/04/2021,14:25
Paper Rex vs. Timing Monster Gaming,Champions Tour Malaysia & Singapore Stage 2: Challengers 2,Main Event,win,Paper Rex,Timing Monster Gaming,2,0,Split,1.37,349,31,18,8,+13,81%,230,26%,16/04/2021,14:25
Kingsmen vs. Paper Rex,Champions Tour Malaysia & Singapore Stage 2: Challengers 1,Main Event,loss,Paper Rex,Kingsmen,0,3,Split,0.90,187,8,11,6,-3,73%,132,24%,04/04/2021,11:15
Kingsmen vs. Paper Rex,Champions Tour Malaysia & Singapore Stage 2: Challengers 1,Main Event,loss,Paper Rex,Kingsmen,0,3,Icebox,0.66,199,22,26,10,-4,67%,128,21%,04/04/2021,11:15
Kingsmen vs. Paper Rex,Champions Tour Malaysia & Singapore Stage 2: Challengers 1,Main Event,loss,Paper Rex,Kingsmen,0,3,Ascent,1.20,270,11,7,2,+4,83%,162,17%,04/04/2021,11:15
Team 600 vs. Paper Rex,Champions Tour Malaysia & Singapore Stage 2: Challengers 1,Main Event,win,Paper Rex,Team 600,2,0,Split,2.16,423,9,3,0,+6,67%,180,18%,04/04/2021,9:00
Team 600 vs. Paper Rex,Champions Tour Malaysia & Singapore Stage 2: Challengers 1,Main Event,win,Paper Rex,Team 600,2,0,Ascent,1.66,295,17,13,4,+4,67%,160,18%,04/04/2021,9:00
Paper Rex vs. Team SMG,Champions Tour Malaysia & Singapore Stage 2: Challengers 1,Main Event,win,Paper Rex,Team SMG,1,0,Haven,0.57,143,1,3,0,-2,75%,41,33%,03/04/2021,19:30
Paper Rex vs. Team LZ,Champions Tour Malaysia & Singapore Stage 2: Challengers 1,Main Event,win,Paper Rex,Team LZ,1,0,Split,0.67,205,8,10,3,-2,67%,129,19%,03/04/2021,15:40
Team 600 vs. Paper Rex,Champions Tour Malaysia & Singapore Stage 2: Challengers 1,Main Event,loss,Paper Rex,Team 600,1,2,Haven,1.11,286,9,7,2,+2,83%,126,19%,03/04/2021,12:00
Team 600 vs. Paper Rex,Champions Tour Malaysia & Singapore Stage 2: Challengers 1,Main Event,loss,Paper Rex,Team 600,1,2,Split,1.41,278,30,20,6,+10,79%,144,24%,03/04/2021,12:00
Team 600 vs. Paper Rex,Champions Tour Malaysia & Singapore Stage 2: Challengers 1,Main Event,loss,Paper Rex,Team 600,1,2,Bind,2.35,385,15,2,2,+13,100%,224,27%,03/04/2021,12:00
Paper Rex vs. Zero Synergy,Champions Tour Malaysia & Singapore Stage 2: Challengers 1,Main Event,win,Paper Rex,Zero Synergy,2,0,Haven,1.87,453,16,7,5,+9,92%,241,14%,02/04/2021,16:50
Paper Rex vs. Zero Synergy,Champions Tour Malaysia & Singapore Stage 2: Challengers 1,Main Event,win,Paper Rex,Zero Synergy,2,0,Icebox,1.60,357,27,14,6,+13,83%,201,16%,02/04/2021,16:50
