forsaken or chronicle?,Off Topic,-32,103,13/5/2024,23:31
Forsaken express interest to join FNATIC/M3C,General Discussion,8,96,6/7/2022,23:22
Forsaken is mad on Monyet?,General Discussion,9,89,24/3/2024,5:33
Indonesia doesn't support Forsaken,General Discussion,0,80,18/7/2022,3:16
DRX need forsaken,General Discussion,0,74,19/4/2022,7:51
-mindfreak -forsaken,General Discussion,0,59,15/4/2023,21:47
"forsaken destroying optic, not the first time.",General Discussion,135,56,23/7/2022,1:50
tenz vs forsaken,General Discussion,4,46,1/12/2023,18:10
FORSAKEN,General Discussion,0,45,25/7/2022,5:41
forsaken,General Discussion,0,42,19/3/2022,17:42
Forsaken = Faker,General Discussion,0,42,13/3/2024,24:20
Forsaken is overrated,General Discussion,16,40,15/5/2024,12:39
BLEED offered 2.6 M to forsaken,General Discussion,4,38,23/7/2022,20:28
forsaken breach,General Discussion,2,38,4/5/2024,21:25
GENG FORSAKEN,General Discussion,1,35,12/8/2024,13:08
Forsaken,General Discussion,0,34,22/8/2023,19:14
if forsaken and jingg leaves from prx,General Discussion,3,33,5/1/2023,22:20
Forsaken tolol anying,General Discussion,0,31,24/6/2023,13:22
OpTic forsaken,General Discussion,13,29,20/7/2022,2:40
Goat debate (aspas vs forsaken),General Discussion,0,29,3/5/2024,22:23
free forsaken,General Discussion,0,29,12/8/2024,5:28
Forsaken going to EU/NA next year,General Discussion,0,28,15/7/2022,1:55
Forsaken overrated,General Discussion,0,28,13/5/2024,11:16
forsaken and benkai's wish resolved,General Discussion,1,28,15/7/2022,3:20
Prelude to chaos vs Forsaken Vandal,General Discussion,0,27,7/9/2023,18:12
FORSAKEN GOAT FLEX,General Discussion,19,27,11/8/2024,21:50
FORSAKEN HAS 67% HS,General Discussion,6,26,23/7/2022,1:59
Jinggg&Forsaken > aspas&garbage1,General Discussion,0,26,18/8/2023,22:34
Forsaken face,General Discussion,0,25,23/4/2024,22:09
forsaken went -22 ?,General Discussion,2,25,31/5/2024,20:43
why is forsaken not in jett,General Discussion,0,24,13/10/2021,1:04
Optic Ind Forsaken will be Back,Off Topic,0,24,29/3/2023,12:45
Forsaken and d4v4i,General Discussion,0,24,2/4/2023,19:53
Forsaken Vandal,General Discussion,0,23,1/8/2022,18:14
Forsaken gonna be the first Valorant GOAT,General Discussion,0,22,24/6/2023,18:04
Forsaken how,General Discussion,2,22,2/5/2024,14:59
Forsaken got kennyS approval,Off Topic,11,21,28/6/2022,12:45
DRX Forsaken,General Discussion,0,21,14/9/2022,2:22
Rossi New FORSAKEN???,General Discussion,1,21,30/4/2023,19:57
"fns?boaster?boostio?nobody,forsaken?",General Discussion,0,21,26/1/2025,3:07
Forsaken duelist,General Discussion,1,21,23/3/2025,23:46
PRX forsaken best Jett in the world ?,General Discussion,0,20,23/2/2022,6:54
Forsaken top 10?,General Discussion,6,20,18/3/2024,7:04
why are everyone calling forsaken bad now??,General Discussion,0,20,13/5/2024,24:05
Forsaken > Yay?,General Discussion,12,19,23/7/2022,1:47
Forsaken Killjoy,General Discussion,0,19,8/4/2023,23:10
subroza: skrossi is forsaken word.exe lan banned?,Off Topic,2,18,19/7/2021,15:25
Take on forsaken!,General Discussion,0,18,28/5/2023,20:41
Forsaken did more for the India than Skrossi,General Discussion,11,18,26/8/2023,14:45
Why is forsaken in GOAT debate?,General Discussion,0,18,20/8/2024,14:03
Tenz and forsaken,General Discussion,5,18,28/2/2025,5:45
"Drop your phantom and Vandal skin, Ill rate it.",Off Topic,1,314,25/10/2024,15:13
Forsaken playing with Something Come watch,General Discussion,1,17,8/3/2023,1:43
Forsaken DOGSHIT,General Discussion,0,16,17/7/2022,23:53
Zekken and cryo > jing and forsaken,General Discussion,0,16,3/9/2022,23:21
Who is forsaken’s worst agent,General Discussion,1,16,28/4/2024,17:42
Sen Forsaken,General Discussion,0,16,5/5/2024,2:22
JINGG > FORSAKEN,General Discussion,0,16,25/7/2022,2:33
PRX (APAC) - Forsaken,General Discussion,0,15,30/3/2022,7:19
Forsaken owns S1mple,General Discussion,0,15,13/6/2022,12:27
Forsaken real prodigy of Valorant?,General Discussion,0,15,11/8/2023,24:51
DRX Forsaken??????,General Discussion,0,15,14/9/2022,12:32
the future of PRX,General Discussion,7,94,8/3/2023,2:16
All-VCT Team Voting,General Discussion,2,87,26/8/2023,15:48
Choose your skin,Off Topic,-2,43,11/3/2024,16:04
GIVE ME FORSAKEN PLEASE,General Discussion,0,14,23/11/2022,21:56
Forsaken the most valuable player to have in any t,General Discussion,0,14,13/5/2023,3:09
forsaken > botster,General Discussion,0,14,19/7/2023,2:34
forsaken raze,General Discussion,0,14,22/3/2024,2:53
TEKKEN > Forsaken + Jingg,General Discussion,1,13,3/3/2024,13:18
if PRX disband,General Discussion,0,98,17/4/2024,4:37
forsaken is horrible,General Discussion,9,12,20/7/2022,2:28
Forsaken would be top 5,General Discussion,7,12,24/6/2023,13:40
Forsaken appreciation,General Discussion,9,12,16/3/2024,4:51
forsaken wtf,General Discussion,0,12,1/6/2024,21:42
Ngl forsaken,General Discussion,2,12,4/8/2024,18:57
Best player from each region,General Discussion,0,49,7/3/2022,19:27
PRX salary,General Discussion,4,99,29/6/2022,19:25
Best vandal skin out of these 3?,General Discussion,0,20,29/3/2023,22:21
Vandal ranking,General Discussion,0,33,7/4/2023,14:25
whats with forsaken,General Discussion,0,12,12/5/2024,18:54
top 3 vandals?,Off Topic,0,64,28/1/2025,14:20
PRX Forsaken gonna destroy,General Discussion,0,11,17/4/2022,6:17
ethan vs forsaken,General Discussion,0,11,18/8/2023,15:39
FORSAKEN >>> CHRONICLE,General Discussion,0,11,25/8/2023,24:11
Forsaken bundle: Worth it?,General Discussion,0,11,20/4/2024,20:30
forsaken & prx,General Discussion,0,11,23/3/2025,21:43
CHOOSE your team,General Discussion,0,59,29/10/2023,12:18
Miniboo? Victor? Forsaken?,General Discussion,4,11,7/6/2024,14:00
Perfect skin collection,General Discussion,0,35,22/10/2024,15:25
FORSAKEN IS COMING TO VALORANT???,General Discussion,1,10,24/4/2021,2:34
reaver dagger or forsaken dagger,Off Topic,0,10,19/8/2021,21:31
FORSAKEN POLISH PRIDE,General Discussion,5,10,19/4/2022,8:09
yoru forsaken,General Discussion,2,10,19/4/2022,8:57
Oxy ur not tenz or forsaken,General Discussion,0,10,26/2/2024,8:20
Forsaken carries PRX,General Discussion,0,10,3/6/2024,19:38
Forsaken come,General Discussion,0,10,20/7/2024,18:57
Smb bullying to forsaken,General Discussion,0,10,15/9/2021,23:31
F0rsaken and Jing vs Derke and Alfajer,General Discussion,0,85,25/6/2022,21:25
dont play yoru if your name isnt forsaken,General Discussion,2,10,17/7/2022,2:44
top 5 players in the world,General Discussion,0,46,17/7/2022,10:24
Rate Inventory,General Discussion,0,29,31/8/2022,12:33
TenZ + Zekken > Jingg and Forsaken,General Discussion,5,10,5/12/2023,22:10
The GOAT of Valorant,General Discussion,0,54,14/4/2024,20:06
Drop your valo inventory and rate ?/10,General Discussion,3,75,14/5/2024,19:33
Sen fans are challenged,General Discussion,0,44,5/7/2024,6:44
list your top 5 respective in their roles,General Discussion,0,57,13/11/2024,1:56
Nats playing with forsaken,General Discussion,0,9,16/7/2022,17:24
JINGG AND FORSAKEN,General Discussion,7,9,16/3/2024,4:45
Zellsis vs Forsaken,General Discussion,0,9,23/3/2024,6:53
who is the best SEA player/aimer?,General Discussion,1,23,8/1/2022,23:56
Life and KangKang = Forsaken and Jinggg ?,General Discussion,0,9,12/8/2022,21:23
xccurate playing with his brother forsaken,General Discussion,0,9,1/10/2022,1:40
Overhyping patiphan???,General Discussion,8,58,26/10/2022,2:18
Best skin on each weapon,General Discussion,0,24,16/11/2022,17:25
TOP 5 VANDAL/PHANTOM SKINS?,Off Topic,0,42,15/8/2023,7:51
Who's the best flex,General Discussion,1,35,18/8/2023,10:28
Top 3 Goat contenders,General Discussion,0,50,21/3/2024,20:34
Build your roster ($15),General Discussion,0,30,25/3/2024,11:55
Top 5 players of all time,General Discussion,0,39,11/4/2024,9:57
Create your ideal player,General Discussion,0,46,13/4/2024,5:21
best vandal skin,General Discussion,3,54,15/6/2024,6:43
Forsaken agent pool is a myth,General Discussion,0,9,4/8/2024,19:17
forsaken truth,General Discussion,0,9,6/8/2024,9:55
Would you rather (Skin),General Discussion,0,16,14/9/2024,24:55
Create your perfect player,General Discussion,0,78,8/12/2024,4:30
Forsaken yoru,General Discussion,0,8,25/3/2022,18:20
Forsaken wtf,General Discussion,3,8,25/6/2022,21:10
100t derrek on jingg and forsaken,General Discussion,0,8,16/9/2022,9:44
Forsaken cypher,General Discussion,0,8,20/5/2023,21:53
Best Jett's,General Discussion,0,55,3/11/2021,13:46
best vandal skin?,Off Topic,2,52,13/2/2022,16:12
top 5 skins (vandal and phantom),General Discussion,0,27,20/2/2022,23:58
skrossi + LF vs f0rsaken right now!,General Discussion,0,123,29/10/2022,12:39
Make ur countries best five,General Discussion,0,152,31/10/2022,14:26
TOP 3 VANDAL SKINS IN ORDER,General Discussion,1,65,21/2/2023,4:21
Best CSGO IGNs vs Best Valorant IGNs,Off Topic,2,80,2/8/2023,10:42
Best Operator skins ?,General Discussion,0,24,1/11/2023,3:26
build your superteam,General Discussion,0,41,25/3/2024,10:39
RANK THE FOLLOWING DUOS,General Discussion,0,17,31/3/2024,17:50
Víctor Cypher,General Discussion,0,38,29/4/2024,16:28
ACTUAL TOP 5 PLAYERS AT SHANGHAI,General Discussion,0,30,16/5/2024,9:02
Paper Rex,General Discussion,0,20,12/8/2024,2:00
prx player ranking,General Discussion,5,45,25/11/2024,7:07
Create your Pacific Superteam?,General Discussion,0,20,27/2/2025,14:41
Forsaken>cNed?,General Discussion,3,7,14/9/2021,1:55
PRX Forsaken,General Discussion,9,7,26/6/2022,19:02
FORSAKEN YORU,General Discussion,0,7,2/9/2022,5:41
Forsaken + jingg duo,General Discussion,2,7,21/6/2023,18:54
Tips for forsaken and jing to be the best players,General Discussion,6,7,24/6/2023,14:59
forsaken 1v3,General Discussion,2,7,20/8/2023,8:02
Forsaken is the problem,General Discussion,0,7,2/2/2025,7:32
Forsaken and something,General Discussion,0,7,23/3/2025,20:39
VANDAL SKINS,General Discussion,0,24,15/6/2021,20:23
People think forsaken's yoru is good,General Discussion,1,7,23/4/2022,2:44
Need help,General Discussion,0,14,29/4/2022,12:02
Rank best duos,General Discussion,0,26,6/6/2022,5:16
Guess the vlr user.,Off Topic,16,282,15/8/2022,19:03
-will +forsaken,General Discussion,0,7,17/8/2022,2:58
SG Something,General Discussion,6,27,12/3/2023,22:39
Fnatic vs prx [firepower],General Discussion,3,33,28/5/2023,3:25
Boaster and Forsaken,Off Topic,2,7,10/6/2023,15:09
I'm using the Forsaken Operator from now on.,General Discussion,0,7,14/6/2023,18:09
Forsaken duelist suck,General Discussion,0,7,20/6/2023,17:23
PRX VS NRG [ANALYSIS],General Discussion,0,21,21/6/2023,2:03
BEST PLAYERS SIGNATURE SKINS,General Discussion,11,60,28/7/2023,7:36
VLR answer.,General Discussion,0,41,28/7/2023,17:18
Best player for Each Category,General Discussion,0,42,26/8/2023,1:03
Fun fact about BLEED crazyguy,Off Topic,5,22,28/9/2023,7:25
Make your dream team.,General Discussion,0,81,9/10/2023,3:27
[bug match] SEN vs PRX,General Discussion,0,40,4/12/2023,22:41
FORSAKEN???,General Discussion,5,7,16/3/2024,4:10
Best player itw,General Discussion,1,52,21/3/2024,15:57
f0rsakeN vs chronicle,General Discussion,0,18,20/4/2024,21:52
who are the best players right now?,General Discussion,0,86,30/4/2024,12:53
f0rsaken is shit,General Discussion,0,62,13/5/2024,13:00
make your world roster,General Discussion,3,100,29/5/2024,9:20
first player you think of when you see every agent,General Discussion,0,55,30/7/2024,3:41
how does forsaken keep sneaking into goat debates,General Discussion,1,7,19/8/2024,6:20
"let’s play a game , vlr!",General Discussion,10,44,17/9/2024,24:17
top 5 overrated players go,General Discussion,0,97,14/10/2024,3:03
2024 best Ace,General Discussion,0,56,29/10/2024,2:25
Drop your Classic skin and I'll rate it.,General Discussion,0,125,12/11/2024,2:04
PRX IGL,General Discussion,0,27,2/2/2025,6:35
platchat???,General Discussion,0,28,11/3/2025,2:33
Forsaken true role is Sentinel?,General Discussion,2,6,9/4/2023,2:02
Forsaken sabotage PRX,General Discussion,0,6,24/6/2023,14:37
Forsaken vs Something,General Discussion,0,6,27/8/2023,13:04
OG forsaken > forsak3n > f0rsaken,General Discussion,0,6,7/12/2023,21:06
Forsaken Crosshair,General Discussion,0,6,24/3/2024,4:05
"Cryo looking like 22 Xset, He this years Forsaken?",General Discussion,0,6,11/5/2024,1:04
forsaken and boaster,General Discussion,0,6,30/5/2024,3:38
Forsaken Breach,General Discussion,2,6,11/8/2024,21:56
skrossi,General Discussion,0,32,14/10/2021,23:52
best apac jetts,General Discussion,0,54,13/3/2022,1:42
F0rsaken vs Surf vs Pati,General Discussion,0,22,25/3/2022,1:17
Who is the face of Valorant??,General Discussion,0,195,9/4/2022,12:24
the most overrated player is f0rsaken,General Discussion,0,80,16/4/2022,4:56
Lets Go Forsaken Baby??,General Discussion,1,6,23/4/2022,6:15
Vandal,General Discussion,0,27,1/5/2022,23:50
PlatChat Tierlist,General Discussion,0,30,30/6/2022,5:36
PRX would sh1t on FNC,General Discussion,0,89,16/7/2022,17:14
Forsaken 67% HS%,General Discussion,3,6,23/7/2022,2:01
Whats the best Operator skin in your opinion?,General Discussion,0,48,24/8/2022,19:59
rrq forsaken,General Discussion,0,6,16/11/2022,12:27
PRX,General Discussion,0,10,16/2/2023,2:12
APAC/PACIFIC is not so doomed after all,General Discussion,0,51,18/2/2023,16:25
Something's Jett vs f0rsaken's Jett,General Discussion,0,35,4/3/2023,17:30
f0rsakeN and something lost to a GE player,General Discussion,0,62,14/3/2023,2:45
Chamber destroyed 1 year of valorant pros...,General Discussion,43,108,4/4/2023,7:30
Best duelist 2023 09:21,General Discussion,0,49,25/4/2023,17:30
What skin should I buy?,General Discussion,0,25,18/5/2023,20:55
Make your own team (2),General Discussion,0,54,7/6/2023,22:52
f0rsakeN one of the best flex in the world?,General Discussion,5,17,20/6/2023,18:06
Is sthing really important ???,General Discussion,0,28,20/6/2023,20:02
Forsaken discipline,General Discussion,4,6,21/6/2023,19:03
Asian super team ...,General Discussion,3,30,22/6/2023,12:31
Top 10 Best Jetts?,General Discussion,0,62,25/6/2023,13:28
vlr users who are your top 10 pro valorant players,General Discussion,0,51,27/6/2023,15:44
This or that ? (2),General Discussion,0,29,30/6/2023,16:51
PRX Subreezy,Off Topic,10,19,19/7/2023,7:55
what player comes to mind when u think of a agent,General Discussion,0,25,31/7/2023,15:17
Watching jing and forsaken,General Discussion,3,6,4/8/2023,14:32
Who is the flexiest player,General Discussion,0,27,13/8/2023,3:29
Make Your Own INTERNATIONAL SUPER TEAM,General Discussion,1,57,13/8/2023,11:57
rough TOP 10 PLAYERS OF THE YEAR (VCT 2023),General Discussion,0,46,28/8/2023,10:49
The TRUE OWNER,General Discussion,1,91,19/11/2023,7:26
Pacific is a 2 player region,General Discussion,0,20,7/12/2023,20:59
Forsaken Family,General Discussion,4,6,18/3/2024,15:21
Respect chronicle,General Discussion,2,14,27/3/2024,1:34
Top 5 Flex Valo History,General Discussion,0,27,7/4/2024,2:43
Sacy’s ideal player FIXED,General Discussion,0,30,13/4/2024,4:59
something raze,General Discussion,0,16,19/4/2024,2:41
Super Team,General Discussion,1,32,22/4/2024,23:49
World's top 3 players (current),General Discussion,4,72,25/4/2024,7:18
Most used vandal skins this year in pro play,General Discussion,1,20,11/5/2024,2:06
2 of the top 3 players at shanghai in 1 image,General Discussion,0,37,13/5/2024,10:46
Chron > f0rsaken,General Discussion,9,36,16/8/2024,20:49
Chronicle Goat flex,General Discussion,0,15,18/8/2024,20:07
GOAT debate,General Discussion,1,73,19/8/2024,3:27
Goat List,General Discussion,0,42,20/8/2024,24:12
Dream team,General Discussion,0,62,14/3/2025,5:37
better PRX roleswap,General Discussion,0,28,25/3/2025,18:44
forsaken and yay,General Discussion,1,5,23/7/2022,1:47
Forsaken is a genius,General Discussion,0,5,11/4/2023,11:40
Forsaken Vs Something,General Discussion,0,5,15/4/2023,19:27
FUCK FORSAKEN,General Discussion,0,5,25/8/2023,6:03
INDIA >> EU,General Discussion,0,59,14/9/2021,3:22
Is Forsaken getting bullied,General Discussion,0,5,15/9/2021,23:31
"PRX Shiba benched, Jing to play on starting roster",General Discussion,4,15,28/9/2021,21:19
Who is the best APAC Frag demon?,General Discussion,2,22,18/12/2021,23:10
What is the best Vandal skin,General Discussion,0,30,5/1/2022,18:41
best player from each region,General Discussion,0,41,25/3/2022,13:13
Forsaken and jingg,Off Topic,0,5,25/3/2022,17:32
Check Forsaken's PC,General Discussion,1,5,19/4/2022,8:45
The Misunderstanding of Paper Rex,General Discussion,36,36,19/4/2022,9:33
Top 5 Duelists rn (RESONABLE HUMANS COME),General Discussion,6,57,22/5/2022,6:07
Team with the most firepower?,General Discussion,0,55,13/6/2022,2:35
Tiers of teams at masters (must read),General Discussion,0,72,26/6/2022,3:46
Odds on PRX vs FNC,General Discussion,4,48,16/7/2022,24:59
YORU,General Discussion,2,32,17/7/2022,2:20
PRX gonna fall apart next year? :((((,General Discussion,0,42,20/7/2022,13:26
Suygetsu best player of the tournament,General Discussion,0,10,23/7/2022,16:22
Best players in the world atm,General Discussion,5,32,15/8/2022,5:38
What would your VAL Roster be,General Discussion,0,73,23/8/2022,23:11
create ur dream collection,General Discussion,0,21,24/8/2022,20:28
Liquid vs prx,General Discussion,1,28,5/9/2022,14:16
aspas/yay,General Discussion,0,18,28/9/2022,18:08
Players - Signature Gun,General Discussion,0,42,20/10/2022,22:30
Ashamed to be Indiana.,General Discussion,2,16,18/11/2022,18:16
Jinggg or F0rsaken,General Discussion,2,30,23/11/2022,19:59
forsaken is the problem?,General Discussion,0,5,24/12/2022,17:15
best duelists,General Discussion,0,53,6/2/2023,4:29
forsaken sova,General Discussion,0,5,22/4/2023,18:06
Best pro for every agent,General Discussion,0,37,7/5/2023,13:07
forsaken Jett,General Discussion,1,5,17/6/2023,15:51
woke up to nrg losing ?,General Discussion,0,16,22/6/2023,3:00
TOP 10 PLAYERS ITW(current),General Discussion,0,49,22/6/2023,4:35
superteam,General Discussion,0,23,23/6/2023,1:30
Players I associate with for Every Agent,General Discussion,0,20,23/6/2023,13:59
Yay should switch roles ngl,General Discussion,0,31,17/7/2023,23:13
actual top 10 players of 2023 list,General Discussion,0,26,22/7/2023,22:39
Teabagging forsaken,General Discussion,0,5,10/8/2023,5:23
FORSAKEN ASTRA,General Discussion,1,5,20/8/2023,5:09
PRX fans come,General Discussion,0,21,20/8/2023,18:41
Who is the best flex player right now?,General Discussion,0,37,28/8/2023,12:31
Send Nn... help!,Off Topic,0,41,11/10/2023,24:15
Urgent question,Off Topic,0,10,19/12/2023,24:18
2024 Best Agent Players Predictions,General Discussion,0,44,4/1/2024,2:28
Top3 Players in the World for these Agents?,General Discussion,0,20,16/1/2024,3:43
HOT TAKE,General Discussion,1,17,16/3/2024,1:45
feels bad for forsaken,General Discussion,1,5,16/3/2024,4:46
forsaken 1v5ed???,General Discussion,1,5,16/3/2024,6:41
Paper rex real fix,General Discussion,0,56,16/3/2024,14:34
Best clips so far,General Discussion,1,20,20/3/2024,15:10
Less is by far the best player in the world atm,General Discussion,0,19,21/3/2024,17:06
Young Aspas,General Discussion,1,30,24/3/2024,4:00
What if benkai stayed on prx?,General Discussion,0,14,24/3/2024,5:59
"truth about ""flex"" players",General Discussion,12,35,28/3/2024,1:59
Pro Players Skins,General Discussion,0,14,8/4/2024,8:11
emea has the best player for almost every agent...,General Discussion,0,61,25/4/2024,10:24
All time best players by role,General Discussion,1,32,25/4/2024,14:39
goat team,General Discussion,0,22,7/5/2024,15:17
Goat of every role,General Discussion,0,38,13/5/2024,6:51
Chronicle >>>>> F0rsaken by far,General Discussion,0,67,13/5/2024,7:01
"forsaken,victor,rb neon",General Discussion,0,5,5/6/2024,23:32
Jingg,General Discussion,42,90,13/7/2024,18:28
PRX Ascent,General Discussion,0,17,13/7/2024,18:54
f0rsakeN PLZ,General Discussion,1,57,14/7/2024,12:29
Paper Rex need to be less flexible,General Discussion,4,11,23/7/2024,12:31
Champs VLR Fantasy League,General Discussion,14,86,31/7/2024,2:57
Come make your best roster,General Discussion,0,24,12/9/2024,11:49
This or That (player edition),General Discussion,0,26,20/9/2024,19:32
If I was HC of PRX...,General Discussion,2,62,18/10/2024,24:26
PRX fix,General Discussion,0,31,22/10/2024,14:20
Valorant Fantasy Draft,General Discussion,0,23,27/10/2024,15:06
dream 2025 roster,General Discussion,0,33,4/1/2025,12:25
please let my david go,General Discussion,0,24,22/1/2025,4:31
PRX Roster Rankings,General Discussion,0,25,27/1/2025,11:48
Top 5 IGL all time,General Discussion,0,35,2/2/2025,15:06
asians come,General Discussion,0,42,2/2/2025,23:56
PRX real fix,General Discussion,0,34,3/2/2025,12:22
Wasted talent,General Discussion,8,23,22/3/2025,13:59
F0rsaken,General Discussion,5,34,23/3/2025,20:46
rebuild around forsaken,General Discussion,1,5,30/3/2025,19:46
prx is just kinda cooked,General Discussion,0,15,31/3/2025,15:01
forsaken meet forsaken,General Discussion,3,4,13/10/2021,12:49
Forsaken ACE,General Discussion,2,4,23/7/2022,1:41
Forsaken still not clear corner,General Discussion,0,4,24/6/2023,14:35
forsaken goat,General Discussion,1,4,20/8/2023,5:50
TenZ needs to copy Forsaken,General Discussion,3,4,29/9/2023,19:37
Forsaken family matchup,General Discussion,0,4,7/4/2024,21:42
PRX Forsaken GOATED,General Discussion,2,4,6/5/2024,18:43
jinggg tejo forsaken waylay,General Discussion,0,4,23/3/2025,20:00
f0rsakeN in Berlin,General Discussion,4,56,21/8/2021,19:55
F0rsaken vs Patipan,General Discussion,1,14,11/9/2021,23:44
skRossi - from a non indian,General Discussion,0,17,11/9/2021,23:57
PRX Fans,General Discussion,0,18,11/10/2021,2:11
prx comp,General Discussion,1,20,13/10/2021,12:29
PRX :(,General Discussion,1,20,18/10/2021,1:51
SEA fans come here,General Discussion,0,13,18/10/2021,2:25
Iconic Players Iconic Skins,General Discussion,4,86,28/11/2021,20:08
Riot...,General Discussion,1,20,14/12/2021,8:01
Your favorite Vandal Skin,General Discussion,2,29,1/1/2022,19:41
RGX Vandal vs Reaper,General Discussion,0,16,17/1/2022,20:37
Top 5 players from your country (arguable),General Discussion,2,248,27/1/2022,12:08
f0rsaken > tenz ?,General Discussion,2,21,25/3/2022,18:32
Best players of Reykjavik,General Discussion,0,54,31/3/2022,1:24
If DRX vs PRX or XERXIA happened right now...,General Discussion,0,34,12/4/2022,9:37
once forsaken wakes up,General Discussion,0,4,16/4/2022,4:17
Fav players from Reykjavik,General Discussion,3,47,17/4/2022,22:00
Ranking the Remaining Players at Masters,General Discussion,0,18,20/4/2022,7:40
Top 5 Players (WORLD),General Discussion,0,51,9/5/2022,2:45
DRX,General Discussion,0,75,31/5/2022,15:22
Best Valorant Pro atm,General Discussion,0,105,16/3/2022,3:17
Top 20 2022,General Discussion,1,36,8/6/2022,16:57
TOP Players from APAC region,General Discussion,6,38,14/6/2022,12:54
about paper rex's bind,General Discussion,5,31,25/6/2022,22:01
APAC super team,General Discussion,0,30,26/6/2022,19:18
"Alfajer > f0rsaken, Jinggg ?",General Discussion,0,27,29/6/2022,22:07
show ur best vandal skin,General Discussion,1,19,11/7/2022,18:19
The reason why PRX win this event,General Discussion,0,47,13/7/2022,19:55
FORSAKEN FINGERED THEM,General Discussion,1,4,15/7/2022,2:37
Each region Superteam,General Discussion,0,94,17/7/2022,24:27
jingg & forsaken teaching drepek how to play ?,General Discussion,0,4,18/7/2022,2:59
how to beat paper rex,General Discussion,0,92,18/7/2022,24:41
Top aimers in Copenhagen,General Discussion,0,50,20/7/2022,12:14
Top 5 players WORLD,General Discussion,0,37,25/7/2022,5:59
forsaken and mindfreak,General Discussion,1,4,30/7/2022,13:36
Best player with each agent?,General Discussion,0,101,7/8/2022,9:45
champions MVP,General Discussion,0,81,19/8/2022,1:37
Top 5 aimers right now,General Discussion,0,28,21/8/2022,23:15
Jinggg vs F0rsaken,General Discussion,0,17,25/8/2022,13:58
GOAT recognize the GOAT,General Discussion,0,36,26/8/2022,22:08
What regions makes the best players,General Discussion,0,69,27/8/2022,22:41
Most overhyped player for each league?,General Discussion,1,93,23/9/2022,17:36
APAC Come,General Discussion,1,86,24/10/2022,1:53
Top5 players of all time by roles,General Discussion,3,66,27/10/2022,9:38
how many skins do you have?,General Discussion,0,27,2/1/2023,11:32
RRQ INDO Super team,General Discussion,0,44,29/1/2023,4:16
Plat Chat Top Players For Brazil,General Discussion,0,32,2/2/2023,20:47
IS THIS TOP 20 LIST VALID FOR VCT LOCKIN ??,General Discussion,6,82,10/2/2023,4:08
Top 10 players: Sao Paulo with reasoning,General Discussion,2,25,10/2/2023,20:25
What's your Night Market?,General Discussion,1,13,16/2/2023,20:01
CS vs Valorant,General Discussion,0,149,23/2/2023,6:40
Onliner Frauds,General Discussion,0,42,25/2/2023,15:56
Gun skins that players are known for?,General Discussion,4,40,1/3/2023,14:37
Rank These 10 Duelists,General Discussion,0,31,27/3/2023,16:13
paper rex situation,General Discussion,0,33,5/4/2023,14:27
Prx forsaken,General Discussion,1,4,15/4/2023,19:28
f0rsakeN and Leaf same person?,General Discussion,6,23,6/5/2023,21:38
Best Flex (Not Chronicle),General Discussion,0,34,8/5/2023,4:07
The Best (and Worst) Roles for Each Region,General Discussion,10,41,9/5/2023,24:34
Most flexible players itw,General Discussion,0,31,15/5/2023,20:34
best aimer,General Discussion,2,57,22/5/2023,23:54
TRUE TOP 10 PLAYERS (In Tokyo),General Discussion,0,43,7/6/2023,11:22
Make your own team [MASTERS TOKYO EDITION],General Discussion,1,40,13/6/2023,7:29
DRX vs PRX,General Discussion,0,5,15/6/2023,2:32
Best skin for each weapon,General Discussion,0,28,19/6/2023,22:51
PRX VS EG [ ANALYSIS],General Discussion,0,25,22/6/2023,4:20
Forsaken still not checking corners,General Discussion,0,4,24/6/2023,13:22
Xccurate playing with his brother ForsakeN (LIVE),General Discussion,0,4,1/7/2023,18:16
Best region in SEA,General Discussion,0,28,9/7/2023,23:07
Asia top 10 players ranked,General Discussion,0,60,16/7/2023,16:09
Asking the real questions...,General Discussion,0,6,17/7/2023,13:51
The Real Forsaken (word.exe),General Discussion,0,4,19/7/2023,12:15
top 10 players in champions imo,General Discussion,0,17,30/7/2023,3:20
what is your top 10 favorite players this event?,General Discussion,0,17,31/7/2023,2:56
PRX > EDG ALWAYS,General Discussion,0,15,11/8/2023,12:46
F0rsaken Interview,General Discussion,27,27,11/8/2023,24:43
Best player in each category,General Discussion,0,36,12/8/2023,21:42
Player - his iconic Skin,General Discussion,0,16,16/8/2023,23:26
Top 3 flex players,General Discussion,0,30,18/8/2023,11:55
who is prx igl,General Discussion,0,25,23/8/2023,8:17
Jinggg successor on prx,General Discussion,0,35,25/8/2023,16:33
WELCOME PRX SKROSSI,General Discussion,2,7,26/8/2023,24:46
IMPORTANT EMEA LEAKS LIVE,General Discussion,59,159,30/8/2023,5:56
Forsaken going back to cs?,General Discussion,0,4,4/10/2023,4:07
Monyet,General Discussion,1,40,23/11/2023,18:01
Best player on each agent,General Discussion,0,85,22/1/2024,13:59
someone help me decide,General Discussion,0,6,10/2/2024,9:44
Sideshow just yaps,General Discussion,0,28,14/2/2024,15:27
Players identified with their skins?,General Discussion,1,59,2/3/2024,22:56
Players you want to see back in their prime?,General Discussion,1,26,11/3/2024,5:23
I feel bad for Heretics,General Discussion,0,11,18/3/2024,4:06
Forsaken is not actually playing,General Discussion,6,4,18/3/2024,6:52
Forsaken and jinggg,General Discussion,3,4,18/3/2024,7:02
Who is the best Korean player?,General Discussion,0,67,23/3/2024,8:45
S tier Vandal Skins,General Discussion,0,37,4/4/2024,14:57
3 BEST players,General Discussion,0,23,13/4/2024,12:36
Top 5 Players all time,General Discussion,0,49,22/4/2024,4:22
Top 5 igls of all time,General Discussion,1,46,6/5/2024,4:47
something > f0rsaken,General Discussion,1,50,13/5/2024,13:23
BEAT MY SHANGHAI SUPERTEAM (IMPOSSIBLE),General Discussion,0,23,14/5/2024,18:06
TOP 5 players Shanghai mechanically,General Discussion,0,11,17/5/2024,2:40
Build a Roster for $15 2.0 + Challenge Gauntlet,General Discussion,5,66,4/6/2024,24:11
PRX Comp Change Suggestions,General Discussion,1,24,7/6/2024,13:13
Build a Roster for $15 3.0 + VCT Season Challenge,General Discussion,4,65,11/6/2024,9:55
TOP5 player itw of every postion,General Discussion,0,73,18/6/2024,24:45
Your 'Dream Team' Roster,General Discussion,1,88,4/7/2024,7:56
Who Wins [Aim Duel],General Discussion,6,71,9/7/2024,9:22
rank these goated vandal skins,General Discussion,2,20,10/7/2024,5:45
Prx abyss comp leaked,General Discussion,0,13,15/7/2024,23:48
Franchise Orgs Come,General Discussion,0,25,20/7/2024,11:03
PRX abyss comp,General Discussion,0,10,20/7/2024,17:49
Best Flex Player?,General Discussion,0,19,21/7/2024,3:15
your Dream TeaM,General Discussion,1,42,31/7/2024,18:47
Prx,General Discussion,0,11,5/8/2024,1:24
Nightmarket wishlist,General Discussion,0,40,15/8/2024,7:30
prx comp fix,General Discussion,0,16,3/9/2024,13:45
vandal skin tierlist,General Discussion,0,22,8/9/2024,3:14
prx roster,General Discussion,0,27,10/9/2024,15:21
Was Fnatic Great? Come Prove it,General Discussion,0,120,17/9/2024,11:50
forsaken unbanned,General Discussion,0,4,29/9/2024,1:01
Favorite player in each role?,General Discussion,1,43,3/10/2024,2:05
START BENCH SELL (IMPOSSIBLE EDITION),General Discussion,0,30,4/10/2024,5:23
The best team formed by 5 of the same players,General Discussion,0,56,17/10/2024,14:32
TOP 20 PLAYERS APAC,General Discussion,2,25,12/11/2024,12:56
goat of every role,General Discussion,0,97,20/11/2024,13:08
genuine problems with PRX,General Discussion,8,33,27/11/2024,23:57
Something,General Discussion,0,13,30/11/2024,20:21
best player for every agent,General Discussion,0,42,6/12/2024,16:46
Best Regional Role Player 2025,General Discussion,2,28,11/12/2024,13:25
players that can play every role,General Discussion,0,43,20/12/2024,4:50
Best Player Each Year Every Region,General Discussion,0,49,28/12/2024,9:11
What is forsaken doing in squid game bruh,General Discussion,6,4,3/1/2025,22:06
Who wins these 1v1s?,General Discussion,0,16,4/1/2025,3:44
THAT ONE PRX ROUND,General Discussion,1,10,20/1/2025,23:40
PRX player contracts,General Discussion,0,30,2/2/2025,12:26
prx 2026,General Discussion,0,47,2/2/2025,4:33
How well does my top 30 players hold up?,General Discussion,1,62,2/2/2025,10:55
rrq enjoyers come,General Discussion,0,59,19/2/2025,22:12
Is Florescent a Top 5 aimer??,General Discussion,0,123,2/3/2025,4:49
prx fix,General Discussion,2,11,4/3/2025,23:37
PRX shouldnt drop anyone,General Discussion,0,14,12/3/2025,12:05
Build a REALISTIC superteam,General Discussion,1,66,18/3/2025,21:39
f0rsaken is the greatest VAL player of all time,General Discussion,0,20,23/3/2025,20:46
prx something and his baffling decisions,General Discussion,10,33,23/3/2025,23:01
Sources: Forsaken to TSM,General Discussion,0,3,20/4/2022,8:14
Forsaken is back home,General Discussion,3,3,18/11/2022,3:57
Forsaken overheat alecks fraud,General Discussion,1,3,2/4/2023,22:21
Dear Forsaken,General Discussion,0,3,18/8/2023,24:29
Jingg Forsaken,General Discussion,0,3,27/8/2023,9:07
Forsaken vs Chronicle Debate,General Discussion,0,3,15/5/2024,3:47
OpTic forsaken comeback,General Discussion,0,3,12/9/2024,3:42
3 Controversial skin opinions,Off Topic,-1,8,7/6/2021,6:43
Indian esprots,General Discussion,3,53,14/6/2021,12:46
Best skins,General Discussion,1,37,24/8/2021,4:10
VLR.gg asks the pros at Berlin,General Discussion,36,100,7/9/2021,2:13
paper rex is actually good,General Discussion,27,27,12/9/2021,1:15
PRX Gameplay,General Discussion,2,11,12/9/2021,6:51
Berlin Nicknames,General Discussion,0,19,14/9/2021,6:22
best asian jett?,General Discussion,0,42,11/10/2021,21:29
Indian FPS scene,General Discussion,16,17,13/10/2021,2:23
If only India had ...,General Discussion,0,5,15/10/2021,1:40
Banned Players,General Discussion,0,49,1/11/2021,12:52
CS viewership,Off Topic,20,61,8/11/2021,9:57
Valorant World Cup,General Discussion,2,139,23/12/2021,8:24
VCT APAC 2022 Format,General Discussion,15,173,29/12/2021,18:02
T3xture,General Discussion,5,95,6/2/2022,19:08
SKrossy,General Discussion,0,45,6/2/2022,22:27
Build Your Team,General Discussion,0,32,7/2/2022,4:30
Skrossi to masters this year!,General Discussion,0,99,10/2/2022,22:26
Optic will never same again,General Discussion,1,25,11/2/2022,15:57
Aimbot Skins,General Discussion,5,47,26/2/2022,6:20
Fantasy League (VTT): APAC Challengers,General Discussion,2,31,2/3/2022,23:45
Stealing the name of G.O.A.T,General Discussion,0,19,5/3/2022,6:08
most underated skins,General Discussion,0,40,8/3/2022,5:33
Jinggg > f0rsaken,General Discussion,1,18,26/3/2022,21:10
TOP 10 PLAYERS RN,General Discussion,12,122,28/3/2022,16:11
chinese and indian valorant,General Discussion,2,47,28/3/2022,22:30
best rifler at masters,General Discussion,0,32,29/3/2022,19:30
TOP 5 MOST OVERRATED PLAYERS FOR THIS MASTERS,General Discussion,0,37,10/4/2022,23:30
top 5 players at masters?,General Discussion,0,36,11/4/2022,6:36
PRX hype,General Discussion,0,12,15/4/2022,21:51
Fake F0rsaken,General Discussion,0,12,16/4/2022,4:59
Overrated Players,General Discussion,0,13,16/4/2022,14:10
What was the best play in masters so far?,General Discussion,1,14,20/4/2022,2:14
SEN f0rsaken??,General Discussion,0,50,22/4/2022,4:51
VICTOR MAD,General Discussion,0,66,23/4/2022,6:22
Forsaken Yoru analysis,General Discussion,0,3,27/4/2022,8:28
the GOAT inventory,General Discussion,1,29,28/4/2022,11:26
ASIA-PACIFIC REGIONAL DEBATE,General Discussion,0,121,21/5/2022,16:30
Players BETTER than TenZ (Updated),General Discussion,11,34,22/5/2022,11:27
Best roster,General Discussion,1,29,29/5/2022,3:48
tesseract farming,General Discussion,0,58,3/6/2022,21:55
Best OPers in Valorant,General Discussion,0,38,21/6/2022,22:57
indo come,General Discussion,0,47,24/6/2022,12:55
best of each agent,General Discussion,3,78,25/6/2022,2:46
FAZE vs PRX,General Discussion,0,14,26/6/2022,1:52
Top 10 players in Copenhagen,General Discussion,0,39,30/6/2022,6:26
question about paper rex,General Discussion,0,8,16/7/2022,8:08
Yoru,General Discussion,1,10,18/7/2022,2:57
PRX ARE SMART,General Discussion,13,17,18/7/2022,3:04
PRX best aim?,General Discussion,5,10,18/7/2022,7:28
Plat Chat - Rank Best Player in Copenhagen,General Discussion,0,13,19/7/2022,19:32
which transfer do you want to see,General Discussion,0,40,20/7/2022,2:52
optic duo>,General Discussion,0,16,23/7/2022,2:57
where forsaken,General Discussion,0,3,25/7/2022,2:23
Does FPX actually have fans?,General Discussion,0,42,25/7/2022,3:53
FPX fans,General Discussion,3,23,25/7/2022,21:08
Top 10 most skilled players of your region,General Discussion,6,114,29/7/2022,11:09
Hong Kong radiant queue in a nutshell,General Discussion,1,50,3/8/2022,20:13
sr,General Discussion,0,10,7/8/2022,9:16
Top 3 CHAMBERS.,General Discussion,1,36,17/8/2022,23:12
TOP 10 players at CHAMPS,General Discussion,0,93,18/8/2022,14:40
100t asuna,General Discussion,0,99,19/8/2022,12:41
Best AGENT - PLAYER in champions,General Discussion,0,34,19/8/2022,15:25
Plat Chat Top 10 players at Champions Istanbul,General Discussion,3,100,25/8/2022,4:33
Anyone have fav and least fav on same team?,General Discussion,0,83,25/8/2022,8:02
Rank guess,General Discussion,0,50,26/8/2022,16:07
TOP 7 PLAYERS BY THEIR PEAK IN EACH ROLE,General Discussion,0,33,27/8/2022,24:16
Bro what,General Discussion,1,5,1/9/2022,2:33
laz ez top 10 player right,General Discussion,0,22,5/9/2022,5:46
is PRX disbanding ?,General Discussion,1,25,8/9/2022,3:42
dream team?,General Discussion,0,60,10/9/2022,10:56
BEST DUO,General Discussion,1,32,12/9/2022,3:43
Create your Super Teams,General Discussion,0,85,12/9/2022,6:01
Imagine Korea Roster Shuffle,General Discussion,0,24,16/9/2022,24:40
Players u love and hate the most,General Discussion,0,75,27/9/2022,6:10
Who’s in your top 5 for each role?,General Discussion,2,26,27/9/2022,23:16
Best duo in valorant??,General Discussion,2,23,8/10/2022,22:35
Name the player- Associated Vandal Skin,General Discussion,1,64,17/10/2022,4:33
overrated mfs,General Discussion,0,83,28/10/2022,3:14
APAC fans come,General Discussion,0,98,2/11/2022,23:22
Players that killed a team,General Discussion,12,66,5/11/2022,19:42
FlyingDoggoWoweeClap 24 Hour Challenge,Off Topic,-1,69,26/11/2022,4:25
Sugerz3ro,General Discussion,0,62,27/11/2022,17:05
TOP 3 Player by roles,General Discussion,0,73,1/12/2022,15:41
INDIA built diff,Off Topic,3,112,7/1/2023,3:41
TOP 3 DUELIST unbiased,General Discussion,0,52,15/1/2023,4:36
I was thinking,General Discussion,0,5,16/1/2023,1:55
SKRossi by a Brazilian.,General Discussion,30,31,21/1/2023,2:12
EG XAN,General Discussion,0,20,8/2/2023,23:38
underrated players for lock//in,General Discussion,0,13,13/2/2023,14:23
Paper Rex real fix,General Discussion,0,18,15/2/2023,18:11
bench d4v4l,General Discussion,0,35,26/3/2023,21:40
FORSAKEN LAUGH THREAD,General Discussion,2,3,26/3/2023,21:50
prx,General Discussion,7,42,26/3/2023,22:05
fav vandal skin + rank,Off Topic,0,20,29/3/2023,22:46
Your top 5 favourite Val players?,General Discussion,3,120,29/3/2023,23:07
PRX changes?,General Discussion,0,28,6/4/2023,22:08
Best Duelist for each agent,General Discussion,0,23,8/4/2023,9:47
what have we learned?,General Discussion,11,26,8/4/2023,21:54
India CS Is Back!!!,Off Topic,5,18,14/4/2023,23:55
paper rex ascent,General Discussion,0,16,15/4/2023,20:17
PRX Bruh,General Discussion,0,17,15/4/2023,21:08
players for each agent,General Discussion,0,72,16/5/2023,24:39
Players for each agent ( good edition ),General Discussion,1,26,17/5/2023,17:26
Pros wih their iconic skins,General Discussion,2,56,23/5/2023,2:18
Best skin per gun,General Discussion,0,10,24/5/2023,9:19
nats vs forsaken,General Discussion,0,3,25/5/2023,10:29
jing raze,General Discussion,1,6,28/5/2023,23:07
The weakest link on every franchised team,General Discussion,0,32,3/6/2023,15:14
TOP 3 SKINS (besides knife/phantom/vandal),General Discussion,1,19,21/6/2023,4:43
Forsaken corner,General Discussion,0,3,21/6/2023,16:51
F0rsaken hater,General Discussion,1,12,21/6/2023,19:29
PRX underrated players,General Discussion,0,13,21/6/2023,20:35
if prx win tokyo,General Discussion,0,23,24/6/2023,15:46
Forsaken lock in reyna now,General Discussion,0,3,24/6/2023,17:08
Top 5 players in each role.,General Discussion,0,34,26/6/2023,12:43
prediction for top 10 in champs,General Discussion,0,16,28/6/2023,12:42
Pacific Goat is live,General Discussion,0,8,2/7/2023,18:53
PRX F0RSAKEN IS a genius,General Discussion,0,28,17/7/2023,24:30
PRX Monyet,General Discussion,1,24,19/7/2023,22:20
APAC,General Discussion,0,11,22/7/2023,21:44
Make a roster with one player from each region,Off Topic,0,26,24/7/2023,23:12
TMV Top 10 Players,General Discussion,0,47,29/7/2023,1:23
hot takes,General Discussion,4,31,30/7/2023,3:21
Operator,General Discussion,0,25,31/7/2023,2:26
eg and paper rex,General Discussion,0,66,1/8/2023,10:04
Top 10 players in the world,General Discussion,1,19,5/8/2023,21:40
Top 5 Vandal skins currently,General Discussion,0,47,8/8/2023,4:00
tenz effect,General Discussion,0,12,8/8/2023,9:21
Best playesr at their roles,General Discussion,3,19,10/8/2023,4:25
create a team to take down fnatic,General Discussion,0,29,10/8/2023,24:24
f0rsakeN is a top 3 player itw,General Discussion,1,9,11/8/2023,1:23
which kit do you use,General Discussion,0,6,12/8/2023,12:27
My Overrated & Underrated players list VCT S Tier,General Discussion,0,101,12/8/2023,19:11
IGL RANKINGS????,General Discussion,0,18,12/8/2023,23:18
Duelist players (flex),General Discussion,0,21,13/8/2023,20:51
if you could clone one player....,General Discussion,1,78,15/8/2023,7:54
Best Pro player who can play any role.,General Discussion,1,21,16/8/2023,11:51
TENZ showed the potential of Yoru.,General Discussion,0,20,18/8/2023,9:53
Best flex in the world,Off Topic,-5,19,18/8/2023,10:35
Indians come,General Discussion,0,9,19/8/2023,16:09
FORSAKEN HAS TO BE BEST FLEX,General Discussion,0,3,20/8/2023,7:46
PRX Foresaken the best???,General Discussion,4,16,20/8/2023,13:18
Top 5 Aimers ITW,General Discussion,0,29,20/8/2023,15:05
Top 10 players itw,General Discussion,0,27,20/8/2023,18:09
f0rsaken Deadlock,General Discussion,0,13,22/8/2023,3:38
Jinggg Replacement for Next Year,General Discussion,0,53,23/8/2023,5:39
forsaken needs a taper in the back,General Discussion,0,3,25/8/2023,8:25
Top 20 players of the year + some tier 2 players,General Discussion,0,63,26/8/2023,24:55
Paper Rex ceiling,General Discussion,0,7,11/9/2023,6:40
Replacement for Jinggg,General Discussion,0,14,13/9/2023,17:09
your 3 favs vandal skins?,General Discussion,0,21,14/9/2023,1:56
GE Benkai,General Discussion,0,19,16/9/2023,20:11
You can create a team,General Discussion,0,42,23/9/2023,7:16
I'm so fucking angry,General Discussion,0,13,27/9/2023,17:08
Forsaken cs ban ending,General Discussion,0,3,20/10/2023,7:08
favorite skin bundle,General Discussion,0,18,21/10/2023,15:51
Your top 3 skins for Vandal and Phantom?,General Discussion,0,20,26/10/2023,11:24
Make Your Deam Team,General Discussion,0,32,6/11/2023,14:07
FNC are the deserved winner of Champs 2023,General Discussion,0,66,10/11/2023,12:53
prx monyet role,General Discussion,0,15,29/11/2023,20:12
about PRX,Off Topic,1,18,5/12/2023,17:54
Sova issue on prx,General Discussion,0,22,6/12/2023,12:15
All teams should do this,General Discussion,1,23,11/12/2023,9:37
let’s play a game,General Discussion,0,98,12/12/2023,11:22
Night market complain,General Discussion,3,22,14/12/2023,14:46
[BR] sobre o Kenzit,General Discussion,0,14,5/1/2024,13:42
Keznit racism towards PRX F0rsaken,General Discussion,0,18,5/1/2024,21:23
Skins you associate with specific players,General Discussion,3,73,19/1/2024,23:29
prx breeze,General Discussion,0,22,6/2/2024,17:54
Top 6 best players of all time,General Discussion,0,36,7/2/2024,1:19
Let me know your Skin dream collection!,General Discussion,1,15,14/2/2024,21:53
the real unbiased goat list,General Discussion,0,29,20/2/2024,5:33
TenZ yoru,General Discussion,4,14,20/2/2024,24:56
What is a flex?,General Discussion,0,14,20/2/2024,20:21
tenz yoru,General Discussion,8,17,26/2/2024,24:24
Top 5 players ITW,General Discussion,1,34,28/2/2024,22:04
players impossible to hate,General Discussion,1,78,29/2/2024,19:31
top 10 players in the world rn,General Discussion,1,13,4/3/2024,14:21
Top 10 players Madrid,General Discussion,0,11,4/3/2024,14:30
Best MADRID players,General Discussion,0,30,5/3/2024,13:54
Rank Top 10 Madrid players,General Discussion,2,26,6/3/2024,23:54
Rank S Demons,General Discussion,0,40,17/3/2024,10:30
PRX SPLIT COMP,General Discussion,0,18,18/3/2024,6:13
Saadhak kang kang,General Discussion,1,16,18/3/2024,7:49
the best team,General Discussion,0,16,18/3/2024,14:01
f0rsaken,General Discussion,6,13,18/3/2024,16:26
Stellar,General Discussion,0,29,18/3/2024,17:38
f0rsaken is the best.,General Discussion,56,72,18/3/2024,22:42
PRX Ascent comp,General Discussion,0,11,19/3/2024,23:13
Forsaken is indeed the goat,General Discussion,0,3,21/3/2024,11:49
INDO MASUK,General Discussion,0,27,24/3/2024,5:46
Should PRX pick up Xccurate over Monyet?,General Discussion,0,12,24/3/2024,6:58
The GOAT debate,General Discussion,0,32,27/3/2024,3:35
goat flex players,General Discussion,0,22,28/3/2024,1:50
Greatest PRX moments of all time,General Discussion,6,10,3/4/2024,24:02
Night market,General Discussion,0,18,11/4/2024,17:08
Sadhaak said SEN won’t make champs,General Discussion,0,29,25/4/2024,1:39
is MiniBoo best neon in vct?,General Discussion,10,31,25/4/2024,3:52
CAN WE STOP USING YORU AFTER MADRID?,General Discussion,0,8,26/4/2024,1:52
"Jack of all trades, master of none",General Discussion,1,20,26/4/2024,1:58
Valorant Goat Candidates,General Discussion,0,84,28/4/2024,4:10
APAC superteam this split,General Discussion,0,28,29/4/2024,12:48
best IGL kd based on the last 5 championships,General Discussion,1,16,1/5/2024,7:17
Which team is winning,General Discussion,0,21,2/5/2024,22:15
when will everyone accept,General Discussion,0,25,4/5/2024,21:44
f0rsaken 18 assist,General Discussion,6,31,4/5/2024,21:52
What players would make the best coaches,General Discussion,0,15,5/5/2024,16:24
PRX IGL ???,General Discussion,0,18,5/5/2024,18:37
Flexibility is so overrated.,General Discussion,0,86,5/5/2024,19:13
players with the most aura,General Discussion,0,53,8/5/2024,12:24
real top10 players at shanghai,General Discussion,7,56,13/5/2024,6:24
Regions Ranked For Shanghai,General Discussion,0,48,13/5/2024,24:12
Top 3 In Every Role At Shanghai,General Discussion,2,24,16/5/2024,2:35
pl0t ch0t top 10 shanghai,General Discussion,0,30,17/5/2024,4:15
Official Top 10 Players at Shanghai,General Discussion,0,12,17/5/2024,16:15
highest firepower fragging duos in vct,General Discussion,2,21,18/5/2024,22:25
SEN fans come!!!,General Discussion,0,31,18/5/2024,23:34
Ballon D or,General Discussion,0,73,25/5/2024,13:31
singular leaf,General Discussion,2,13,26/5/2024,1:00
vct draft,General Discussion,0,47,28/5/2024,10:24
Skin -> Player,General Discussion,8,151,30/5/2024,14:33
monyet is better,General Discussion,1,22,3/6/2024,18:50
PRX Players getting lots of hate,General Discussion,0,25,4/6/2024,3:19
TOP 10 Valorant Players OAT,General Discussion,0,34,4/6/2024,4:23
Deeply disappointed in PRX,General Discussion,67,84,4/6/2024,1:45
Kuronami Vandal,General Discussion,0,64,4/6/2024,23:02
Players who will use Iso this season,General Discussion,0,18,18/6/2024,3:36
Best roster in the world,General Discussion,0,15,30/6/2024,23:24
valorant goat contenders,General Discussion,0,35,3/7/2024,7:40
players with 0 haters,General Discussion,1,178,5/7/2024,3:59
Jingg neon?,General Discussion,0,18,5/7/2024,18:10
Davaii is incredible,General Discussion,2,37,5/7/2024,20:45
Prx F0rsaken,General Discussion,1,25,6/7/2024,17:40
Top 5 of Each Role - All Time,General Discussion,0,108,2/7/2024,18:44
JING NEON,General Discussion,0,17,20/7/2024,19:43
PRX needs changes,General Discussion,0,24,20/7/2024,22:47
MaKo goat smokes,General Discussion,9,27,21/7/2024,18:54
Superpower references,General Discussion,5,45,24/7/2024,11:47
Help with 2022 top 20 players,General Discussion,2,25,29/7/2024,8:02
Best Valorant Nations,General Discussion,0,119,30/7/2024,4:43
How I would fix PRX Lotus,General Discussion,0,12,6/8/2024,4:49
Geng Zest?,General Discussion,1,47,13/8/2024,17:33
Who is the best yoru rn,General Discussion,1,18,17/8/2024,1:52
Best ACES this year,General Discussion,4,12,26/8/2024,16:59
post your dream team,General Discussion,0,62,28/8/2024,6:10
How to fix prx,General Discussion,0,18,28/8/2024,21:32
Best skin for every gun (IMO),General Discussion,1,17,10/9/2024,17:42
india,General Discussion,8,77,20/9/2024,16:24
SPG plays like another version of PRX,General Discussion,0,11,21/9/2024,18:22
LOUD was not one of the worst teams in the America,General Discussion,5,46,22/9/2024,23:53
prx duelist,General Discussion,0,5,27/9/2024,18:54
Most overrated player,General Discussion,0,26,10/10/2024,15:57
Top 10 Aimers In The Game,General Discussion,0,40,16/10/2024,6:32
Demon1 is the most talented player in the world,General Discussion,0,39,31/10/2024,7:37
Favourite players?,General Discussion,0,30,3/11/2024,1:55
Alecs is the problem,General Discussion,9,52,27/11/2024,18:07
Ok prx what,General Discussion,2,21,28/11/2024,20:35
Alecks as a coach serious discussion,General Discussion,10,27,29/11/2024,21:34
7 Wonders in Valorant,General Discussion,0,86,30/11/2024,22:50
Prx player rankings,General Discussion,2,14,1/12/2024,21:46
Can PRX's flexibility win them master in vct 2025,General Discussion,2,39,2/12/2024,23:20
create ur own team,General Discussion,0,17,31/12/2024,1:12
hynix pacific player tier list,General Discussion,0,51,3/1/2025,4:27
How is EU so bad?,General Discussion,0,17,17/1/2025,2:24
Dambi ???,General Discussion,0,19,20/1/2025,21:51
GOATS of each era,General Discussion,2,19,21/1/2025,1:23
Some of the best duos or most successful duos,General Discussion,0,47,22/1/2025,18:21
as a prx fan since 2021,General Discussion,0,10,2/2/2025,12:39
KK will be the goat of valorant,General Discussion,0,37,2/2/2025,10:19
PRX fix for SEA fans,General Discussion,1,12,2/2/2025,21:08
PRX?,General Discussion,0,19,2/2/2025,22:57
Most important part of geng success.,General Discussion,0,28,2/2/2025,23:05
prx literally has the solution in their hands,General Discussion,0,15,12/2/2025,17:08
Rating your favorite/main Vandal skin,General Discussion,1,125,14/2/2025,6:39
TOP 3 PAC PLAYER EACH ROLE,General Discussion,0,12,18/2/2025,13:20
Paper Rex?!?,General Discussion,0,15,18/2/2025,22:54
Jinggg>Something AND ITS NOT CLOSE,General Discussion,0,36,7/3/2025,10:03
My opinion on Paper Rex,General Discussion,5,28,11/3/2025,22:53
does india have a history in cs?,General Discussion,0,15,16/3/2025,1:32
My VFL pick,General Discussion,0,26,21/3/2025,4:18
PRX JINGGG,General Discussion,0,20,23/3/2025,21:28
Honest PRX takes?,General Discussion,4,15,24/3/2025,12:33
Assemble a superteam,General Discussion,0,86,27/3/2025,16:45
the real superteam,General Discussion,0,25,27/3/2025,18:34
Who's beating this team,General Discussion,0,22,30/3/2025,17:56
2026 predictions for the prx players,General Discussion,0,16,30/3/2025,21:18
feels bad for prx(esp jing),General Discussion,2,6,30/3/2025,22:31
PRX dilemma,General Discussion,8,17,30/3/2025,21:41
prx mindfreak + jingg:),General Discussion,0,27,1/4/2025,14:30
OPTC IND FORSAKEN,General Discussion,2,2,12/5/2023,5:09
Forsaken is back,General Discussion,0,2,19/12/2023,1:28
xccurate vs forsaken,General Discussion,0,2,3/3/2025,3:39
Jamppi Interview,General Discussion,2,8,25/5/2021,22:19
India Region.,General Discussion,3,51,28/5/2021,12:43
India getting VCT slot is risky,General Discussion,0,98,30/5/2021,8:34
NIGHTMARKETTT!!!,General Discussion,2,47,29/7/2021,10:16
New Teams in the Valorant Scene,General Discussion,5,57,29/7/2021,22:49
VCC viewers come here,General Discussion,0,17,28/8/2021,22:47
#2SlotsForSA,General Discussion,8,38,30/8/2021,2:33
45k Veiwership,General Discussion,0,105,30/8/2021,3:57
indian valorant fans,General Discussion,31,67,31/8/2021,19:57
EU/NA fans,General Discussion,0,21,31/8/2021,23:50
Top 5 Players to watch out for at Masters Berlin,General Discussion,3,31,1/9/2021,19:50
SUPER TEAM,Off Topic,-7,24,1/9/2021,23:00
f0rsakeN HYPE,General Discussion,0,37,4/9/2021,19:59
What if a pro team cheats in online events?,General Discussion,0,21,6/9/2021,24:42
PREDICTION for today's matches,General Discussion,5,39,11/9/2021,18:33
VS?,General Discussion,2,10,11/9/2021,23:56
time for the VLR special,General Discussion,3,11,12/9/2021,12:11
Group A,General Discussion,0,8,12/9/2021,12:03
Is Korea really underrated?,General Discussion,5,32,12/9/2021,12:22
heat and f0rsaken,General Discussion,7,32,12/9/2021,6:45
LAN BUFF,General Discussion,2,37,12/9/2021,24:10
forsaken big brain,General Discussion,3,2,15/9/2021,10:59
PRX vs SMB,General Discussion,2,28,15/9/2021,11:50
PRX i believe in magic,General Discussion,7,17,15/9/2021,21:15
chyper cam,General Discussion,0,45,16/9/2021,1:57
Best Jett Players on Masters,General Discussion,1,15,16/9/2021,2:47
most impressive player so far,General Discussion,2,42,18/9/2021,14:46
too much hate,Off Topic,0,25,19/9/2021,12:16
liquid so trash,General Discussion,0,17,19/9/2021,22:59
Valorant and CS:GO players with the same playstyle,General Discussion,0,13,21/9/2021,10:11
You Don’t Fight Racism With Racism,Off Topic,-2,15,26/9/2021,2:55
you have 10 dollar to buy your favorite player,General Discussion,2,37,28/9/2021,24:35
Night Market,General Discussion,3,24,30/9/2021,10:03
what's in your night market?,Off Topic,0,12,30/9/2021,23:33
Top 5 duelist in your region,General Discussion,0,52,4/10/2021,18:53
Vandal skins tier list,General Discussion,0,24,5/10/2021,21:36
Underrated Valorant Skins,General Discussion,3,41,9/10/2021,8:34
GE VS PAPER REX,General Discussion,4,7,11/10/2021,21:34
Why this win matters,General Discussion,14,6,12/10/2021,12:12
Skrossi,General Discussion,0,31,13/10/2021,1:18
UR TOP 5 PLAYERS ITW,Off Topic,-7,97,14/10/2021,24:09
We need to talk about skrossi,General Discussion,10,9,15/10/2021,1:43
FeelsBadMan for Benkai,General Discussion,5,13,15/10/2021,23:51
PRX comp,General Discussion,0,7,16/10/2021,12:00
Build your national team,General Discussion,5,103,17/10/2021,21:00
You have 1 player,Off Topic,2,70,23/10/2021,6:53
100T,General Discussion,0,69,31/10/2021,22:34
This came as a surprise but.....,Off Topic,9,23,5/11/2021,19:20
most hated pro?,General Discussion,0,77,10/11/2021,1:44
SEA play style,General Discussion,25,61,11/11/2021,12:13
Trademark Skins of Pros,General Discussion,0,35,15/11/2021,2:57
BRAZIL COME,General Discussion,0,42,4/12/2021,4:13
NA Pro Players + Minor Region Future?,General Discussion,1,100,4/12/2021,11:47
question to brs,General Discussion,0,17,8/12/2021,5:23
RIOT,General Discussion,5,14,8/12/2021,14:43
"Top best 5 Jetts in the world, non-biased",General Discussion,10,40,8/12/2021,17:33
SEA SUPERTEAM,General Discussion,1,11,8/12/2021,18:45
SEA Superteam,General Discussion,2,38,9/12/2021,13:53
Best player each country,General Discussion,2,67,9/12/2021,19:47
SEA super team?,General Discussion,1,9,19/12/2021,6:31
best players for all regions,General Discussion,0,23,28/12/2021,6:19
Favorite and least favorite player?,General Discussion,0,49,28/12/2021,4:28
s1mple speaking fax,Off Topic,22,86,19/1/2022,9:21
VALORANT GIVEAWAY CHRISTMAS 2022,General Discussion,21,75,24/1/2022,2:46
Is mw1 still contracted to VLT?,Off Topic,1,49,30/1/2022,6:17
How is your night market,General Discussion,0,8,10/2/2022,24:05
I guess your rank,Off Topic,0,346,13/2/2022,19:44
Skrossi cheating?,General Discussion,0,53,18/2/2022,22:55
This next vandal skin is actually sick,General Discussion,0,21,26/2/2022,6:12
Best Aimer per Region,General Discussion,0,19,9/3/2022,17:51
vlt fans come here,General Discussion,0,15,17/3/2022,12:41
Cracked APAC jetts,General Discussion,0,12,17/3/2022,12:51
SBE vs PRX,General Discussion,1,18,24/3/2022,17:10
PRX best strat!!,General Discussion,2,4,25/3/2022,1:19
prx xeria match,General Discussion,0,8,25/3/2022,23:02
SG TEAM,General Discussion,6,12,26/3/2022,20:12
Prx are just like ge??,General Discussion,0,88,27/3/2022,20:33
Re-ranking my top 8,General Discussion,0,31,28/3/2022,21:11
OPTIC Uffff,General Discussion,0,8,3/4/2022,22:05
Who will be the best player at Iceland.,General Discussion,3,32,4/4/2022,14:29
indo and india overrated,General Discussion,0,41,10/4/2022,19:01
Favorite player from each region?,General Discussion,3,24,11/4/2022,6:14
NIP vs PRX,General Discussion,0,15,12/4/2022,8:42
Whats your favorite skin collection,Off Topic,0,20,12/4/2022,13:45
PRX vs DRX in finals agree?,General Discussion,0,19,13/4/2022,3:49
DRX is going to lost to PRX,General Discussion,0,10,13/4/2022,16:58
Why PPR are rated so high,General Discussion,0,12,15/4/2022,19:06
PRX strats,General Discussion,1,7,16/4/2022,3:46
Is This What PRX Got,General Discussion,0,12,16/4/2022,3:55
YORUUUUUU LESSGOP,General Discussion,3,13,16/4/2022,4:28
Most overrated and underrated players in Iceland,General Discussion,0,32,16/4/2022,19:12
Best player for each agent in Masters,General Discussion,3,17,17/4/2022,5:03
Definition of ''Aim diff'',General Discussion,9,34,17/4/2022,8:19
