PRX something,Off Topic,40,113,3/3/2023,20:00
"""something is still above Demon1"" - f0rsaken",General Discussion,19,96,25/8/2023,5:39
Do you think something is eventually coming back..,General Discussion,0,94,29/6/2023,19:43
Doma & something beef,General Discussion,15,81,4/3/2023,5:33
PRX something too childish?,General Discussion,0,81,6/8/2023,23:48
Something is from EMEA,General Discussion,0,66,17/8/2023,5:19
MIBR DID SOMETHING RIGHT HOLY,General Discussion,4,63,23/8/2023,12:12
f0rsakeN and something lost to a GE player,General Discussion,0,62,13/3/2023,22:45
SOMETHING APAC,General Discussion,8,62,27/8/2023,2:16
Say something nice about a pro player/vlr user,General Discussion,6,61,27/8/2022,23:28
Something,General Discussion,4,59,5/5/2024,1:41
Something's gf calling player as rapist,Off Topic,7,58,26/7/2024,11:29
something ego,General Discussion,0,56,18/3/2024,19:53
PRX something potential,General Discussion,0,55,9/3/2023,8:42
"""something wont do good in T1 valorant""",General Discussion,12,55,22/5/2023,16:31
Riot needs to do something about the BR community,General Discussion,8,53,5/12/2021,14:34
Isn’t Something leaving?,General Discussion,1,52,4/8/2024,16:26
something hasn't signed contract yet?,General Discussion,0,51,14/3/2023,8:25
navi something,General Discussion,0,51,27/8/2023,1:01
Can pacific do something,General Discussion,0,51,27/5/2024,2:02
something and Demon1 nationality debate settled,General Discussion,4,50,27/8/2023,3:01
something > f0rsaken,General Discussion,1,50,13/5/2024,10:23
Expectations for prx something?,General Discussion,0,50,31/7/2023,21:40
Say something nice about another region,Off Topic,5,48,5/12/2021,13:14
Something and Chronicle saying i'm gold,General Discussion,0,46,27/7/2023,14:33
Something fraud,General Discussion,0,46,11/8/2023,8:13
“something overrated”,General Discussion,12,44,20/8/2023,3:08
Just realized something,General Discussion,3,43,28/2/2023,4:13
PRX Something,General Discussion,0,42,4/8/2023,18:52
Serious Something region discussion,General Discussion,2,42,17/8/2023,22:46
"Zyppan and Ardiis learnt something, Suy didn't",General Discussion,1,42,17/9/2022,1:58
something will play,General Discussion,8,41,17/6/2023,8:03
Something awp,General Discussion,0,41,7/12/2024,17:56
Something Operator,General Discussion,0,40,15/4/2023,18:11
do any of these abbreviations stand for something?,General Discussion,1,40,20/5/2024,22:22
How do teams tackle aim demons like PRX something,General Discussion,0,39,8/4/2023,22:55
something,General Discussion,6,39,28/5/2023,17:00
Something,General Discussion,0,39,11/8/2023,7:55
RIP PRX Something,General Discussion,0,39,6/3/2025,19:14
im cooking something...,Off Topic,0,38,20/1/2025,7:33
something is overated asf.,General Discussion,0,37,14/6/2023,3:40
The last time NA won something,General Discussion,12,37,26/6/2023,15:48
Sayf vs Something vs Sayaplayer,General Discussion,0,36,9/6/2023,24:33
"Something is from Russia/EU, so PRX = fraud",General Discussion,0,36,11/8/2023,9:00
Jinggg>Something AND ITS NOT CLOSE,General Discussion,0,36,7/3/2025,6:03
Something's Jett vs f0rsaken's Jett,General Discussion,0,35,4/3/2023,13:30
something rank #1,General Discussion,5,35,13/3/2023,19:41
PRX Something confirmed EMEA player,General Discussion,0,35,22/3/2023,19:53
Emea I realized something,General Discussion,0,35,23/6/2023,6:28
PRX Something so good,General Discussion,0,35,17/8/2023,5:13
Imagine calling something the best itw,General Discussion,0,34,11/8/2023,8:53
NRG 2024 proved something,General Discussion,0,34,31/5/2024,22:31
Something y’all won’t accept,General Discussion,8,34,1/2/2025,8:22
something,General Discussion,9,33,20/2/2023,19:54
PRX Something,General Discussion,1,33,8/4/2023,16:24
PRX Something,General Discussion,2,33,2/6/2023,18:19
"Something, the biggest fraud of apac",General Discussion,0,33,6/12/2023,15:10
prx something and his baffling decisions,General Discussion,10,33,23/3/2025,19:01
"Sentinels fan here, but something is bothering me",General Discussion,0,33,3/4/2024,12:49
-benkai +something,General Discussion,3,32,5/4/2023,21:06
2 Days before Something will be Exposed,General Discussion,0,32,4/8/2023,16:40
Something overrated AF,General Discussion,0,32,15/8/2023,3:40
Something EU,General Discussion,5,32,17/8/2023,5:26
Am I missing something,General Discussion,4,32,29/9/2023,3:38
100T COOKING SOMETHING ELSE,General Discussion,14,32,29/10/2023,6:00
SG something,General Discussion,0,31,4/3/2023,19:52
PRX something,General Discussion,0,31,8/4/2023,20:50
I want to say something before i go,Off Topic,13,31,25/4/2023,12:52
Something is what Tenz what promised to be,General Discussion,0,31,17/8/2023,5:11
Why something on Gekko,General Discussion,0,31,9/12/2023,19:28
PRX SOMETHING,General Discussion,7,31,13/4/2024,21:34
EMEA COME,General Discussion,0,250,2/5/2023,23:17
something,General Discussion,0,30,20/5/2023,17:58
PRX something roles?,General Discussion,0,29,22/3/2023,19:20
Is Something playing?,General Discussion,0,29,11/6/2023,8:05
Something that doesn't get talked about,General Discussion,0,29,6/8/2023,3:04
something,General Discussion,0,29,20/8/2023,2:32
is rushindra sinha smoking something,General Discussion,0,29,13/9/2023,17:40
Something is overrated,General Discussion,0,29,14/3/2024,2:13
if PRX disband,General Discussion,0,98,17/4/2024,1:37
Ex-Gambit + Something,General Discussion,0,28,24/5/2023,24:20
something's visa,General Discussion,0,28,19/6/2023,8:14
Something,General Discussion,0,28,10/10/2024,9:13
SG Something,General Discussion,6,27,12/3/2023,18:39
New Korean Superstar Something 2.0,General Discussion,0,27,17/5/2023,15:17
Navi Something,General Discussion,0,27,31/5/2023,17:20
something visa issue!!,General Discussion,0,27,8/6/2023,4:57
prx with something,General Discussion,0,27,21/7/2023,11:50
Why Something is considered an Import,General Discussion,12,27,17/8/2023,7:08
Something is from Indian part of Russia,General Discussion,7,27,20/8/2023,3:15
Demon1 vs something,General Discussion,2,27,20/8/2023,24:24
is furia leaving valorant or is something big happ,General Discussion,0,27,31/8/2023,5:21
Riot do something about this,General Discussion,6,27,29/7/2024,24:25
Navi something gonna hit ngl..,General Discussion,1,27,1/2/2025,22:06
bye something,General Discussion,0,27,4/3/2025,20:21
Something Big is coming for SEA & SA region.,General Discussion,3,27,26/9/2021,22:30
Looks like NA players are facing something legal??,Off Topic,0,27,4/12/2021,20:38
chances of something getting his visa?,General Discussion,1,26,15/6/2023,7:49
Something gonna play bad,General Discussion,0,26,9/8/2023,23:51
something,General Discussion,2,26,10/8/2023,3:17
PRX SOMETHING HACK,General Discussion,0,26,17/8/2023,22:27
VLR when something interesting happens:,General Discussion,0,26,3/12/2024,6:27
something,General Discussion,1,26,20/2/2025,16:30
PRX Something,General Discussion,0,26,23/3/2025,21:01
NRG Esports vs. Paper Rex – Champions Tour 2023: Masters Tokyo LR3,Off Topic,1,291,1/6/2023,12:56
vlr stat scraper ^-^,General Discussion,104,1471,22/11/2023,24:01
Something is fishy,General Discussion,6,25,13/1/2023,8:13
WHO THE HELL IS SOMETHING?,General Discussion,0,25,18/3/2023,13:28
something fans,General Discussion,0,25,30/7/2023,2:52
y0y vs something,General Discussion,3,25,28/9/2023,20:44
aspas reyna > something reyna,General Discussion,3,25,15/10/2023,1:27
something,General Discussion,0,25,19/2/2024,14:36
question about something,Off Topic,0,25,16/9/2024,3:34
i want to say something,General Discussion,6,25,29/4/2023,1:40
Rank these Jetts,General Discussion,1,77,9/12/2024,6:08
RIOT DO SOMETHING QUICK,General Discussion,1,24,24/7/2021,6:38
Boaster finally won something!,General Discussion,1,24,23/10/2022,1:29
KOI something,General Discussion,0,24,6/5/2023,19:49
PRX Something Overrated,General Discussion,0,24,11/8/2023,13:03
Something is Mid,General Discussion,0,24,20/8/2023,2:32
something,General Discussion,1,24,7/3/2024,22:55
TH can do something really big here,General Discussion,0,24,27/5/2024,22:21
something,General Discussion,0,24,1/12/2024,18:05
Establishing something to soft fans,General Discussion,27,24,17/9/2022,23:02
shouldve signed juicy instead of something,General Discussion,0,24,23/3/2023,20:55
Rank these Jetts,General Discussion,1,66,7/7/2024,16:56
100T Coaching Search Application,Off Topic,0,407,27/1/2025,3:11
i have something to confess.,General Discussion,0,23,3/12/2022,12:38
sg something is the next yay,General Discussion,0,23,19/2/2023,15:26
Skrossi Diffed Something,General Discussion,0,23,22/4/2023,15:24
Something masterclass Reyna,General Discussion,0,23,16/5/2023,18:00
demon1 and something,General Discussion,0,23,7/6/2023,20:41
Something will be playing,General Discussion,0,23,15/6/2023,9:59
SOMETHING FLICK??,General Discussion,0,23,27/8/2023,3:59
Paper Rex vs. EDward Gaming – Champions Tour 2023: Masters Tokyo LR2,General Discussion,0,266,1/6/2023,12:56
APAC RANK #1and#2 both are Something now,General Discussion,4,22,16/3/2023,20:31
PRX something,General Discussion,0,22,23/3/2023,23:23
Something is gonna be the highest rated player,General Discussion,3,22,31/5/2023,15:01
No Something or Demon1 ?,General Discussion,0,22,4/6/2023,24:23
something in japan?,General Discussion,15,22,13/6/2023,18:06
"Bro, prx w Something wouldve sweeped this event",General Discussion,11,22,24/6/2023,13:04
"""something is a fraud""",General Discussion,1,22,11/8/2023,8:27
PRX something initiator,General Discussion,1,22,24/9/2024,20:30
Valorant community wants something like LoL K/DA!!,General Discussion,0,21,14/6/2021,15:58
SG SOMETHING,General Discussion,0,21,24/3/2023,19:08
SOMETHING DOUBTERS,General Discussion,0,21,22/4/2023,15:43
PRX something,General Discussion,1,21,22/5/2023,16:44
"qw1, something, Demon1",General Discussion,0,21,11/6/2023,5:15
is something overrated?,General Discussion,0,21,1/8/2023,19:27
SOMETHING,General Discussion,0,21,20/8/2023,2:43
SOMETHING SHOT ON DEMON1,General Discussion,4,21,27/8/2023,4:20
something i realized about APAC pros,General Discussion,2,21,10/3/2025,18:43
Sen learn something,General Discussion,0,21,7/10/2023,19:25
can i say something,General Discussion,0,21,26/10/2023,5:16
RANK MADRID DUELISTS,General Discussion,0,59,5/3/2024,7:11
i just realized something,General Discussion,0,21,13/5/2024,20:47
EG Demon1 vs PRX something,General Discussion,0,20,25/5/2023,3:34
SOMETHING MVP !!!!,General Discussion,7,20,28/5/2023,19:54
NO SOMETHING IN JAPAN,General Discussion,3,20,4/6/2023,11:54
PRX Something Overrated,General Discussion,0,20,17/6/2023,14:17
something ive noticed on this site..,General Discussion,0,20,1/8/2023,3:06
something vs yay,General Discussion,5,20,27/4/2024,9:32
something has no aura,General Discussion,0,20,4/5/2024,19:41
PRX Something,General Discussion,2,20,22/9/2024,20:37
Something sova,General Discussion,1,20,25/11/2024,21:59
something should never play sova again ever,General Discussion,0,20,28/11/2024,16:53
do jinggg or something go?,General Discussion,0,20,2/2/2025,23:45
Something???,General Discussion,4,20,8/4/2023,18:44
omfg something ???,General Discussion,1,20,15/6/2023,18:40
VCT 2023 AWARDS,General Discussion,0,36,25/8/2023,12:58
yinsucollins reciepts,General Discussion,215,255,2/6/2024,2:04
Something SEN fans need to admit,General Discussion,0,20,4/7/2024,7:15
Need to settle something.,General Discussion,4,19,15/3/2022,7:21
something,General Discussion,0,19,20/2/2023,23:32
PRX something(mindfreak's Streaming Chat),General Discussion,0,19,4/3/2023,24:54
something interview,General Discussion,0,19,8/4/2023,20:07
a little something history,General Discussion,4,19,8/4/2023,20:31
Would Japanese Support Something?,General Discussion,0,19,8/4/2023,20:51
Something vs Demon1,General Discussion,0,19,24/5/2023,9:28
will something play for prx this tournament or not,General Discussion,0,19,20/6/2023,20:42
Something come,General Discussion,0,19,30/7/2023,20:14
Why argue against facts (Something),General Discussion,0,19,17/8/2023,5:32
prx something,General Discussion,0,19,5/12/2023,16:31
SOMETHING MIDDLE FINGER,General Discussion,8,19,18/3/2024,3:36
Prx something role switch?,General Discussion,1,19,24/9/2024,4:45
Something’s hair,General Discussion,0,19,18/11/2024,20:42
Goodbye Something,General Discussion,0,19,23/3/2025,17:10
something very serious...,Off Topic,-15,19,14/3/2022,6:58
Learned something today,General Discussion,19,19,17/6/2022,6:17
the future of PRX,General Discussion,7,94,7/3/2023,22:16
Are people hate watching NA or something?,General Discussion,5,19,2/4/2023,3:08
something is going to Tokyo,General Discussion,4,19,10/6/2023,18:53
Something about these cypher players man,General Discussion,0,19,13/12/2024,13:24
Something wrong with the rankings?,General Discussion,0,18,29/6/2020,12:09
Copy something from twitch chat and paste it here,General Discussion,1,18,5/12/2021,4:09
something mechanical skill,General Discussion,1,18,8/4/2023,19:03
PRX Something,General Discussion,1,18,6/5/2023,19:33
something and krystal,General Discussion,0,18,8/7/2023,20:12
Demon1 vs something,General Discussion,0,18,18/8/2023,18:41
Something,General Discussion,1,18,22/8/2023,11:56
Something overrated af,General Discussion,0,18,25/8/2023,6:37
Demon1 or Something,General Discussion,0,18,25/8/2023,20:42
Something>semen1,General Discussion,0,18,27/8/2023,4:30
Something is Somemid,General Discussion,0,18,21/4/2024,18:03
Aspas vs Something,General Discussion,0,18,9/7/2024,4:22
PRX SOMETHING going full initiator?,General Discussion,6,18,7/10/2024,16:53
something crazy,Off Topic,0,18,25/1/2023,16:51
Something,General Discussion,2,18,12/5/2023,17:23
Make your dream team.,General Discussion,0,81,8/10/2023,23:27
can I say something,General Discussion,0,18,7/6/2024,20:15
Something needs to be done about Asuna.,General Discussion,0,17,11/7/2021,5:05
Forsaken playing with Something Come watch,General Discussion,1,17,7/3/2023,21:43
something haters???,General Discussion,5,17,22/4/2023,17:22
something,General Discussion,0,17,15/6/2023,16:17
Steel has gotta have a 2nd job or something,General Discussion,1,17,30/6/2023,7:14
Idgaf as long as KK diffed Something,General Discussion,0,17,11/8/2023,8:52
Something is overrated,General Discussion,0,17,5/3/2024,16:22
Aspas vs Something OP?,General Discussion,0,17,6/5/2024,12:24
Something,General Discussion,0,17,3/6/2024,18:08
"Jemkin, something, demon1, nats, and chronicle",General Discussion,1,17,1/2/2025,15:32
About JasonR,General Discussion,0,143,23/2/2022,3:03
please tell me something to calm me down,General Discussion,1,17,1/9/2022,7:26
i might be onto something,General Discussion,1,17,3/2/2024,24:29
Seeing MIBR in something out of groupstage,General Discussion,0,17,26/2/2024,20:08
EMEA has something on Riot,General Discussion,0,17,31/5/2024,19:39
I dont get people who pirate stuff,Off Topic,-48,122,16/9/2024,13:26
prx player ranking,General Discussion,5,45,25/11/2024,3:07
something to watch,Off Topic,0,16,18/11/2022,19:01
Valorant Storylines Are Something Else,General Discussion,0,16,24/4/2023,7:02
something boring player,General Discussion,0,16,28/5/2023,18:58
Something is proven,General Discussion,7,16,28/5/2023,19:13
Something bait?,General Discussion,0,16,10/6/2023,19:50
will something play?,General Discussion,0,16,15/6/2023,1:38
"""PRX w/o something wouldn't make that much diff""",General Discussion,16,16,24/6/2023,16:14
SOMETHING IS THE GOAT,General Discussion,7,16,10/8/2023,2:27
something raze,General Discussion,0,16,18/4/2024,23:41
Something's Jett,General Discussion,4,16,22/6/2024,20:56
someone do something,General Discussion,0,16,11/9/2024,19:24
PRX something sova suck,General Discussion,5,16,29/11/2024,18:00
Team Secret vs. Paper Rex – Champions Tour 2023: Pacific League W2,General Discussion,0,156,10/3/2023,22:45
I NOTICED SOMETHING,General Discussion,10,16,10/5/2023,18:44
Jemkin,General Discussion,1,60,14/5/2023,20:27
Riot needs to step in and do something,General Discussion,0,16,25/6/2023,14:57
PRX Cringe,General Discussion,0,453,10/8/2023,2:55
SOMETHING DOUBTERS COME,General Discussion,0,16,20/8/2023,3:02
better PRX roleswap,General Discussion,0,28,25/3/2025,14:44
Something,General Discussion,4,15,20/2/2023,19:45
prx something is possible,General Discussion,0,15,11/3/2023,17:01
Can riot do something about c9?,General Discussion,0,15,12/3/2023,7:41
something,General Discussion,3,15,8/4/2023,18:46
Something IS SO CUTE,General Discussion,0,15,12/5/2023,18:16
UPDATE ON SOMETHING??,General Discussion,0,15,14/6/2023,1:22
prx something,General Discussion,0,15,17/6/2023,6:01
Something is flying to Tokyo right now.,General Discussion,0,15,19/6/2023,13:01
Fut’s ankle will be broken by Something,General Discussion,0,15,16/8/2023,13:31
something = Best Jett,General Discussion,0,15,20/8/2023,3:08
something come,General Discussion,0,15,25/8/2023,4:47
something,General Discussion,0,15,25/8/2023,7:18
something is better in reyna than jett,General Discussion,0,15,27/8/2023,3:37
something raze,General Discussion,0,15,27/8/2023,21:05
Something getting that bag,General Discussion,6,15,23/9/2023,24:14
yay vs something,General Discussion,2,15,28/9/2023,21:59
SOMETHING JETT,General Discussion,0,15,18/3/2024,1:24
"Forget monyet, lets talk about something",General Discussion,0,15,24/3/2024,11:55
PRX Something,General Discussion,1,15,13/7/2024,15:34
Something is back to his old sens(0.7),General Discussion,5,15,14/7/2024,21:19
question about something (the player),General Discussion,0,15,15/7/2024,19:36
something breach,General Discussion,0,15,20/7/2024,15:52
pizza or something else,Off Topic,0,15,22/12/2024,13:39
you ever read something so annoying,Off Topic,-2,15,11/1/2025,1:41
why is aaaay standing like its something,Off Topic,0,15,16/3/2025,18:47
you guys are something else,General Discussion,7,15,16/9/2021,21:09
steel,General Discussion,3,21,26/2/2022,24:58
Gym Post,Off Topic,223,863,16/8/2022,11:25
Dgzin is something else,General Discussion,3,15,19/5/2023,2:47
Something = Demon1,General Discussion,0,15,25/5/2023,5:10
PRX something,General Discussion,0,15,10/6/2023,24:30
This or that ? (2),General Discussion,0,29,30/6/2023,13:51
Asuna thinks he something ?,General Discussion,0,15,13/2/2024,22:06
can I say something?,General Discussion,1,15,27/2/2024,10:01
KC fans are something,General Discussion,3,15,16/3/2024,24:22
I have to admit something,Off Topic,0,15,25/6/2024,22:14
something,General Discussion,0,15,20/7/2024,15:55
"Pacific bros, I want to know something",General Discussion,0,15,9/8/2024,15:29
Jp roster moves megathread,General Discussion,70,1031,12/7/2024,16:43
Sen won something today,General Discussion,3,14,2/5/2022,8:45
Say something random,Off Topic,0,14,19/2/2023,14:08
I just realized something,General Discussion,0,14,25/3/2023,18:00
Riot pls do something about KC,General Discussion,4,14,15/4/2023,2:44
something not going to tokyo,General Discussion,0,14,4/6/2023,18:55
Demon1 and Something,General Discussion,0,14,7/6/2023,22:35
SOMETHING SET TO MISS TWO MATCHES,General Discussion,0,14,15/6/2023,13:13
something just arrived,General Discussion,0,14,15/6/2023,19:41
Something playing tomorrow ?,General Discussion,0,14,18/6/2023,14:53
prx with something,General Discussion,0,14,20/6/2023,14:34
something,General Discussion,3,14,20/6/2023,14:48
Something,General Discussion,0,14,23/6/2023,17:57
Something isn’t Asian,General Discussion,0,14,29/6/2023,22:46
PRX Something,General Discussion,0,14,10/8/2023,2:27
something HATERS COME,General Discussion,0,14,25/8/2023,5:38
something,General Discussion,4,14,23/3/2024,1:46
something,General Discussion,0,14,3/5/2024,17:33
Primmie is the next something,General Discussion,0,14,12/7/2024,22:43
Something Rostermania 2025,General Discussion,0,14,19/8/2024,3:06
zmjjkk > something,General Discussion,1,14,25/2/2025,19:40
C9B fans come,General Discussion,0,146,5/7/2021,4:53
Explain me something,General Discussion,0,14,20/3/2022,4:50
JasonR,General Discussion,0,117,27/3/2022,14:26
I just realized something,General Discussion,1,14,18/9/2022,5:34
Top 10 Best Jetts?,General Discussion,0,62,25/6/2023,10:28
congrats something,General Discussion,0,14,30/7/2023,4:00
PRX fans come,General Discussion,0,21,20/8/2023,15:41
something with 1 kill...,General Discussion,0,14,25/8/2023,3:42
can I say something,General Discussion,0,14,14/4/2024,8:51
something's wrong here,General Discussion,0,14,4/5/2024,15:33
Who Wins [Aim Duel],General Discussion,6,71,9/7/2024,6:22
Prx something,General Discussion,0,14,19/8/2024,12:36
prx 2026,General Discussion,0,47,2/2/2025,12:33
OHHHHHHHHH NO,General Discussion,1,31,6/3/2025,16:54
Youtube Chat Is Something Else......,General Discussion,5,13,21/8/2021,22:50
Riot Should do Something,General Discussion,5,13,17/3/2022,23:57
"Russian Player : Ilya ""Something"" Petrov",General Discussion,1,13,22/2/2023,13:23
Something’s expectations,General Discussion,1,13,22/5/2023,16:54
SOMETHING IN THE WAY,Off Topic,1,13,15/6/2023,21:24
Where is Something?,General Discussion,0,13,19/6/2023,24:58
SOMETHING MEAT RIDERS GET IN HERE,General Discussion,0,13,21/6/2023,16:37
Jemkin the new Something?,General Discussion,0,13,29/6/2023,3:28
Something just dissed America?,General Discussion,0,13,10/8/2023,1:48
something overhyped,General Discussion,0,13,25/8/2023,2:58
something 4-1 semen1,General Discussion,1,13,25/8/2023,3:05
"DEMON1, SOMETHING, ASPAS",General Discussion,3,13,27/8/2023,4:27
prx something,General Discussion,0,13,6/9/2023,7:31
Something is the S1mple of valorant,General Discussion,0,13,23/3/2024,2:47
something???,General Discussion,0,13,1/5/2024,5:13
Why not play something on neon??,General Discussion,3,13,5/7/2024,15:30
SOMETHING COME,Off Topic,0,13,27/7/2024,12:46
something,General Discussion,0,13,6/8/2024,4:16
something’s agent pool,General Discussion,1,13,29/11/2024,17:37
Something,General Discussion,0,13,30/11/2024,16:21
There's something wrong with Derke's fans,General Discussion,0,13,23/2/2025,6:47
-miniboo +something,General Discussion,1,13,6/3/2025,21:25
NAVI need to change something,General Discussion,0,13,23/11/2021,2:32
Something Amazing And Funny!,Off Topic,5,13,18/2/2022,14:00
CSGO is NOT harder than Valorant,General Discussion,8,73,25/4/2022,6:21
Keznit racism in CS,General Discussion,42,158,9/8/2022,3:26
Something is cracked,General Discussion,4,13,28/1/2023,10:40
SG something sens,General Discussion,0,13,3/2/2023,11:44
LETS GO SOMETHING,General Discussion,1,13,8/4/2023,18:27
Is qw1 top 5 duelist itw?,General Discussion,0,102,22/5/2023,14:40
What's YOUR top 10 players in masters Tokyo,General Discussion,3,52,7/6/2023,3:05
PRX without Jinggg,General Discussion,0,33,24/6/2023,11:57
EU teams roster upgrades (come),General Discussion,0,43,29/6/2023,21:56
My boyfriend does something weird when he's angry,General Discussion,1,13,20/7/2023,3:45
Start Bench Cut - Young Duelist Edition,General Discussion,0,18,2/8/2023,7:03
Forsaken,General Discussion,0,34,22/8/2023,16:14
Every agent GOAT,General Discussion,0,108,19/9/2023,4:21
jemkin vs something,General Discussion,1,13,5/7/2024,17:39
What is limiting PRX?,General Discussion,1,73,13/7/2024,17:39
Is something leaving PRX?,General Discussion,0,13,18/8/2024,11:25
START BENCH SELL (IMPOSSIBLE EDITION),General Discussion,0,30,4/10/2024,2:23
something,General Discussion,0,12,20/2/2023,17:26
Something,General Discussion,0,12,22/2/2023,15:44
PRX something,General Discussion,0,12,25/3/2023,7:57
Something,General Discussion,0,12,2/4/2023,11:42
SOMETHING APPRECIATION THREAD,General Discussion,0,12,8/4/2023,19:29
something,General Discussion,0,12,15/4/2023,23:02
something to think about,General Discussion,0,12,20/5/2023,5:04
something isnt a good team player,General Discussion,0,12,28/5/2023,16:04
Something > Demon1,General Discussion,0,12,28/5/2023,16:12
PRX WITHOUT SOMETHING,General Discussion,0,12,14/6/2023,21:14
PRX without something are good,General Discussion,0,12,20/6/2023,14:25
SOMETHING COME,General Discussion,12,12,21/6/2023,16:40
I just noticed something #brazil,General Discussion,0,12,25/6/2023,22:31
PRX something,General Discussion,0,12,3/8/2023,2:59
just played something in ranked,General Discussion,0,12,6/8/2023,3:28
cgrs > something,General Discussion,1,12,27/8/2023,3:22
Something actual GIGACHAD,General Discussion,4,12,27/8/2023,4:30
Planning something big,General Discussion,0,12,29/8/2023,12:50
I'm drunk af tell me something that would ge me ba,General Discussion,0,12,27/9/2023,12:21
YAY VS SOMETHING PART2,General Discussion,0,12,28/9/2023,22:34
something,General Discussion,0,12,12/8/2024,9:05
g2 icy looks like prx something,General Discussion,0,12,25/8/2024,17:49
Something,General Discussion,2,12,1/2/2025,20:24
We need a name for something like this...,General Discussion,0,12,5/12/2021,1:26
Zeta proves something,General Discussion,5,12,19/4/2022,12:38
Russ is something,General Discussion,0,11,12/7/2022,3:23
Talon Esports vs. Paper Rex – Champions Tour 2023: Pacific League W6,General Discussion,0,102,10/3/2023,22:49
Something doubters real quiet rn,General Discussion,0,12,6/5/2023,19:33
Paper Rex Tweet,General Discussion,1,39,4/6/2023,11:28
Is sthing really important ???,General Discussion,0,28,20/6/2023,17:02
kk>>>>>something,General Discussion,4,12,11/8/2023,8:15
LEViatan show us something,General Discussion,4,12,7/4/2024,7:43
PRX something,General Discussion,0,12,5/5/2024,16:27
f0rsakeN PLZ,General Discussion,1,57,13/7/2024,21:29
Something has the best flick shot itw,General Discussion,0,12,20/7/2024,16:03
New scandal in Korean Esports,General Discussion,42,412,23/7/2024,20:15
Was Fnatic Great? Come Prove it,General Discussion,0,120,17/9/2024,8:50
Let me understand something...,General Discussion,1,12,22/9/2024,2:30
VALORANT World Cup,General Discussion,9,256,14/10/2024,9:54
Can we do something about this as a community,General Discussion,0,12,10/11/2024,24:00
VCT KPopfication,General Discussion,13,154,25/2/2025,17:21
PRX Something update?,General Discussion,0,11,18/3/2023,20:39
PRX SOMETHING,General Discussion,3,11,22/3/2023,19:04
Something debut against Team Secret?,General Discussion,0,11,1/4/2023,16:32
Something vs Zmjjkk,General Discussion,1,11,22/4/2023,18:02
something vs demon1,General Discussion,0,11,25/5/2023,24:59
Something not going to make it to Tokyo,General Discussion,0,11,7/6/2023,4:58
Something happen to loud current roaster?,General Discussion,0,11,13/7/2023,9:55
SOMETHING IS GOOD BUT HE'S NOT SOMETHING,General Discussion,0,11,10/8/2023,3:03
whats something that can start a massive argument,Off Topic,0,11,5/9/2023,6:51
i will say something nice,Off Topic,-25,11,2/11/2023,17:50
Anq is the next something,General Discussion,0,11,20/2/2024,17:55
I want to say something about KRU,General Discussion,0,11,11/5/2024,8:43
Something bad is happening,General Discussion,4,11,27/5/2024,21:56
I have something controversial to say,Off Topic,0,11,11/9/2024,4:30
Something,General Discussion,0,11,24/11/2024,19:51
TL Something,General Discussion,0,11,2/2/2025,2:55
Fnatic Something brewing,General Discussion,0,11,11/2/2025,22:00
SINCE ALL TEAMS BAN SPLIT RIOT SHOULD DO SOMETHING,General Discussion,1,11,27/5/2021,12:21
Guard making something happen ???,General Discussion,0,11,16/4/2022,5:30
Something serious bothering me,Off Topic,2,11,31/7/2022,17:43
Did something happen?,General Discussion,0,11,13/9/2022,2:33
obesity in NA,Off Topic,16,114,15/2/2023,11:17
SOMETHING 120 KILLS,General Discussion,0,11,19/2/2023,15:10
Ardiis accuses TBK of cheating,General Discussion,23,136,8/3/2023,22:21
Trembo onto something?,General Discussion,1,11,12/3/2023,10:32
DELUSIONAL Indians Come,Off Topic,1,45,30/3/2023,15:16
Lmao something has to change,General Discussion,5,11,17/4/2023,5:16
favorite pros?,General Discussion,0,78,10/5/2023,9:35
Is something story a Cinderella one,General Discussion,1,11,28/5/2023,21:26
don’t let the fact that something isn’t here,General Discussion,0,11,17/6/2023,13:05
Explaining NTK and pancc situation,General Discussion,8,63,1/7/2023,9:50
Is NA unironically the worst region?,General Discussion,0,73,1/7/2023,24:29
Who's the better EU import?,General Discussion,0,36,10/8/2023,1:10
Something mid,General Discussion,0,11,10/8/2023,3:40
Jinggg replacement,General Discussion,0,76,20/8/2023,24:45
who cooked something on Breach,General Discussion,1,11,27/8/2023,5:00
wanna hear something depressing?,General Discussion,0,11,8/2/2024,12:25
Something Yoru,General Discussion,1,11,8/2/2024,1:55
best player from each country,General Discussion,0,62,21/2/2024,24:51
something,General Discussion,0,11,16/3/2024,12:32
qck and something,General Discussion,1,11,17/3/2024,4:27
I just realized something,General Discussion,0,11,12/4/2024,18:05
Which is better: Valorant edition,General Discussion,0,19,24/4/2024,9:43
something's eyes,Off Topic,1,11,26/4/2024,17:06
Prx something,General Discussion,0,11,22/6/2024,20:25
"Deep-thinkers, come (worldview discussion)",Off Topic,5,51,8/9/2024,15:01
I wanna say something.,General Discussion,0,11,12/10/2024,12:49
Did steel leave casting or something?,General Discussion,1,11,9/11/2024,11:09
man what to do with my life,Off Topic,14,98,15/12/2024,3:47
Does Reject have something that you can't reject?,General Discussion,0,11,8/1/2025,16:56
Most important part of geng success.,General Discussion,0,28,2/2/2025,19:05
PRX real fix,General Discussion,0,34,2/2/2025,20:22
If you were to gift G2 players something?,General Discussion,0,11,4/3/2025,20:52
something constructive to talk about?,General Discussion,0,10,18/4/2022,24:41
why my boy something,General Discussion,0,10,9/3/2023,21:37
something live,General Discussion,0,10,23/3/2023,11:46
Something plays tomorrow,General Discussion,2,10,8/4/2023,4:47
holy something,General Discussion,1,10,8/4/2023,18:46
did newzera abandoned mid game or something,General Discussion,0,10,20/4/2023,19:29
something hater come,General Discussion,0,10,28/5/2023,19:53
Something I have wanted to say for a while....,Off Topic,12,10,7/6/2023,22:56
something in Japan???,General Discussion,0,10,13/6/2023,23:31
Is Something in Tokyo or not???,General Discussion,0,10,15/6/2023,2:42
something,General Discussion,1,10,15/6/2023,13:35
PRX Something,General Discussion,0,10,16/6/2023,19:40
PRX Something,General Discussion,1,10,17/6/2023,18:05
WHERE IS SOMETHING,General Discussion,0,10,20/6/2023,14:40
prx something,General Discussion,2,10,24/6/2023,10:24
WHY SOMETHING WOULDNT CHANGE TOURNAMENT RESULTS,General Discussion,0,10,24/6/2023,13:06
Why something > f0rsakeN on duelists,General Discussion,0,10,24/6/2023,23:26
something,General Discussion,0,10,11/8/2023,8:16
Demon1 >= something,General Discussion,0,10,17/8/2023,1:15
if prx without something,General Discussion,0,10,20/8/2023,5:21
Kankan thinks he is something,General Discussion,1,10,21/8/2023,2:27
where is something,General Discussion,0,10,25/8/2023,3:51
Something's Knife Kill restored the timeline,General Discussion,7,10,25/8/2023,4:07
something,General Discussion,0,10,19/3/2024,1:08
You are not that guy Something,General Discussion,0,10,19/3/2024,2:09
SOMETHING RESPECT,General Discussion,1,10,19/3/2024,2:41
feels like EG is missing something,General Discussion,0,10,3/11/2024,4:01
Why Something should be main duelist in PRX,General Discussion,0,10,21/11/2024,21:12
Something on PRX doesn't make sense anymore,General Discussion,1,10,30/3/2025,17:39
I found something out about APAC LCQ,General Discussion,0,10,16/10/2021,18:17
brazillians think they did something,General Discussion,0,10,7/12/2021,8:27
Something is going on behind the scenes in Sentine,General Discussion,1,10,7/5/2022,9:21
guys i have something to say,General Discussion,0,10,16/7/2022,9:13
Something is a beast,General Discussion,6,10,2/2/2023,20:56
SOMETHING is FREE,General Discussion,0,10,22/3/2023,18:32
is SEN trolling or something?,General Discussion,0,10,2/4/2023,4:46
Fnatic vs prx [firepower],General Discussion,3,33,28/5/2023,12:25
Best Duelists 2023,General Discussion,0,54,8/6/2023,17:38
Fnatic carried by Asian player,General Discussion,0,49,30/6/2023,12:38
Jakee's girlfriend racist and xeno tweet ??,General Discussion,86,207,23/7/2023,8:28
PRX fans and haters come,General Discussion,2,54,27/7/2023,9:35
TOP 3 ENTRY FRAGGER IN CHAMPS 2023,General Discussion,0,49,2/8/2023,13:21
Something,General Discussion,0,10,20/8/2023,4:42
Top 5 Aimers ITW,General Discussion,0,29,20/8/2023,24:05
EG and PRX fans come,General Discussion,3,27,21/8/2023,9:15
Something Off Day Or Fraud Player?,General Discussion,0,10,25/8/2023,5:35
",,Updated"" TOP 20 PLAYERS OF THE YEAR",General Discussion,0,49,27/8/2023,23:44
Ask me Anything,Off Topic,14,281,13/12/2023,2:52
I need something to do,Off Topic,1,10,8/1/2024,6:19
something doubters come,General Discussion,0,10,18/3/2024,2:58
PRX are the most toxic team in VCT (reminder),General Discussion,0,198,18/3/2024,4:41
something,General Discussion,1,10,19/3/2024,1:16
Build your roster ($15),General Discussion,0,30,25/3/2024,7:55
RANK THE FOLLOWING DUOS,General Discussion,0,17,31/3/2024,13:50
Prx have no excuses,General Discussion,1,50,7/4/2024,11:50
I wanted to test out something.,General Discussion,0,10,6/7/2024,16:52
Copypasta Archival Thread,Off Topic,40,119,17/7/2024,21:20
Current World Cup,General Discussion,9,123,30/8/2024,7:04
prx roster,General Discussion,0,27,10/9/2024,24:21
PRX Hyunminn,General Discussion,0,31,11/9/2024,22:26
Something I've noticed about vlr,General Discussion,0,10,17/9/2024,22:04
Paper Rex,General Discussion,1,50,7/10/2024,10:35
Valorant Fantasy Draft,General Discussion,0,23,27/10/2024,11:06
Suggest me something to watch!,General Discussion,0,10,20/12/2024,22:14
PRX SOMETHING SOVA,General Discussion,2,10,23/3/2025,16:32
noticed something on homeground fracture games?,General Discussion,0,9,12/11/2021,16:36
apologize to something?,General Discussion,0,9,24/3/2022,7:50
something,General Discussion,0,9,8/3/2023,22:59
Transfer window and SG Something,General Discussion,2,9,21/3/2023,19:36
Something hype is insane,General Discussion,0,9,8/4/2023,18:04
something opinion,General Discussion,0,9,22/4/2023,17:48
something and Japan,General Discussion,6,9,20/5/2023,20:48
Something Vs japan,General Discussion,6,9,15/6/2023,9:16
Poor something,General Discussion,0,9,17/6/2023,24:20
Something just landed in Tokyo (confirmed),General Discussion,6,9,21/6/2023,1:18
something visa for champs?,General Discussion,0,9,25/6/2023,23:12
If PRX didn't recruit Something,General Discussion,0,9,22/7/2023,8:00
"Exposing the underlying meaning ""Something is EU""",General Discussion,0,9,17/8/2023,6:18
aspas vs something,General Discussion,0,9,17/8/2023,7:54
Jinggg > something,General Discussion,0,9,25/8/2023,8:03
something,General Discussion,1,9,27/8/2023,3:17
DEMON1 started it. Something will end it.,General Discussion,0,10,25/8/2023,3:56
Something botssi cosplay?,General Discussion,0,9,19/2/2024,14:34
something 6-10 monyet 5-11 FKFD,General Discussion,2,9,16/3/2024,12:49
Something raze,General Discussion,1,9,16/3/2024,10:22
something needs to lower his sens,General Discussion,0,9,21/3/2024,22:30
Something Doubters,General Discussion,0,9,23/3/2024,2:50
something gekko,General Discussion,2,9,23/3/2024,3:14
something is carrying,General Discussion,1,9,23/3/2024,4:55
make something learn raze,General Discussion,0,9,24/3/2024,4:21
i’ve just realized something,General Discussion,0,9,4/4/2024,21:56
KC something fishy,General Discussion,0,9,12/8/2024,3:41
something playing like prime skrossi,General Discussion,0,9,25/11/2024,21:38
"Goodbye Something, Hello Patmen",General Discussion,0,9,23/3/2025,16:24
I'll whisper something...,General Discussion,2,9,3/12/2021,16:46
Onur such an L fr,General Discussion,6,47,8/1/2022,23:24
Voice Ban,Off Topic,-8,16,21/1/2022,18:45
tell me ur problem,Off Topic,12,158,16/2/2022,21:38
Jing going for military or something?,General Discussion,0,9,27/9/2022,21:44
Where do yall rank talon with pati?,General Discussion,3,63,26/10/2022,2:28
Fisker,General Discussion,10,42,4/2/2023,11:42
People dont understand what Game Changers is for.,General Discussion,58,167,3/3/2023,20:37
APAC Aim Gods,General Discussion,0,66,17/3/2023,23:25
something is officially free,General Discussion,3,9,22/3/2023,18:02
PRX SOMETHING,General Discussion,0,9,26/3/2023,18:01
Something must be feeling great,General Discussion,4,9,8/4/2023,20:19
SOMETHING REYNA!!!,General Discussion,0,9,16/5/2023,17:40
Best Pacific Jett player is.....,General Discussion,3,36,16/5/2023,21:57
Something?,General Discussion,3,9,20/5/2023,18:48
something +31,General Discussion,1,9,28/5/2023,19:50
Something,General Discussion,0,9,3/6/2023,17:26
Make your own team (2),General Discussion,0,54,7/6/2023,19:52
Something is here,General Discussion,0,9,13/6/2023,18:18
Playoffs: No biased people come to discuss please,General Discussion,2,40,14/6/2023,22:45
About Something,General Discussion,0,9,15/6/2023,9:32
SOMETHING TWEET,General Discussion,0,9,17/6/2023,24:03
Pacific come,General Discussion,0,40,19/6/2023,24:41
PRX fans,General Discussion,0,35,19/6/2023,24:42
Smth,General Discussion,0,30,19/6/2023,13:37
why is something not playing?,General Discussion,0,9,20/6/2023,14:16
Jemkin something vici and Krystal,General Discussion,0,9,29/6/2023,1:57
Is Trexx top 10 in the world?,General Discussion,0,52,21/7/2023,22:51
Top 10 duelists rn,General Discussion,5,62,24/7/2023,23:34
Paper Rex,General Discussion,0,15,27/7/2023,24:46
something,General Discussion,0,9,11/8/2023,8:22
Best Russian Player,General Discussion,2,61,18/8/2023,19:07
Your top 10 players,General Discussion,0,30,19/8/2023,23:59
Something,General Discussion,3,9,25/8/2023,3:40
SOMETHING FRAUD IM PISSED,General Discussion,4,9,25/8/2023,4:55
Something,General Discussion,0,9,27/8/2023,6:28
Japanese,General Discussion,20,227,18/9/2023,14:23
Indian,Off Topic,19,387,18/9/2023,20:07
Russian Duelist,General Discussion,0,11,19/9/2023,17:51
Prx problem and its something,Off Topic,-7,9,7/1/2024,23:14
NRG < prx,General Discussion,0,29,29/3/2024,19:23
keznit racism allegations,General Discussion,0,271,5/5/2024,9:34
russian superteam,General Discussion,0,28,5/7/2024,1:02
something gf,General Discussion,2,9,27/7/2024,1:43
first player you think of when you see every agent,General Discussion,0,55,30/7/2024,12:41
PRX actual problems,General Discussion,7,31,5/8/2024,15:40
mazino allegations,General Discussion,32,147,9/8/2024,3:20
FNATIC WAS NEVER GREAT,General Discussion,0,132,18/8/2024,18:36
Notice something about cn/apac pros,General Discussion,3,9,28/8/2024,7:24
top 5 overrated players go,General Discussion,0,97,13/10/2024,23:03
If I was HC of PRX...,General Discussion,2,62,18/10/2024,8:26
list your top 5 respective in their roles,General Discussion,0,57,12/11/2024,21:56
Who’d you rather have on your team,General Discussion,3,24,26/11/2024,8:07
JP Val is something else,General Discussion,2,9,27/11/2024,18:56
Can PRX's flexibility win them master in vct 2025,General Discussion,2,39,2/12/2024,19:20
prx something skins,General Discussion,3,9,5/1/2025,9:24
PRX Roster Rankings,General Discussion,0,25,27/1/2025,7:48
What PRX will do,General Discussion,0,28,4/3/2025,20:04
My opinion on Paper Rex,General Discussion,5,28,11/3/2025,18:53
braindead vct fans,General Discussion,8,9,26/3/2025,21:29
SG something,General Discussion,0,8,6/3/2023,4:53
Nakji is the Something of Korea,General Discussion,1,8,12/4/2023,7:34
Rossi do Something,General Discussion,0,8,22/4/2023,17:15
SOMETHING BREACH?!,General Discussion,1,8,1/5/2023,19:14
purp0 vs something,General Discussion,0,8,23/5/2023,16:18
Something will demolish DRX,General Discussion,0,8,28/5/2023,14:39
something,General Discussion,1,8,28/5/2023,17:43
something and demon1,General Discussion,1,8,4/6/2023,21:42
something tokyo,General Discussion,1,8,7/6/2023,21:14
something is here,General Discussion,0,8,16/6/2023,20:26
i met something,General Discussion,0,8,17/6/2023,11:23
Something vs nobody,General Discussion,0,8,19/6/2023,16:43
Something international debut will be CHAMPS!,General Discussion,1,8,24/6/2023,13:07
something rn,General Discussion,2,8,24/6/2023,13:10
Does this say something about FNC?,General Discussion,3,8,14/8/2023,5:56
Something,General Discussion,0,8,20/8/2023,2:23
Rrq CEO and COO about something,General Discussion,1,8,23/8/2023,17:15
get something off prx,General Discussion,0,8,25/8/2023,4:52
is GE something real?,General Discussion,0,8,10/9/2023,5:05
Jingg vs Something vs Buzz vs Kangkang DM!,General Discussion,0,8,23/9/2023,10:45
Something,General Discussion,0,8,9/12/2023,19:48
SOMETHING TOP 10,General Discussion,0,8,16/3/2024,12:42
SOMETHING,General Discussion,0,8,23/3/2024,23:02
OMG EMEA WON SOMETHING IM CRYING,General Discussion,1,8,24/3/2024,22:56
jinggg or something,General Discussion,0,8,8/4/2024,1:10
something I'll never understand,General Discussion,0,8,25/4/2024,8:19
something wearing EG kit on stream,General Discussion,0,8,5/5/2024,21:46
something feels off,General Discussion,0,8,10/7/2024,5:18
Something leave prx,General Discussion,2,8,18/8/2024,17:46
Has PRX ever lost on Pearl since something joined,General Discussion,1,8,1/12/2024,21:14
-something +benkai,General Discussion,0,8,3/2/2025,2:15
Something come back home brother,General Discussion,0,8,3/2/2025,19:13
If PRX gonna kick Something,General Discussion,0,8,4/3/2025,21:39
Something just clicked in my mind,General Discussion,0,8,11/3/2025,22:37
tenz reply to yay,General Discussion,3,152,19/9/2021,12:38
Something off with NUTURN,General Discussion,0,8,13/10/2021,21:35
Something I don't understand about Clash Royale,Off Topic,0,8,28/10/2021,16:46
Something I'm curious about,General Discussion,1,8,18/11/2021,1:03
TSM finally won something,Off Topic,2,8,21/2/2022,7:18
only 1 slot for Brazil,General Discussion,0,381,14/4/2022,6:08
I just learned something,General Discussion,0,8,29/7/2022,11:29
What is a 'bug',General Discussion,0,32,14/9/2022,24:47
Something big is coming according to Noyn,General Discussion,0,8,12/10/2022,4:12
something crazy to think about,General Discussion,2,8,18/11/2022,16:54
What is your Religion?,Off Topic,6,167,21/12/2022,4:30
Something and Vici,General Discussion,0,8,27/2/2023,22:15
mad lions is up to something,General Discussion,1,8,2/3/2023,5:20
Counter Strike 2,Off Topic,0,62,23/3/2023,24:51
all this PRX something debut and we forgot that...,General Discussion,4,8,8/4/2023,20:21
Something,General Discussion,1,8,22/4/2023,18:01
Famers League,General Discussion,0,19,28/5/2023,19:15
something reyna,General Discussion,4,8,28/5/2023,19:34
Top 5 Russian players,General Discussion,2,41,28/5/2023,20:42
Odd of PRX winning it all without Something? ?,General Discussion,0,8,7/6/2023,8:01
something,General Discussion,0,8,15/6/2023,6:36
No Something,General Discussion,2,8,19/6/2023,24:16
Damn PRX won that,General Discussion,1,15,20/6/2023,14:42
Delusional Asians,General Discussion,0,110,20/6/2023,16:04
Something is NOT attending Tokyo,General Discussion,6,8,20/6/2023,18:15
vlr users who are your top 10 pro valorant players,General Discussion,0,51,27/6/2023,24:44
best 6th man in VCT,General Discussion,0,31,13/7/2023,12:15
im doing something exclusive,Off Topic,0,8,19/7/2023,1:30
how is kangkang overrated,General Discussion,3,65,30/7/2023,18:54
TARIK WATCH PARTY AND HIS CHAT ARE CRINGE ASF,General Discussion,0,80,10/8/2023,16:25
Nobody and something,General Discussion,2,8,10/8/2023,23:47
"Something Fraud , But Jinggg",General Discussion,0,8,20/8/2023,2:32
G.O.A.T Aimer,General Discussion,0,44,22/8/2023,23:50
"everyone come, i want to say something",General Discussion,1,8,23/8/2023,9:04
ROOKIE PLAYER OF THE YEAR,General Discussion,1,18,26/8/2023,12:07
AverageJonas allegations?,General Discussion,5,112,26/8/2023,12:41
build a russian super team,General Discussion,0,19,26/8/2023,15:32
Demon1 exposed by something,General Discussion,5,8,29/8/2023,24:52
something weird about curry,General Discussion,0,8,7/9/2023,6:34
Favourite PRO?,General Discussion,0,26,25/9/2023,22:09
GOAT duelist,General Discussion,0,42,13/11/2023,23:22
something aim,General Discussion,0,8,25/11/2023,22:21
[bug match] SEN vs PRX,General Discussion,0,40,4/12/2023,18:41
RANK ALL MADRID DUELISTS,General Discussion,0,19,3/3/2024,13:56
s0mething bot,General Discussion,0,50,16/3/2024,12:47
Something,General Discussion,1,8,19/3/2024,2:07
something haircut...,General Discussion,0,8,3/5/2024,17:43
Why is the Valorant community so soft?,General Discussion,7,52,7/5/2024,12:56
who's mvp of apac,General Discussion,0,30,12/5/2024,19:50
PRX REBUILD,General Discussion,0,53,9/7/2024,16:52
CHAMPS 24 PRED FORM,General Discussion,16,85,19/7/2024,9:27
Paper Rex,General Discussion,0,20,11/8/2024,23:00
Are a lot of SEN fans normies or something?,General Discussion,0,8,24/8/2024,15:51
did shanks say something on stream,General Discussion,0,8,22/9/2024,3:36
im going to do something very bad,Off Topic,0,8,7/10/2024,1:35
kamo situation,General Discussion,0,58,9/10/2024,16:03
hyunmin hype,General Discussion,1,52,17/10/2024,21:35
GOAT of Every Agent,General Discussion,0,124,29/10/2024,24:49
LMFAO SOMETHING,General Discussion,1,8,21/11/2024,21:08
something,General Discussion,5,8,30/11/2024,17:32
Sage isn't a Sentinel,General Discussion,0,58,23/1/2025,5:16
Top 5 valorant awpers?,General Discussion,0,54,29/1/2025,2:32
Team Liquid potential,General Discussion,0,34,10/2/2025,1:09
does prx need a team change or a playstyle change?,General Discussion,0,44,11/2/2025,17:26
Leo copium..,General Discussion,0,20,12/2/2025,24:35
"Creative people, help",Off Topic,1,21,22/2/2025,13:37
KangKang,General Discussion,0,139,1/3/2025,21:16
Is Florescent a Top 5 aimer??,General Discussion,0,123,2/3/2025,12:49
How are people so sensitive?,General Discussion,24,67,8/3/2025,11:43
RIOT CHANGE HOSTS NOW,General Discussion,20,44,16/3/2025,23:38
How many kills will something drop?,General Discussion,0,7,12/8/2021,10:20
something joined SG,General Discussion,2,7,9/5/2022,17:52
Team Liquid Cooking Something,General Discussion,0,7,18/3/2023,17:58
something question,General Discussion,0,7,23/3/2023,1:55
Something,General Discussion,3,7,23/3/2023,18:56
something,General Discussion,0,7,8/4/2023,18:49
EG CLEAR SOMETHING IN YOUR LIFE CHALLENGE,General Discussion,0,7,19/5/2023,7:45
Its only a matter of time until Something returns,General Discussion,0,7,28/5/2023,20:55
something coming?,General Discussion,0,7,11/6/2023,10:51
I hope Something can make Tokyo,General Discussion,0,7,12/6/2023,14:54
Something,General Discussion,0,7,16/6/2023,3:24
An underappreciated part of something's absence,General Discussion,0,7,16/6/2023,22:37
SOMETHING,General Discussion,0,7,17/6/2023,3:22
something is in Tokyo,General Discussion,0,7,17/6/2023,11:58
With or without something,General Discussion,0,7,17/6/2023,16:12
Why is CGRS playing instead of something?,General Discussion,0,7,19/6/2023,24:33
something said he will come to tokyo,General Discussion,0,7,21/6/2023,16:48
Is PRX the best team in the world with Something?,General Discussion,0,7,24/6/2023,12:37
only around 6-7 days left until something comes,General Discussion,3,7,1/8/2023,8:49
something vs keznit hype thread,General Discussion,0,7,10/8/2023,12:17
something bottom fragging,General Discussion,0,7,10/8/2023,2:07
Something is overrated,General Discussion,0,7,17/8/2023,5:10
"Jinggg, Something, f0rsaken",General Discussion,0,7,20/8/2023,4:31
#1 something hater is still here,General Discussion,0,7,20/8/2023,5:31
SOMETHING,General Discussion,0,7,16/3/2024,12:36
SOMETHING IS EMEA AGENT,General Discussion,3,7,21/3/2024,22:26
how do i ss something and create a url for it,General Discussion,0,7,15/4/2024,19:18
Something VS Chronicle,General Discussion,0,7,6/5/2024,19:10
SOMETHING GOAT,General Discussion,3,7,12/5/2024,19:56
Something prx problem,General Discussion,0,7,12/8/2024,13:19
FNC Something,General Discussion,0,7,29/8/2024,10:35
Prx something,General Discussion,0,7,26/9/2024,10:31
something to Liquid?,General Discussion,0,7,2/2/2025,22:20
is it just something about the org?,General Discussion,0,7,17/2/2025,2:46
Forsaken and something,General Discussion,0,7,23/3/2025,16:39
Did anyone spot Something use shock darts?,General Discussion,0,7,23/3/2025,16:54
So TSM added brax without AZK,General Discussion,0,8,28/3/2021,4:35
Opinion: TenZ overrated,General Discussion,0,267,27/5/2021,21:39
FeelsBadMan,Off Topic,-102,46,26/8/2021,18:26
"About G2 ""Cheating""",General Discussion,5,99,15/1/2022,17:36
100T main problem,General Discussion,4,23,22/2/2022,11:13
I feel really bad for Sick,General Discussion,4,45,3/3/2022,10:07
KEZNIT RACIST AGAIN,General Discussion,0,184,12/4/2022,7:38
The plat chat vid that Japanese fans are mad at,General Discussion,4,56,14/4/2022,11:50
I just realized something,General Discussion,0,7,14/6/2022,9:27
Something i noticed,General Discussion,0,7,17/7/2022,12:36
''Riot doesn't know how to organize live events'',General Discussion,0,73,18/7/2022,21:13
dont let these news distract you from the fact,General Discussion,0,55,16/8/2022,22:57
Imagien if we didnt need to sleep,Off Topic,1,23,7/9/2022,2:59
Andrew Tate,Off Topic,0,177,30/12/2022,5:23
2 ru vs japan,General Discussion,1,16,28/1/2023,8:54
Something and Vici come,General Discussion,5,7,19/2/2023,13:07
Japanese Valorant scene is dead,General Discussion,26,49,23/2/2023,10:29
Players with craziest flick shots?,General Discussion,6,27,10/3/2023,8:37
S0mething most hype tier 2,General Discussion,0,64,22/3/2023,20:17
Youtube chat is something else,General Discussion,0,7,2/4/2023,19:44
SOMETHING CONFIRMED PLAYING NEXT MATCH,General Discussion,0,7,7/4/2023,22:54
Another European dominating,General Discussion,0,27,8/4/2023,20:25
"Something is nothing - Buzz, 2023 ?",General Discussion,5,7,15/4/2023,18:13
best aimer,General Discussion,2,57,22/5/2023,20:54
Super hot take,General Discussion,0,15,28/5/2023,17:45
qw1 and demon1 twitter,General Discussion,5,49,28/5/2023,19:44
Something Mpv Watch,General Discussion,4,7,28/5/2023,21:01
don't worry about something.,General Discussion,1,7,4/6/2023,24:32
Something about me,Off Topic,1,7,8/6/2023,11:17
ranking duelists left,General Discussion,1,33,14/6/2023,17:36
PRX vs DRX,General Discussion,1,10,17/6/2023,1:00
Asian super team ...,General Discussion,3,30,21/6/2023,21:31
PRX fans are too funny,General Discussion,0,29,26/6/2023,15:26
Players with the best aim in all regions,General Discussion,1,68,2/7/2023,12:13
Fl1pz,General Discussion,0,95,6/7/2023,9:46
i want to say something,General Discussion,0,7,28/7/2023,13:35
Top 10 players for Champs,General Discussion,0,23,29/7/2023,21:43
what player comes to mind when u think of a agent,General Discussion,0,25,31/7/2023,24:17
eg and paper rex,General Discussion,0,66,1/8/2023,7:04
There's no fucking shot,General Discussion,0,54,2/8/2023,3:03
Prx fans beef with demon 1??,General Discussion,0,77,2/8/2023,14:26
List out your top 5 aimers itw overall (no troll),General Discussion,0,14,7/8/2023,19:32
Something hype!!!,General Discussion,0,7,10/8/2023,2:10
top 5 players in every role,General Discussion,0,67,11/8/2023,9:06
Do people like franchising?,General Discussion,0,65,16/8/2023,2:19
Something and KangKang,General Discussion,6,7,17/8/2023,4:59
aspas vs something,General Discussion,4,7,17/8/2023,9:37
Stuck at an NA airport,General Discussion,8,59,17/8/2023,19:30
will SEN fns work???,General Discussion,0,116,19/8/2023,14:37
Something?,General Discussion,5,7,25/8/2023,3:02
Something wake up,General Discussion,0,7,25/8/2023,4:58
Top 20 players of the year + some tier 2 players,General Discussion,0,63,26/8/2023,9:55
Is PRX done,General Discussion,1,23,27/8/2023,7:28
Let’s summarize GE’s team for 2024,General Discussion,4,66,29/9/2023,9:12
Something will be the goat next year,General Discussion,0,7,29/9/2023,13:16
yay vs something,General Discussion,1,7,30/9/2023,9:22
top 10 duelists in the world current,General Discussion,0,46,13/10/2023,7:42
APAC FINISHED,General Discussion,0,77,18/10/2023,15:36
Did something happen with Add3r?,General Discussion,0,7,25/10/2023,18:30
Top 5 Jett's ITW,General Discussion,0,23,28/10/2023,4:46
something,General Discussion,1,7,5/12/2023,15:21
VLR 2023 VCT Vote,General Discussion,8,75,20/12/2023,11:46
Make a roster using the first letter of your name,General Discussion,1,99,22/12/2023,13:21
2024 Best Agent Players Predictions,General Discussion,0,44,3/1/2024,22:28
Top 3 Duelists from your Region,General Discussion,0,63,22/1/2024,9:11
I just noticed something crazy,General Discussion,3,7,31/1/2024,11:12
Something funny happened to me today,Off Topic,0,7,16/2/2024,9:44
A message for Loud Fans,General Discussion,0,30,8/3/2024,6:10
i just realized,General Discussion,0,16,15/3/2024,19:11
get this dude off duelist,General Discussion,0,12,16/3/2024,12:43
Sen surely have cooked something new on split?,General Discussion,1,7,25/3/2024,2:27
zekken truth,General Discussion,0,51,14/4/2024,24:28
Ban trans discussion,General Discussion,51,103,22/4/2024,2:01
Is PRX considered a super team?,General Discussion,1,31,28/4/2024,19:24
Something is the prime example of rng abusing,General Discussion,0,7,7/5/2024,17:59
Top 5 Favorite Players,General Discussion,1,56,11/5/2024,7:11
"I will give 10,000 v bucks",General Discussion,1,91,18/5/2024,24:09
100 Thieves vs. Paper Rex – Champions Tour 2024: Masters Shanghai LR2,General Discussion,1,294,14/5/2024,6:42
Hot Takes,General Discussion,0,74,7/7/2024,6:31
VLR POP QUIZ (WITH PRIZE),General Discussion,0,53,10/7/2024,4:43
Jingg,General Discussion,42,90,13/7/2024,15:28
PRX Ascent,General Discussion,0,17,13/7/2024,15:54
Jett only Duelists,General Discussion,0,34,14/7/2024,3:24
kinda disappointed with jinggg this time.,General Discussion,7,27,20/7/2024,19:49
flashback drama come,General Discussion,73,85,26/7/2024,24:14
just realised something abt EMEA,General Discussion,0,7,29/7/2024,16:30
How I would fix PRX Lotus,General Discussion,0,12,6/8/2024,1:49
prx players ranked,Off Topic,2,20,12/8/2024,24:33
3 fun facts about you!,General Discussion,21,317,25/8/2024,10:45
BEST PLAYERS ON EVERY AGENT (REWORK),General Discussion,0,17,27/8/2024,14:19
How to fix prx,General Discussion,0,18,28/8/2024,18:32
k im going to break something,General Discussion,0,7,11/9/2024,9:40
hyunmin,General Discussion,1,45,11/9/2024,14:18
Anonimotum talk,General Discussion,71,169,21/9/2024,22:46
Top 10 Aimers In The Game,General Discussion,0,40,16/10/2024,2:32
Are Woman Biologically Worse than Men at Valorant?,General Discussion,0,90,22/10/2024,5:34
PRX fix,General Discussion,0,31,22/10/2024,10:20
n4rrate,General Discussion,0,59,23/10/2024,4:10
something,General Discussion,0,7,1/12/2024,17:46
vlr stat scraper pt 2. ^-^,Off Topic,35,501,19/12/2024,11:52
PRX IGL,General Discussion,0,27,2/2/2025,2:35
PRX?,General Discussion,0,19,2/2/2025,18:57
Keznit is not racist,General Discussion,67,75,11/2/2025,9:54
best current russian roster?,General Discussion,2,16,15/2/2025,18:10
PLATCHAT,General Discussion,23,103,6/3/2025,12:43
I Have To Say Something,General Discussion,0,7,4/4/2025,18:27
leaks are something do we really need??,General Discussion,0,6,21/4/2022,22:04
SG something,General Discussion,0,6,4/10/2022,2:56
prx something,General Discussion,0,6,20/3/2023,21:55
something joins Paper Rex,General Discussion,0,6,22/3/2023,20:32
Paper Rex doesn't need something,General Discussion,1,6,2/4/2023,19:31
Something is the best jett in the world,General Discussion,0,6,9/4/2023,13:14
Something=seoldam,General Discussion,0,6,15/4/2023,16:53
Something fans come,General Discussion,0,6,28/5/2023,19:22
Something LIVEstream,Off Topic,1,6,29/5/2023,21:46
something not in japan,General Discussion,1,6,13/6/2023,19:42
Is something in japan?,General Discussion,1,6,15/6/2023,18:23
PRX Something,General Discussion,1,6,16/6/2023,5:45
PRX Something ???,General Discussion,0,6,17/6/2023,11:03
something,General Discussion,1,6,18/6/2023,16:20
PRX need to do SOMETHING about this,General Discussion,0,6,20/6/2023,13:41
Suygetsu vs Demon1 vs Something,General Discussion,0,6,7/8/2023,15:29
Guys am I smoking something,General Discussion,0,6,9/8/2023,19:53
Something With that Crazy Round,General Discussion,0,6,11/8/2023,9:03
Something is top 3 duelists,General Discussion,0,6,20/8/2023,3:12
Something about VCT CN,General Discussion,0,6,23/8/2023,19:02
something reyna,General Discussion,0,6,25/8/2023,3:44
SOMETHING,General Discussion,0,6,25/8/2023,4:00
Something nationality is russian/ pacific,General Discussion,0,6,27/8/2023,3:36
Forsaken vs Something,General Discussion,0,6,27/8/2023,10:04
TENZ VS SOMETHING,General Discussion,0,6,17/9/2023,16:08
SOMETHING to kick,General Discussion,0,6,23/9/2023,20:24
Lets clear something.,General Discussion,0,6,19/2/2024,10:35
Something threw,General Discussion,2,6,25/2/2024,18:03
Something OP,General Discussion,1,6,19/3/2024,2:38
Should prx replace something with monyet?,General Discussion,0,6,4/8/2024,17:04
"PRX Roster Shake-Up: Benkai Returns, Something Out",General Discussion,1,6,30/8/2024,1:16
Something's under my bed,Off Topic,0,6,3/11/2024,12:51
let me show you something simple,General Discussion,9,6,2/12/2024,24:50
jemkin clears something..,General Discussion,3,6,1/2/2025,20:15
"Something's Sova, serious post",General Discussion,1,6,23/3/2025,22:16
TSM FIX,General Discussion,0,98,6/3/2021,6:45
Sentinels Trouble,General Discussion,2,32,10/5/2021,5:08
New Copypasta,General Discussion,2,9,12/7/2021,21:12
Did anyone saw something like this,General Discussion,1,6,3/9/2021,3:20
Kyedae Controversy,General Discussion,1,53,14/9/2021,20:13
SEN still in LA playing Halo,General Discussion,0,79,19/11/2021,5:48
Zombs tweet,General Discussion,15,187,5/12/2021,6:50
Hi wana talk,General Discussion,0,22,19/1/2022,21:15
Your #VCTEMEA Challengers Week 1 Talent.,General Discussion,1,86,8/2/2022,19:56
you guys are weird af,General Discussion,0,14,22/2/2022,7:08
Indians come here,Off Topic,-28,51,24/2/2022,13:09
This Jason guy,General Discussion,7,88,16/3/2022,5:20
CSGO is not harder than Valorant TLDR,General Discussion,0,11,25/4/2022,6:32
Anyone here is a nomad?,Off Topic,6,52,15/5/2022,5:25
Tell me something that defines TSM,General Discussion,1,6,16/5/2022,4:14
Somethinglikeyou11,General Discussion,0,28,9/6/2022,24:02
BR AND LATAM COME,General Discussion,7,53,17/7/2022,8:31
YACINE,General Discussion,0,204,2/8/2022,1:25
Maru gaming sexist comment,General Discussion,0,75,8/8/2022,13:57
Chants against keznit tomorrow,General Discussion,24,213,13/8/2022,24:04
i always think im gonna die,Off Topic,1,45,19/8/2022,7:16
There is something wrong...,General Discussion,0,6,13/9/2022,2:39
Let me ask you something (KR),General Discussion,0,5,21/9/2022,21:37
This is why SEN is a terrible org,General Discussion,23,66,22/9/2022,7:05
Indian JEE NEET students come,Off Topic,2,120,12/10/2022,22:39
BOOM Ascension Team (Trial),General Discussion,0,36,17/10/2022,19:40
Kyedae stalker,Off Topic,1,69,26/10/2022,23:03
Why Pro Valorant will get boring with Agent Comps,General Discussion,0,36,24/12/2022,1:10
Opinion on AverageJonas ?,Off Topic,22,184,15/1/2023,23:08
AverageJonas,General Discussion,0,87,17/1/2023,14:56
SG Vici,General Discussion,0,19,4/2/2023,11:12
SicK beefing with Dephh’s S/O,Off Topic,1,110,26/2/2023,9:29
is tarik drunk or something?,General Discussion,0,6,4/3/2023,2:32
PRX something,General Discussion,0,6,6/3/2023,4:58
APAC 10 mans :O,General Discussion,2,20,7/3/2023,22:00
Paper Rex,General Discussion,1,20,13/3/2023,24:32
I have something to tell ya...,General Discussion,7,6,21/3/2023,21:53
