Paper Rex vs. Global Esports,Champions Tour 2025: Pacific Stage 1,Group Stage,win,Paper Rex,Global Esports,2,0,Split,1.27,262,17,13,9,+4,78%,156,22%,19/04/2025,15:00
Paper Rex vs. Global Esports,Champions Tour 2025: Pacific Stage 1,Group Stage,win,Paper Rex,Global Esports,2,0,Lotus,1.06,258,38,26,15,+12,80%,154,30%,19/04/2025,15:00
DetonatioN FocusMe vs. Paper Rex,Champions Tour 2025: Pacific Stage 1,Group Stage,win,Paper Rex,DetonatioN FocusMe,2,1,Ascent,0.84,189,16,19,8,-3,75%,132,29%,14/04/2025,17:10
DetonatioN FocusMe vs. Paper Rex,Champions Tour 2025: Pacific Stage 1,Group Stage,win,Paper Rex,DetonatioN FocusMe,2,1,Lotus,0.45,172,45,52,28,-7,68%,114,31%,14/04/2025,17:10
DetonatioN FocusMe vs. Paper Rex,Champions Tour 2025: Pacific Stage 1,Group Stage,win,Paper Rex,DetonatioN FocusMe,2,1,Pearl,1.01,189,15,12,13,+3,85%,119,42%,14/04/2025,17:10
Paper Rex vs. BOOM Esports,Champions Tour 2025: Pacific Stage 1,Group Stage,loss,Paper Rex,BOOM Esports,1,2,Ascent,0.92,189,14,14,8,0,71%,115,33%,06/04/2025,15:00
Paper Rex vs. BOOM Esports,Champions Tour 2025: Pacific Stage 1,Group Stage,loss,Paper Rex,BOOM Esports,1,2,Fracture,0.85,206,49,45,21,+4,73%,131,33%,06/04/2025,15:00
Paper Rex vs. BOOM Esports,Champions Tour 2025: Pacific Stage 1,Group Stage,loss,Paper Rex,BOOM Esports,1,2,Pearl,1.21,238,19,16,8,+3,77%,152,31%,06/04/2025,15:00
Gen.G vs. Paper Rex,Champions Tour 2025: Pacific Stage 1,Group Stage,loss,Paper Rex,Gen.G,1,2,Lotus,1.24,265,21,17,2,+4,70%,167,24%,30/03/2025,15:00
Gen.G vs. Paper Rex,Champions Tour 2025: Pacific Stage 1,Group Stage,loss,Paper Rex,Gen.G,1,2,Fracture,0.97,227,48,44,10,+4,73%,154,24%,30/03/2025,15:00
Gen.G vs. Paper Rex,Champions Tour 2025: Pacific Stage 1,Group Stage,loss,Paper Rex,Gen.G,1,2,Haven,1.08,216,15,13,6,+2,74%,153,32%,30/03/2025,15:00
DRX vs. Paper Rex,Champions Tour 2025: Pacific Stage 1,Group Stage,loss,Paper Rex,DRX,1,2,Haven,0.91,235,18,17,5,+1,59%,142,32%,23/03/2025,15:00
DRX vs. Paper Rex,Champions Tour 2025: Pacific Stage 1,Group Stage,loss,Paper Rex,DRX,1,2,Icebox,1.08,229,53,52,13,+1,60%,149,34%,23/03/2025,15:00
DRX vs. Paper Rex,Champions Tour 2025: Pacific Stage 1,Group Stage,loss,Paper Rex,DRX,1,2,Lotus,1.04,261,21,19,7,+2,65%,175,36%,23/03/2025,15:00
DetonatioN FocusMe vs. Paper Rex,Champions Tour 2025: Pacific Kickoff,Main Event,loss,Paper Rex,DetonatioN FocusMe,0,2,Abyss,1.43,283,22,15,8,+7,83%,191,36%,01/02/2025,19:10
DetonatioN FocusMe vs. Paper Rex,Champions Tour 2025: Pacific Kickoff,Main Event,loss,Paper Rex,DetonatioN FocusMe,0,2,Pearl,1.02,226,30,29,9,+1,73%,166,29%,01/02/2025,19:10
Paper Rex vs. ZETA DIVISION,Champions Tour 2025: Pacific Kickoff,Main Event,win,Paper Rex,ZETA DIVISION,2,0,Lotus,0.89,184,13,11,3,+2,78%,121,52%,26/01/2025,18:00
Paper Rex vs. ZETA DIVISION,Champions Tour 2025: Pacific Kickoff,Main Event,win,Paper Rex,ZETA DIVISION,2,0,Fracture,1.06,248,36,24,18,+12,87%,160,50%,26/01/2025,18:00
Paper Rex vs. T1,Champions Tour 2025: Pacific Kickoff,Main Event,loss,Paper Rex,T1,1,2,Bind,0.84,145,9,14,8,-5,68%,85,26%,20/01/2025,18:15
Paper Rex vs. T1,Champions Tour 2025: Pacific Kickoff,Main Event,loss,Paper Rex,T1,1,2,Fracture,1.36,201,45,48,26,-3,75%,131,29%,20/01/2025,18:15
Paper Rex vs. T1,Champions Tour 2025: Pacific Kickoff,Main Event,loss,Paper Rex,T1,1,2,Split,1.72,302,24,11,6,+13,81%,205,40%,20/01/2025,18:15
Xipto x Global Esports vs. Paper Rex x Spotlight Series,VCT OFF//SEASON Spotlight Series 2024: Pacific,Main Event,win,Paper Rex x Spotlight Series,Xipto x Global Esports,3,0,Pearl,0.62,137,11,20,7,-9,58%,90,29%,22/12/2024,17:00
Xipto x Global Esports vs. Paper Rex x Spotlight Series,VCT OFF//SEASON Spotlight Series 2024: Pacific,Main Event,win,Paper Rex x Spotlight Series,Xipto x Global Esports,3,0,Bind,0.76,180,44,46,19,-2,69%,118,34%,22/12/2024,17:00
Xipto x Global Esports vs. Paper Rex x Spotlight Series,VCT OFF//SEASON Spotlight Series 2024: Pacific,Main Event,win,Paper Rex x Spotlight Series,Xipto x Global Esports,3,0,Ascent,1.24,236,19,11,9,+8,81%,148,43%,22/12/2024,17:00
Paper Rex x Spotlight Series vs. ZETA DIVISION GC,VCT OFF//SEASON Spotlight Series 2024: Pacific,Main Event,win,Paper Rex x Spotlight Series,ZETA DIVISION GC,2,0,Sunset,1.88,420,28,13,4,+15,94%,271,38%,21/12/2024,17:00
Paper Rex x Spotlight Series vs. ZETA DIVISION GC,VCT OFF//SEASON Spotlight Series 2024: Pacific,Main Event,win,Paper Rex x Spotlight Series,ZETA DIVISION GC,2,0,Bind,1.66,359,46,24,8,+22,88%,235,35%,21/12/2024,17:00
Paper Rex x Spotlight Series vs. DRX Changers,VCT OFF//SEASON Spotlight Series 2024: Pacific,Main Event,win,Paper Rex x Spotlight Series,DRX Changers,2,0,Sunset,1.34,294,21,15,8,+6,67%,188,23%,20/12/2024,17:00
Paper Rex x Spotlight Series vs. DRX Changers,VCT OFF//SEASON Spotlight Series 2024: Pacific,Main Event,win,Paper Rex x Spotlight Series,DRX Changers,2,0,Ascent,1.68,289,44,24,16,+20,81%,194,23%,20/12/2024,17:00
Paper Rex x Spotlight Series vs. Xipto x Global Esports,VCT OFF//SEASON Spotlight Series 2024: Pacific,Main Event,loss,Paper Rex x Spotlight Series,Xipto x Global Esports,0,2,Split,0.82,192,16,21,8,-5,75%,133,30%,19/12/2024,17:00
Paper Rex x Spotlight Series vs. Xipto x Global Esports,VCT OFF//SEASON Spotlight Series 2024: Pacific,Main Event,loss,Paper Rex x Spotlight Series,Xipto x Global Esports,0,2,Ascent,0.68,209,27,36,9,-9,72%,134,28%,19/12/2024,17:00
Team f0rsakeN vs. Team xccurate,Champions Tour 2024 Pacific: Ascension,Showmatch,win,Team f0rsakeN,Team xccurate,1,0,Abyss,1.41,317,20,11,8,+9,88%,195,30%,29/09/2024,12:30
EDward Gaming vs. Paper Rex,Valorant Champions 2024,Group Stage,loss,Paper Rex,EDward Gaming,1,2,Icebox,1.88,308,21,9,3,+12,81%,235,39%,11/08/2024,17:15
EDward Gaming vs. Paper Rex,Valorant Champions 2024,Group Stage,loss,Paper Rex,EDward Gaming,1,2,Sunset,1.07,182,37,41,4,-4,56%,127,35%,11/08/2024,17:15
EDward Gaming vs. Paper Rex,Valorant Champions 2024,Group Stage,loss,Paper Rex,EDward Gaming,1,2,Lotus,0.17,65,5,19,0,-14,43%,43,13%,11/08/2024,17:15
FUT Esports vs. Paper Rex,Valorant Champions 2024,Group Stage,win,Paper Rex,FUT Esports,2,0,Sunset,0.70,149,11,18,13,-7,79%,95,46%,09/08/2024,17:25
FUT Esports vs. Paper Rex,Valorant Champions 2024,Group Stage,win,Paper Rex,FUT Esports,2,0,Bind,0.68,153,24,26,19,-2,81%,103,39%,09/08/2024,17:25
G2 Esports vs. Paper Rex,Valorant Champions 2024,Group Stage,loss,Paper Rex,G2 Esports,0,2,Icebox,0.85,182,14,17,5,-3,62%,123,38%,04/08/2024,15:00
G2 Esports vs. Paper Rex,Valorant Champions 2024,Group Stage,loss,Paper Rex,G2 Esports,0,2,Lotus,1.41,211,33,34,19,-1,70%,135,37%,04/08/2024,15:00
DRX vs. Paper Rex,Champions Tour 2024: Pacific Stage 2,Playoffs,loss,Paper Rex,DRX,2,3,Abyss,1.22,261,17,15,8,+2,75%,170,45%,20/07/2024,15:00
DRX vs. Paper Rex,Champions Tour 2024: Pacific Stage 2,Playoffs,loss,Paper Rex,DRX,2,3,Lotus,0.86,237,88,79,54,+9,72%,147,29%,20/07/2024,15:00
DRX vs. Paper Rex,Champions Tour 2024: Pacific Stage 2,Playoffs,loss,Paper Rex,DRX,2,3,Bind,1.35,228,18,13,16,+5,87%,142,26%,20/07/2024,15:00
DRX vs. Paper Rex,Champions Tour 2024: Pacific Stage 2,Playoffs,loss,Paper Rex,DRX,2,3,Icebox,1.10,261,22,16,0,+6,57%,150,30%,20/07/2024,15:00
DRX vs. Paper Rex,Champions Tour 2024: Pacific Stage 2,Playoffs,loss,Paper Rex,DRX,2,3,Ascent,0.99,221,16,19,21,-3,78%,147,36%,20/07/2024,15:00
Paper Rex vs. TALON,Champions Tour 2024: Pacific Stage 2,Playoffs,win,Paper Rex,TALON,2,0,Ascent,1.70,292,19,9,8,+10,94%,160,26%,14/07/2024,18:15
Paper Rex vs. TALON,Champions Tour 2024: Pacific Stage 2,Playoffs,win,Paper Rex,TALON,2,0,Sunset,1.24,249,31,20,17,+11,91%,155,29%,14/07/2024,18:15
Paper Rex vs. Gen.G,Champions Tour 2024: Pacific Stage 2,Playoffs,loss,Paper Rex,Gen.G,0,2,Ascent,0.73,164,13,17,5,-4,61%,114,43%,13/07/2024,15:00
Paper Rex vs. Gen.G,Champions Tour 2024: Pacific Stage 2,Playoffs,loss,Paper Rex,Gen.G,0,2,Icebox,0.96,194,27,32,18,-5,66%,121,29%,13/07/2024,15:00
Paper Rex vs. ZETA DIVISION,Champions Tour 2024: Pacific Stage 2,Regular Season,win,Paper Rex,ZETA DIVISION,2,1,Ascent,1.32,248,18,15,9,+3,73%,183,29%,07/07/2024,18:00
Paper Rex vs. ZETA DIVISION,Champions Tour 2024: Pacific Stage 2,Regular Season,win,Paper Rex,ZETA DIVISION,2,1,Lotus,1.26,256,51,40,30,+11,83%,176,31%,07/07/2024,18:00
Paper Rex vs. ZETA DIVISION,Champions Tour 2024: Pacific Stage 2,Regular Season,win,Paper Rex,ZETA DIVISION,2,1,Sunset,1.22,225,16,13,12,+3,95%,154,33%,07/07/2024,18:00
Paper Rex vs. Rex Regum Qeon,Champions Tour 2024: Pacific Stage 2,Regular Season,win,Paper Rex,Rex Regum Qeon,2,1,Lotus,0.83,114,9,13,12,-4,70%,74,21%,05/07/2024,15:00
Paper Rex vs. Rex Regum Qeon,Champions Tour 2024: Pacific Stage 2,Regular Season,win,Paper Rex,Rex Regum Qeon,2,1,Ascent,0.43,154,36,47,23,-11,71%,98,31%,05/07/2024,15:00
Paper Rex vs. Rex Regum Qeon,Champions Tour 2024: Pacific Stage 2,Regular Season,win,Paper Rex,Rex Regum Qeon,2,1,Sunset,0.54,132,10,16,3,-6,60%,84,26%,05/07/2024,15:00
Paper Rex vs. DetonatioN FocusMe,Champions Tour 2024: Pacific Stage 2,Regular Season,win,Paper Rex,DetonatioN FocusMe,2,0,Icebox,1.39,279,17,10,7,+7,88%,187,24%,01/07/2024,15:00
Paper Rex vs. DetonatioN FocusMe,Champions Tour 2024: Pacific Stage 2,Regular Season,win,Paper Rex,DetonatioN FocusMe,2,0,Sunset,1.59,299,39,25,18,+14,87%,206,25%,01/07/2024,15:00
Paper Rex vs. DRX,Champions Tour 2024: Pacific Stage 2,Regular Season,win,Paper Rex,DRX,2,1,Split,1.13,184,11,8,8,+3,76%,123,19%,22/06/2024,18:50
Paper Rex vs. DRX,Champions Tour 2024: Pacific Stage 2,Regular Season,win,Paper Rex,DRX,2,1,Haven,1.25,229,45,35,24,+10,75%,151,32%,22/06/2024,18:50
Paper Rex vs. DRX,Champions Tour 2024: Pacific Stage 2,Regular Season,win,Paper Rex,DRX,2,1,Icebox,1.25,255,19,15,4,+4,71%,170,36%,22/06/2024,18:50
Paper Rex vs. TALON,Champions Tour 2024: Pacific Stage 2,Regular Season,win,Paper Rex,TALON,2,0,Icebox,1.51,234,16,7,9,+9,88%,139,26%,16/06/2024,18:30
Paper Rex vs. TALON,Champions Tour 2024: Pacific Stage 2,Regular Season,win,Paper Rex,TALON,2,0,Sunset,1.45,218,32,18,19,+14,92%,139,25%,16/06/2024,18:30
Paper Rex vs. Gen.G,Champions Tour 2024: Pacific Stage 1,Playoffs,win,Paper Rex,Gen.G,3,2,Lotus,0.85,170,12,15,7,-3,73%,122,32%,12/05/2024,15:00
Paper Rex vs. Gen.G,Champions Tour 2024: Pacific Stage 1,Playoffs,win,Paper Rex,Gen.G,3,2,Sunset,1.11,201,83,71,33,+12,77%,135,32%,12/05/2024,15:00
Paper Rex vs. Gen.G,Champions Tour 2024: Pacific Stage 1,Playoffs,win,Paper Rex,Gen.G,3,2,Icebox,0.92,173,15,16,6,-1,77%,118,30%,12/05/2024,15:00
Paper Rex vs. Gen.G,Champions Tour 2024: Pacific Stage 1,Playoffs,win,Paper Rex,Gen.G,3,2,Bind,1.50,282,25,17,13,+8,88%,189,34%,12/05/2024,15:00
Paper Rex vs. Gen.G,Champions Tour 2024: Pacific Stage 1,Playoffs,win,Paper Rex,Gen.G,3,2,Split,1.00,169,14,13,2,+1,59%,107,34%,12/05/2024,15:00
T1 vs. Paper Rex,Champions Tour 2024: Pacific Stage 1,Playoffs,win,Paper Rex,T1,2,0,Lotus,1.11,220,13,11,4,+2,69%,131,50%,05/05/2024,15:00
T1 vs. Paper Rex,Champions Tour 2024: Pacific Stage 1,Playoffs,win,Paper Rex,T1,2,0,Sunset,1.10,231,31,21,12,+10,74%,143,52%,05/05/2024,15:00
DRX vs. Paper Rex,Champions Tour 2024: Pacific Stage 1,Playoffs,win,Paper Rex,DRX,2,1,Lotus,0.90,109,6,11,18,-5,79%,82,19%,04/05/2024,18:10
DRX vs. Paper Rex,Champions Tour 2024: Pacific Stage 1,Playoffs,win,Paper Rex,DRX,2,1,Ascent,0.88,142,32,38,22,-6,79%,98,33%,04/05/2024,18:10
DRX vs. Paper Rex,Champions Tour 2024: Pacific Stage 1,Playoffs,win,Paper Rex,DRX,2,1,Bind,1.02,188,17,15,1,+2,78%,122,36%,04/05/2024,18:10
Paper Rex vs. TALON,Champions Tour 2024: Pacific Stage 1,Playoffs,win,Paper Rex,TALON,2,1,Lotus,1.14,213,9,7,8,+2,92%,129,16%,03/05/2024,17:10
Paper Rex vs. TALON,Champions Tour 2024: Pacific Stage 1,Playoffs,win,Paper Rex,TALON,2,1,Sunset,1.02,189,32,37,25,-5,78%,126,26%,03/05/2024,17:10
Paper Rex vs. TALON,Champions Tour 2024: Pacific Stage 1,Playoffs,win,Paper Rex,TALON,2,1,Bind,1.25,244,18,15,12,+3,82%,162,43%,03/05/2024,17:10
BLEED vs. Paper Rex,Champions Tour 2024: Pacific Stage 1,Regular Season,win,Paper Rex,BLEED,2,0,Ascent,1.10,184,13,9,2,+4,89%,113,29%,27/04/2024,15:00
BLEED vs. Paper Rex,Champions Tour 2024: Pacific Stage 1,Regular Season,win,Paper Rex,BLEED,2,0,Bind,0.96,186,25,19,6,+6,84%,128,29%,27/04/2024,15:00
Global Esports vs. Paper Rex,Champions Tour 2024: Pacific Stage 1,Regular Season,win,Paper Rex,Global Esports,2,0,Sunset,0.81,131,8,12,12,-4,82%,89,27%,23/04/2024,17:50
Global Esports vs. Paper Rex,Champions Tour 2024: Pacific Stage 1,Regular Season,win,Paper Rex,Global Esports,2,0,Icebox,1.22,183,25,25,31,0,78%,117,31%,23/04/2024,17:50
Team Secret vs. Paper Rex,Champions Tour 2024: Pacific Stage 1,Regular Season,loss,Paper Rex,Team Secret,0,2,Icebox,1.08,189,16,16,6,0,73%,143,26%,21/04/2024,18:00
Team Secret vs. Paper Rex,Champions Tour 2024: Pacific Stage 1,Regular Season,loss,Paper Rex,Team Secret,0,2,Sunset,1.12,204,33,32,12,+1,74%,142,24%,21/04/2024,18:00
Gen.G vs. Paper Rex,Champions Tour 2024: Pacific Stage 1,Regular Season,win,Paper Rex,Gen.G,2,1,Lotus,0.96,152,14,13,4,+1,71%,97,25%,13/04/2024,15:00
Gen.G vs. Paper Rex,Champions Tour 2024: Pacific Stage 1,Regular Season,win,Paper Rex,Gen.G,2,1,Icebox,0.92,203,51,40,16,+11,79%,139,29%,13/04/2024,15:00
Gen.G vs. Paper Rex,Champions Tour 2024: Pacific Stage 1,Regular Season,win,Paper Rex,Gen.G,2,1,Bind,1.20,232,21,16,9,+5,92%,169,34%,13/04/2024,15:00
T1 vs. Paper Rex,Champions Tour 2024: Pacific Stage 1,Regular Season,win,Paper Rex,T1,2,0,Lotus,1.02,242,20,17,4,+3,65%,162,49%,07/04/2024,18:15
T1 vs. Paper Rex,Champions Tour 2024: Pacific Stage 1,Regular Season,win,Paper Rex,T1,2,0,Bind,1.10,240,42,36,17,+6,76%,154,37%,07/04/2024,18:15
Sentinels vs. Paper Rex,Champions Tour 2024: Masters Madrid,Playoffs,loss,Paper Rex,Sentinels,1,3,Lotus,0.74,193,16,21,9,-5,54%,129,54%,23/03/2024,22:00
Sentinels vs. Paper Rex,Champions Tour 2024: Masters Madrid,Playoffs,loss,Paper Rex,Sentinels,1,3,Ascent,0.65,186,52,61,34,-9,65%,126,32%,23/03/2024,22:00
Sentinels vs. Paper Rex,Champions Tour 2024: Masters Madrid,Playoffs,loss,Paper Rex,Sentinels,1,3,Split,0.85,182,13,14,6,-1,68%,121,57%,23/03/2024,22:00
Sentinels vs. Paper Rex,Champions Tour 2024: Masters Madrid,Playoffs,loss,Paper Rex,Sentinels,1,3,Sunset,1.37,239,15,12,14,+3,89%,161,15%,23/03/2024,22:00
Paper Rex vs. LOUD,Champions Tour 2024: Masters Madrid,Playoffs,win,Paper Rex,LOUD,2,0,Ascent,1.17,210,17,14,7,+3,75%,133,30%,23/03/2024,12:55
Paper Rex vs. LOUD,Champions Tour 2024: Masters Madrid,Playoffs,win,Paper Rex,LOUD,2,0,Sunset,1.13,226,34,31,18,+3,71%,142,27%,23/03/2024,12:55
Gen.G vs. Paper Rex,Champions Tour 2024: Masters Madrid,Playoffs,loss,Paper Rex,Gen.G,0,2,Split,1.15,235,16,16,5,0,62%,166,28%,21/03/2024,22:00
Gen.G vs. Paper Rex,Champions Tour 2024: Masters Madrid,Playoffs,loss,Paper Rex,Gen.G,0,2,Lotus,0.51,201,30,33,8,-3,70%,144,33%,21/03/2024,22:00
Karmine Corp vs. Paper Rex,Champions Tour 2024: Masters Madrid,Swiss Stage,win,Paper Rex,Karmine Corp,2,1,Bind,0.89,195,16,15,5,+1,87%,132,35%,18/03/2024,23:55
Karmine Corp vs. Paper Rex,Champions Tour 2024: Masters Madrid,Swiss Stage,win,Paper Rex,Karmine Corp,2,1,Lotus,1.01,213,49,49,23,0,78%,144,29%,18/03/2024,23:55
Karmine Corp vs. Paper Rex,Champions Tour 2024: Masters Madrid,Swiss Stage,win,Paper Rex,Karmine Corp,2,1,Ascent,0.62,182,11,16,3,-5,58%,122,24%,18/03/2024,23:55
Team Heretics vs. Paper Rex,Champions Tour 2024: Masters Madrid,Swiss Stage,win,Paper Rex,Team Heretics,2,1,Sunset,1.12,225,20,17,7,+3,65%,135,23%,18/03/2024,12:20
Team Heretics vs. Paper Rex,Champions Tour 2024: Masters Madrid,Swiss Stage,win,Paper Rex,Team Heretics,2,1,Lotus,0.70,230,52,48,23,+4,64%,140,27%,18/03/2024,12:20
Team Heretics vs. Paper Rex,Champions Tour 2024: Masters Madrid,Swiss Stage,win,Paper Rex,Team Heretics,2,1,Split,0.68,144,10,19,9,-9,52%,92,18%,18/03/2024,12:20
EDward Gaming vs. Paper Rex,Champions Tour 2024: Masters Madrid,Swiss Stage,loss,Paper Rex,EDward Gaming,1,2,Sunset,0.78,162,11,15,16,-4,81%,103,28%,15/03/2024,22:00
EDward Gaming vs. Paper Rex,Champions Tour 2024: Masters Madrid,Swiss Stage,loss,Paper Rex,EDward Gaming,1,2,Bind,0.80,252,56,46,26,+10,69%,151,32%,15/03/2024,22:00
EDward Gaming vs. Paper Rex,Champions Tour 2024: Masters Madrid,Swiss Stage,loss,Paper Rex,EDward Gaming,1,2,Split,1.18,261,20,15,7,+5,68%,160,28%,15/03/2024,22:00
Paper Rex vs. Gen.G,Champions Tour 2024: Pacific Kickoff,Playoffs,loss,Paper Rex,Gen.G,1,3,Ascent,0.63,124,9,15,4,-6,61%,64,33%,25/02/2024,15:00
Paper Rex vs. Gen.G,Champions Tour 2024: Pacific Kickoff,Playoffs,loss,Paper Rex,Gen.G,1,3,Split,0.82,179,44,59,15,-15,63%,111,24%,25/02/2024,15:00
Paper Rex vs. Gen.G,Champions Tour 2024: Pacific Kickoff,Playoffs,loss,Paper Rex,Gen.G,1,3,Lotus,1.22,242,15,11,3,+4,71%,147,14%,25/02/2024,15:00
Paper Rex vs. Gen.G,Champions Tour 2024: Pacific Kickoff,Playoffs,loss,Paper Rex,Gen.G,1,3,Bind,0.76,166,12,16,6,-4,71%,114,24%,25/02/2024,15:00
T1 vs. Paper Rex,Champions Tour 2024: Pacific Kickoff,Playoffs,win,Paper Rex,T1,2,0,Split,1.26,297,33,24,5,+9,83%,186,42%,24/02/2024,15:00
T1 vs. Paper Rex,Champions Tour 2024: Pacific Kickoff,Playoffs,win,Paper Rex,T1,2,0,Ascent,1.21,292,54,35,16,+19,88%,173,34%,24/02/2024,15:00
Gen.G vs. Paper Rex,Champions Tour 2024: Pacific Kickoff,Group Stage,win,Paper Rex,Gen.G,2,1,Breeze,0.89,203,17,18,8,-1,78%,142,46%,19/02/2024,13:00
Gen.G vs. Paper Rex,Champions Tour 2024: Pacific Kickoff,Group Stage,win,Paper Rex,Gen.G,2,1,Lotus,0.56,229,53,50,20,+3,73%,148,31%,19/02/2024,13:00
Gen.G vs. Paper Rex,Champions Tour 2024: Pacific Kickoff,Group Stage,win,Paper Rex,Gen.G,2,1,Sunset,0.75,174,15,18,4,-3,57%,113,25%,19/02/2024,13:00
Sentinels vs. Paper Rex,AfreecaTV Valorant League,Playoffs,loss,Paper Rex,Sentinels,0,3,Split,0.63,162,12,16,6,-4,65%,91,36%,10/12/2023,16:25
Sentinels vs. Paper Rex,AfreecaTV Valorant League,Playoffs,loss,Paper Rex,Sentinels,0,3,Sunset,0.65,168,37,50,13,-13,60%,110,23%,10/12/2023,16:25
Sentinels vs. Paper Rex,AfreecaTV Valorant League,Playoffs,loss,Paper Rex,Sentinels,0,3,Breeze,0.90,175,14,16,6,-2,70%,128,24%,10/12/2023,16:25
T1 vs. Paper Rex,AfreecaTV Valorant League,Playoffs,win,Paper Rex,T1,2,0,Sunset,0.65,140,9,16,14,-7,80%,101,24%,09/12/2023,19:00
T1 vs. Paper Rex,AfreecaTV Valorant League,Playoffs,win,Paper Rex,T1,2,0,Lotus,0.92,169,20,26,17,-6,76%,112,25%,09/12/2023,19:00
DRX vs. Paper Rex,AfreecaTV Valorant League,Group Stage,win,Paper Rex,DRX,2,0,Lotus,1.07,172,13,11,7,+2,85%,122,33%,07/12/2023,18:15
DRX vs. Paper Rex,AfreecaTV Valorant League,Group Stage,win,Paper Rex,DRX,2,0,Breeze,1.40,244,36,24,9,+12,79%,162,35%,07/12/2023,18:15
Paper Rex vs. FULL SENSE,AfreecaTV Valorant League,Group Stage,win,Paper Rex,FULL SENSE,2,0,Sunset,1.60,213,16,10,11,+6,79%,130,39%,07/12/2023,15:00
Sentinels vs. Paper Rex,AfreecaTV Valorant League,Group Stage,loss,Paper Rex,Sentinels,1,2,Breeze,1.03,213,15,16,8,-1,65%,147,39%,05/12/2023,15:00
Sentinels vs. Paper Rex,AfreecaTV Valorant League,Group Stage,loss,Paper Rex,Sentinels,1,2,Sunset,1.20,221,53,49,32,+4,79%,152,35%,05/12/2023,15:00
Sentinels vs. Paper Rex,AfreecaTV Valorant League,Group Stage,loss,Paper Rex,Sentinels,1,2,Haven,1.23,214,15,14,17,+1,90%,132,31%,05/12/2023,15:00
Paper Rex vs. Indonesia Pacific,Valorant Indonesia CONNEXT 2023,Main Event,win,Paper Rex,Indonesia Pacific,1,0,Ascent,1.60,252,17,8,5,+9,72%,199,52%,12/11/2023,20:20
CONNEXT Fantasy 1 vs. CONNEXT Fantasy 2,Valorant Indonesia CONNEXT 2023,Main Event,win,CONNEXT Fantasy 1,CONNEXT Fantasy 2,1,0,Bind,1.53,372,32,19,3,+13,79%,221,26%,12/11/2023,19:00
Paper Rex vs. CONNEXT Roster Hunt,Valorant Indonesia CONNEXT 2023,Main Event,win,Paper Rex,CONNEXT Roster Hunt,1,0,Split,1.75,406,23,11,7,+12,94%,237,31%,12/11/2023,17:55
Paper Rex vs. Evil Geniuses,Valorant Champions 2023,Playoffs,loss,Paper Rex,Evil Geniuses,1,3,Split,1.02,223,17,18,10,-1,78%,161,24%,27/08/2023,2:30
Paper Rex vs. Evil Geniuses,Valorant Champions 2023,Playoffs,loss,Paper Rex,Evil Geniuses,1,3,Ascent,1.16,181,54,67,31,-13,63%,124,26%,27/08/2023,2:30
Paper Rex vs. Evil Geniuses,Valorant Champions 2023,Playoffs,loss,Paper Rex,Evil Geniuses,1,3,Bind,0.85,142,12,16,8,-4,58%,91,23%,27/08/2023,2:30
Paper Rex vs. Evil Geniuses,Valorant Champions 2023,Playoffs,loss,Paper Rex,Evil Geniuses,1,3,Lotus,0.67,160,9,15,6,-6,56%,97,22%,27/08/2023,2:30
Paper Rex vs. Evil Geniuses,Valorant Champions 2023,Playoffs,win,Paper Rex,Evil Geniuses,2,1,Ascent,0.71,168,12,18,8,-6,74%,111,30%,25/08/2023,2:00
Paper Rex vs. Evil Geniuses,Valorant Champions 2023,Playoffs,win,Paper Rex,Evil Geniuses,2,1,Bind,0.89,228,57,53,22,+4,70%,151,24%,25/08/2023,2:00
Paper Rex vs. Evil Geniuses,Valorant Champions 2023,Playoffs,win,Paper Rex,Evil Geniuses,2,1,Pearl,1.07,189,16,14,5,+2,59%,119,27%,25/08/2023,2:00
LOUD vs. Paper Rex,Valorant Champions 2023,Playoffs,win,Paper Rex,LOUD,2,1,Lotus,0.82,194,20,21,9,-1,71%,121,13%,20/08/2023,2:00
LOUD vs. Paper Rex,Valorant Champions 2023,Playoffs,win,Paper Rex,LOUD,2,1,Split,0.68,162,41,51,22,-10,67%,114,16%,20/08/2023,2:00
LOUD vs. Paper Rex,Valorant Champions 2023,Playoffs,win,Paper Rex,LOUD,2,1,Pearl,0.38,78,3,13,7,-10,60%,65,28%,20/08/2023,2:00
Paper Rex vs. FUT Esports,Valorant Champions 2023,Playoffs,win,Paper Rex,FUT Esports,2,0,Ascent,1.08,237,19,18,10,+1,83%,153,25%,17/08/2023,4:25
Paper Rex vs. FUT Esports,Valorant Champions 2023,Playoffs,win,Paper Rex,FUT Esports,2,0,Pearl,1.37,268,36,28,13,+8,83%,177,27%,17/08/2023,4:25
Paper Rex vs. EDward Gaming,Valorant Champions 2023,Group Stage,win,Paper Rex,EDward Gaming,2,0,Fracture,1.25,213,16,11,11,+5,80%,140,33%,11/08/2023,6:45
Paper Rex vs. EDward Gaming,Valorant Champions 2023,Group Stage,win,Paper Rex,EDward Gaming,2,0,Pearl,1.60,242,46,29,13,+17,76%,164,37%,11/08/2023,6:45
Paper Rex vs. KRÜ Esports,Valorant Champions 2023,Group Stage,win,Paper Rex,KRÜ Esports,2,0,Split,1.09,214,13,13,12,0,85%,134,30%,10/08/2023,2:00
Paper Rex vs. KRÜ Esports,Valorant Champions 2023,Group Stage,win,Paper Rex,KRÜ Esports,2,0,Pearl,0.91,186,22,27,20,-5,78%,127,26%,10/08/2023,2:00
Evil Geniuses vs. Paper Rex,Champions Tour 2023: Masters Tokyo,Playoffs,loss,Paper Rex,Evil Geniuses,2,3,Fracture,0.88,211,15,17,3,-2,55%,133,43%,24/06/2023,10:00
Evil Geniuses vs. Paper Rex,Champions Tour 2023: Masters Tokyo,Playoffs,loss,Paper Rex,Evil Geniuses,2,3,Lotus,0.74,220,82,85,12,-3,64%,138,29%,24/06/2023,10:00
Evil Geniuses vs. Paper Rex,Champions Tour 2023: Masters Tokyo,Playoffs,loss,Paper Rex,Evil Geniuses,2,3,Split,0.88,187,16,19,5,-3,69%,124,24%,24/06/2023,10:00
Evil Geniuses vs. Paper Rex,Champions Tour 2023: Masters Tokyo,Playoffs,loss,Paper Rex,Evil Geniuses,2,3,Pearl,1.06,228,19,15,0,+4,57%,135,26%,24/06/2023,10:00
Evil Geniuses vs. Paper Rex,Champions Tour 2023: Masters Tokyo,Playoffs,loss,Paper Rex,Evil Geniuses,2,3,Ascent,0.74,212,13,17,2,-4,58%,136,23%,24/06/2023,10:00
NRG Esports vs. Paper Rex,Champions Tour 2023: Masters Tokyo,Playoffs,win,Paper Rex,NRG Esports,2,1,Pearl,0.95,235,22,23,4,-1,71%,153,32%,21/06/2023,13:25
NRG Esports vs. Paper Rex,Champions Tour 2023: Masters Tokyo,Playoffs,win,Paper Rex,NRG Esports,2,1,Lotus,0.98,239,58,54,20,+4,68%,159,28%,21/06/2023,13:25
NRG Esports vs. Paper Rex,Champions Tour 2023: Masters Tokyo,Playoffs,win,Paper Rex,NRG Esports,2,1,Bind,0.70,196,12,17,6,-5,58%,136,20%,21/06/2023,13:25
Paper Rex vs. EDward Gaming,Champions Tour 2023: Masters Tokyo,Playoffs,win,Paper Rex,EDward Gaming,2,1,Fracture,0.92,223,19,22,7,-3,77%,138,19%,20/06/2023,13:45
Paper Rex vs. EDward Gaming,Champions Tour 2023: Masters Tokyo,Playoffs,win,Paper Rex,EDward Gaming,2,1,Split,0.92,210,49,56,25,-7,74%,137,20%,20/06/2023,13:45
Paper Rex vs. EDward Gaming,Champions Tour 2023: Masters Tokyo,Playoffs,win,Paper Rex,EDward Gaming,2,1,Lotus,0.89,228,16,19,7,-3,64%,141,25%,20/06/2023,13:45
Paper Rex vs. FNATIC,Champions Tour 2023: Masters Tokyo,Playoffs,loss,Paper Rex,FNATIC,0,2,Lotus,0.67,149,8,15,7,-7,67%,114,15%,19/06/2023,12:15
Paper Rex vs. FNATIC,Champions Tour 2023: Masters Tokyo,Playoffs,loss,Paper Rex,FNATIC,0,2,Bind,0.80,204,25,31,14,-6,68%,146,24%,19/06/2023,12:15
Paper Rex vs. DRX,Champions Tour 2023: Masters Tokyo,Playoffs,win,Paper Rex,DRX,2,0,Split,1.20,248,20,16,6,+4,78%,155,24%,17/06/2023,12:30
Paper Rex vs. DRX,Champions Tour 2023: Masters Tokyo,Playoffs,win,Paper Rex,DRX,2,0,Bind,1.32,186,29,33,15,-4,80%,123,25%,17/06/2023,12:30
Paper Rex vs. DRX,Champions Tour 2023: Pacific League,Playoffs,win,Paper Rex,DRX,3,2,Fracture,0.63,167,11,16,4,-5,58%,112,28%,28/05/2023,14:00
Paper Rex vs. DRX,Champions Tour 2023: Pacific League,Playoffs,win,Paper Rex,DRX,3,2,Ascent,0.95,202,77,74,33,+3,73%,133,26%,28/05/2023,14:00
Paper Rex vs. DRX,Champions Tour 2023: Pacific League,Playoffs,win,Paper Rex,DRX,3,2,Pearl,0.87,226,24,24,6,0,70%,142,22%,28/05/2023,14:00
Paper Rex vs. DRX,Champions Tour 2023: Pacific League,Playoffs,win,Paper Rex,DRX,3,2,Bind,1.07,234,16,15,8,+1,76%,154,16%,28/05/2023,14:00
Paper Rex vs. DRX,Champions Tour 2023: Pacific League,Playoffs,win,Paper Rex,DRX,3,2,Lotus,1.40,227,17,10,8,+7,79%,149,50%,28/05/2023,14:00
DRX vs. Paper Rex,Champions Tour 2023: Pacific League,Playoffs,win,Paper Rex,DRX,2,0,Fracture,0.45,148,10,17,3,-7,67%,84,24%,22/05/2023,15:00
DRX vs. Paper Rex,Champions Tour 2023: Pacific League,Playoffs,win,Paper Rex,DRX,2,0,Bind,0.86,195,28,26,5,+2,73%,128,30%,22/05/2023,15:00
Paper Rex vs. T1,Champions Tour 2023: Pacific League,Playoffs,win,Paper Rex,T1,2,0,Lotus,1.15,251,22,15,4,+7,78%,152,29%,20/05/2023,18:15
Paper Rex vs. T1,Champions Tour 2023: Pacific League,Playoffs,win,Paper Rex,T1,2,0,Fracture,1.38,280,46,33,13,+13,80%,180,32%,20/05/2023,18:15
Rex Regum Qeon vs. Paper Rex,Champions Tour 2023: Pacific League,League Play,win,Paper Rex,Rex Regum Qeon,2,0,Bind,1.04,190,15,14,11,+1,77%,118,28%,16/05/2023,17:30
Rex Regum Qeon vs. Paper Rex,Champions Tour 2023: Pacific League,League Play,win,Paper Rex,Rex Regum Qeon,2,0,Pearl,0.94,210,31,32,19,-1,78%,142,27%,16/05/2023,17:30
Paper Rex vs. Gen.G,Champions Tour 2023: Pacific League,League Play,win,Paper Rex,Gen.G,2,0,Split,1.14,146,10,9,9,+1,85%,85,21%,12/05/2023,15:00
Paper Rex vs. Gen.G,Champions Tour 2023: Pacific League,League Play,win,Paper Rex,Gen.G,2,0,Ascent,1.39,210,26,18,13,+8,83%,121,27%,12/05/2023,15:00
ZETA DIVISION vs. Paper Rex,Champions Tour 2023: Pacific League,League Play,win,Paper Rex,ZETA DIVISION,2,0,Split,1.53,307,24,12,8,+12,89%,181,28%,06/05/2023,17:30
ZETA DIVISION vs. Paper Rex,Champions Tour 2023: Pacific League,League Play,win,Paper Rex,ZETA DIVISION,2,0,Ascent,1.43,273,42,27,17,+15,88%,164,22%,06/05/2023,17:30
TALON vs. Paper Rex,Champions Tour 2023: Pacific League,League Play,win,Paper Rex,TALON,2,1,Pearl,1.24,254,22,16,1,+6,83%,184,25%,01/05/2023,17:00
TALON vs. Paper Rex,Champions Tour 2023: Pacific League,League Play,win,Paper Rex,TALON,2,1,Split,1.32,246,58,39,20,+19,81%,163,26%,01/05/2023,17:00
TALON vs. Paper Rex,Champions Tour 2023: Pacific League,League Play,win,Paper Rex,TALON,2,1,Fracture,1.62,225,15,8,13,+7,94%,131,34%,01/05/2023,17:00
Paper Rex vs. Global Esports,Champions Tour 2023: Pacific League,League Play,win,Paper Rex,Global Esports,2,1,Icebox,0.92,223,14,15,6,-1,50%,153,38%,22/04/2023,15:00
Paper Rex vs. Global Esports,Champions Tour 2023: Pacific League,League Play,win,Paper Rex,Global Esports,2,1,Split,0.82,170,33,42,12,-9,58%,120,34%,22/04/2023,15:00
Paper Rex vs. Global Esports,Champions Tour 2023: Pacific League,League Play,win,Paper Rex,Global Esports,2,1,Pearl,0.59,112,7,13,6,-6,58%,76,18%,22/04/2023,15:00
Paper Rex vs. DRX,Champions Tour 2023: Pacific League,League Play,loss,Paper Rex,DRX,0,2,Ascent,1.17,301,16,14,5,+2,67%,193,18%,15/04/2023,16:00
Paper Rex vs. DRX,Champions Tour 2023: Pacific League,League Play,loss,Paper Rex,DRX,0,2,Split,0.89,241,30,30,12,0,61%,144,27%,15/04/2023,16:00
T1 vs. Paper Rex,Champions Tour 2023: Pacific League,League Play,win,Paper Rex,T1,2,0,Pearl,2.11,422,26,9,1,+17,94%,277,30%,08/04/2023,18:10
T1 vs. Paper Rex,Champions Tour 2023: Pacific League,League Play,win,Paper Rex,T1,2,0,Fracture,1.71,347,44,21,6,+23,91%,220,26%,08/04/2023,18:10
Team Secret vs. Paper Rex,Champions Tour 2023: Pacific League,League Play,loss,Paper Rex,Team Secret,1,2,Haven,0.76,183,14,20,8,-6,75%,123,27%,02/04/2023,16:00
Team Secret vs. Paper Rex,Champions Tour 2023: Pacific League,League Play,loss,Paper Rex,Team Secret,1,2,Fracture,0.69,193,44,57,18,-13,66%,132,26%,02/04/2023,16:00
Team Secret vs. Paper Rex,Champions Tour 2023: Pacific League,League Play,loss,Paper Rex,Team Secret,1,2,Split,0.84,208,17,19,5,-2,58%,144,32%,02/04/2023,16:00
Paper Rex vs. DetonatioN FocusMe,Champions Tour 2023: Pacific League,League Play,win,Paper Rex,DetonatioN FocusMe,2,0,Pearl,1.07,209,14,14,2,0,67%,128,19%,26/03/2023,16:00
Paper Rex vs. DetonatioN FocusMe,Champions Tour 2023: Pacific League,League Play,win,Paper Rex,DetonatioN FocusMe,2,0,Lotus,0.13,180,25,36,9,-11,67%,110,19%,26/03/2023,16:00
Cloud9 vs. Paper Rex,Champions Tour 2023: LOCK//IN São Paulo,Bracket Stage,loss,Paper Rex,Cloud9,0,2,Lotus,0.99,240,17,17,0,0,67%,157,35%,15/02/2023,7:05
Cloud9 vs. Paper Rex,Champions Tour 2023: LOCK//IN São Paulo,Bracket Stage,loss,Paper Rex,Cloud9,0,2,Pearl,0.78,210,25,34,2,-9,61%,149,23%,15/02/2023,7:05
ZETA DIVISION vs. Paper Rex,Riot Games ONE Pro Invitational 2022,Main Event,loss,Paper Rex,ZETA DIVISION,0,1,Breeze,1.12,221,14,14,6,0,61%,159,28%,24/12/2022,11:20
Team Heretics vs. Paper Rex,Valorant India Invitational by Galaxy Racer,Playoffs,win,Paper Rex,Team Heretics,3,1,Bind,1.21,297,26,21,3,+5,63%,182,30%,20/11/2022,13:30
Team Heretics vs. Paper Rex,Valorant India Invitational by Galaxy Racer,Playoffs,win,Paper Rex,Team Heretics,3,1,Fracture,1.41,265,82,66,17,+16,74%,173,31%,20/11/2022,13:30
Team Heretics vs. Paper Rex,Valorant India Invitational by Galaxy Racer,Playoffs,win,Paper Rex,Team Heretics,3,1,Breeze,1.02,240,15,15,6,0,68%,167,37%,20/11/2022,13:30
Team Heretics vs. Paper Rex,Valorant India Invitational by Galaxy Racer,Playoffs,win,Paper Rex,Team Heretics,3,1,Ascent,1.22,246,20,16,6,+4,83%,178,28%,20/11/2022,13:30
Paper Rex vs. Team Secret,Valorant India Invitational by Galaxy Racer,Playoffs,win,Paper Rex,Team Secret,2,1,Pearl,1.87,368,28,13,7,+15,86%,236,34%,19/11/2022,22:15
Paper Rex vs. Team Secret,Valorant India Invitational by Galaxy Racer,Playoffs,win,Paper Rex,Team Secret,2,1,Icebox,1.53,285,61,40,20,+21,74%,181,31%,19/11/2022,22:15
Paper Rex vs. Team Secret,Valorant India Invitational by Galaxy Racer,Playoffs,win,Paper Rex,Team Secret,2,1,Ascent,0.99,191,12,16,11,-4,62%,125,28%,19/11/2022,22:15
BOOM Esports vs. Paper Rex,Valorant India Invitational by Galaxy Racer,Group Stage,win,Paper Rex,BOOM Esports,1,0,Fracture,1.45,235,14,6,6,+8,86%,150,40%,19/11/2022,12:30
Paper Rex vs. BLEED,Valorant India Invitational by Galaxy Racer,Group Stage,loss,Paper Rex,BLEED,0,1,Bind,0.86,191,13,16,3,-3,63%,127,38%,19/11/2022,2:30
Paper Rex vs. Global Esports,Valorant India Invitational by Galaxy Racer,Group Stage,win,Paper Rex,Global Esports,1,0,Haven,1.13,260,20,14,5,+6,70%,168,28%,19/11/2022,1:00
Paper Rex vs. Team Liquid,Valorant Champions 2022,Group Stage,loss,Paper Rex,Team Liquid,1,2,Haven,0.65,170,16,22,3,-6,71%,108,31%,07/09/2022,21:00
Paper Rex vs. Team Liquid,Valorant Champions 2022,Group Stage,loss,Paper Rex,Team Liquid,1,2,Pearl,0.83,220,50,48,8,+2,64%,133,36%,07/09/2022,21:00
Paper Rex vs. Team Liquid,Valorant Champions 2022,Group Stage,loss,Paper Rex,Team Liquid,1,2,Ascent,1.61,284,18,8,3,+10,82%,190,36%,07/09/2022,21:00
Paper Rex vs. LEVIATÁN,Valorant Champions 2022,Group Stage,loss,Paper Rex,LEVIATÁN,0,2,Haven,0.88,189,12,16,3,-4,62%,126,28%,02/09/2022,1:35
Paper Rex vs. LEVIATÁN,Valorant Champions 2022,Group Stage,loss,Paper Rex,LEVIATÁN,0,2,Bind,1.04,191,28,36,4,-8,56%,122,26%,02/09/2022,1:35
Paper Rex vs. EDward Gaming,Valorant Champions 2022,Group Stage,win,Paper Rex,EDward Gaming,2,1,Pearl,1.03,227,20,19,5,+1,75%,159,29%,31/08/2022,21:00
Paper Rex vs. EDward Gaming,Valorant Champions 2022,Group Stage,win,Paper Rex,EDward Gaming,2,1,Icebox,1.36,228,51,49,10,+2,68%,154,29%,31/08/2022,21:00
Paper Rex vs. EDward Gaming,Valorant Champions 2022,Group Stage,win,Paper Rex,EDward Gaming,2,1,Haven,0.84,205,12,14,3,-2,61%,139,27%,31/08/2022,21:00
Paper Rex vs. FunPlus Phoenix,Valorant Champions Tour Stage 2: Masters Copenhagen,Playoffs,loss,Paper Rex,FunPlus Phoenix,2,3,Bind,0.31,126,6,15,4,-9,56%,88,41%,24/07/2022,22:00
Paper Rex vs. FunPlus Phoenix,Valorant Champions Tour Stage 2: Masters Copenhagen,Playoffs,loss,Paper Rex,FunPlus Phoenix,2,3,Icebox,0.95,194,67,80,16,-13,64%,130,32%,24/07/2022,22:00
Paper Rex vs. FunPlus Phoenix,Valorant Champions Tour Stage 2: Masters Copenhagen,Playoffs,loss,Paper Rex,FunPlus Phoenix,2,3,Fracture,0.89,185,14,14,2,0,60%,126,25%,24/07/2022,22:00
Paper Rex vs. FunPlus Phoenix,Valorant Champions Tour Stage 2: Masters Copenhagen,Playoffs,loss,Paper Rex,FunPlus Phoenix,2,3,Haven,0.63,163,10,16,4,-6,65%,111,22%,24/07/2022,22:00
Paper Rex vs. FunPlus Phoenix,Valorant Champions Tour Stage 2: Masters Copenhagen,Playoffs,loss,Paper Rex,FunPlus Phoenix,2,3,Breeze,1.44,312,23,14,4,+9,85%,193,36%,24/07/2022,22:00
Paper Rex vs. OpTic Gaming,Valorant Champions Tour Stage 2: Masters Copenhagen,Playoffs,win,Paper Rex,OpTic Gaming,2,1,Haven,1.46,310,18,10,0,+8,63%,199,67%,22/07/2022,22:00
Paper Rex vs. OpTic Gaming,Valorant Champions Tour Stage 2: Masters Copenhagen,Playoffs,win,Paper Rex,OpTic Gaming,2,1,Bind,0.99,266,51,43,9,+8,70%,165,33%,22/07/2022,22:00
Paper Rex vs. OpTic Gaming,Valorant Champions Tour Stage 2: Masters Copenhagen,Playoffs,win,Paper Rex,OpTic Gaming,2,1,Fracture,1.21,260,20,18,5,+2,77%,156,29%,22/07/2022,22:00
Paper Rex vs. FNATIC,Valorant Champions Tour Stage 2: Masters Copenhagen,Playoffs,win,Paper Rex,FNATIC,2,0,Ascent,1.31,295,25,19,5,+6,75%,185,35%,17/07/2022,22:00
Paper Rex vs. FNATIC,Valorant Champions Tour Stage 2: Masters Copenhagen,Playoffs,win,Paper Rex,FNATIC,2,0,Bind,0.98,260,45,31,9,+14,68%,171,33%,17/07/2022,22:00
Paper Rex vs. Guild Esports,Valorant Champions Tour Stage 2: Masters Copenhagen,Playoffs,win,Paper Rex,Guild Esports,2,0,Ascent,0.89,209,13,12,1,+1,71%,123,23%,14/07/2022,22:00
Paper Rex vs. Guild Esports,Valorant Champions Tour Stage 2: Masters Copenhagen,Playoffs,win,Paper Rex,Guild Esports,2,0,Fracture,0.95,245,39,36,5,+3,74%,154,20%,14/07/2022,22:00
Paper Rex vs. XERXIA Esports,Champions Tour Asia-Pacific Stage 2: Challengers Playoffs,Playoffs,win,Paper Rex,XERXIA Esports,3,0,Icebox,0.75,236,18,19,5,-1,67%,144,21%,26/06/2022,13:45
Paper Rex vs. XERXIA Esports,Champions Tour Asia-Pacific Stage 2: Challengers Playoffs,Playoffs,win,Paper Rex,XERXIA Esports,3,0,Fracture,1.51,306,61,41,12,+20,77%,184,28%,26/06/2022,13:45
Paper Rex vs. XERXIA Esports,Champions Tour Asia-Pacific Stage 2: Challengers Playoffs,Playoffs,win,Paper Rex,XERXIA Esports,3,0,Breeze,1.73,370,24,9,5,+15,94%,227,28%,26/06/2022,13:45
Paper Rex vs. Team Secret,Champions Tour Asia-Pacific Stage 2: Challengers Playoffs,Playoffs,win,Paper Rex,Team Secret,2,0,Ascent,1.32,228,17,10,1,+7,80%,166,33%,25/06/2022,16:30
Paper Rex vs. Team Secret,Champions Tour Asia-Pacific Stage 2: Challengers Playoffs,Playoffs,win,Paper Rex,Team Secret,2,0,Bind,1.64,331,41,17,5,+24,86%,206,35%,25/06/2022,16:30
Paper Rex vs. BLEED,Champions Tour Asia-Pacific Stage 2: Challengers Playoffs,Playoffs,win,Paper Rex,BLEED,2,1,Split,0.67,193,13,18,4,-5,60%,117,29%,24/06/2022,10:00
Paper Rex vs. BLEED,Champions Tour Asia-Pacific Stage 2: Challengers Playoffs,Playoffs,win,Paper Rex,BLEED,2,1,Fracture,1.37,278,59,44,10,+15,71%,167,26%,24/06/2022,10:00
Paper Rex vs. BLEED,Champions Tour Asia-Pacific Stage 2: Challengers Playoffs,Playoffs,win,Paper Rex,BLEED,2,1,Ascent,1.47,374,23,11,4,+12,76%,205,23%,24/06/2022,10:00
Paper Rex vs. Alter Ego,Champions Tour Asia-Pacific Stage 2: Challengers Playoffs,Playoffs,win,Paper Rex,Alter Ego,2,1,Bind,1.03,203,18,16,4,+2,70%,122,26%,23/06/2022,10:00
Paper Rex vs. Alter Ego,Champions Tour Asia-Pacific Stage 2: Challengers Playoffs,Playoffs,win,Paper Rex,Alter Ego,2,1,Fracture,0.80,229,57,49,15,+8,70%,144,24%,23/06/2022,10:00
Paper Rex vs. Alter Ego,Champions Tour Asia-Pacific Stage 2: Challengers Playoffs,Playoffs,win,Paper Rex,Alter Ego,2,1,Icebox,1.03,212,20,19,6,+1,65%,135,21%,23/06/2022,10:00
Paper Rex vs. ORDER,Champions Tour Asia-Pacific Stage 2: Challengers Playoffs,Group Stage,win,Paper Rex,ORDER,2,0,Haven,1.52,281,22,13,3,+9,76%,184,38%,19/06/2022,10:00
Paper Rex vs. ORDER,Champions Tour Asia-Pacific Stage 2: Challengers Playoffs,Group Stage,win,Paper Rex,ORDER,2,0,Bind,1.40,303,44,26,5,+18,75%,202,40%,19/06/2022,10:00
Paper Rex vs. BOOM Esports,Champions Tour Asia-Pacific Stage 2: Challengers Playoffs,Group Stage,win,Paper Rex,BOOM Esports,2,0,Haven,1.75,290,23,9,1,+14,86%,191,48%,16/06/2022,14:25
Paper Rex vs. BOOM Esports,Champions Tour Asia-Pacific Stage 2: Challengers Playoffs,Group Stage,win,Paper Rex,BOOM Esports,2,0,Fracture,1.49,282,44,30,7,+14,73%,181,31%,16/06/2022,14:25
LaZe vs. Paper Rex,Champions Tour Malaysia & Singapore Stage 2: Challengers,Playoffs,win,Paper Rex,LaZe,3,0,Fracture,0.49,174,11,17,5,-6,60%,121,16%,29/05/2022,11:30
LaZe vs. Paper Rex,Champions Tour Malaysia & Singapore Stage 2: Challengers,Playoffs,win,Paper Rex,LaZe,3,0,Haven,0.74,209,43,41,11,+2,72%,138,21%,29/05/2022,11:30
LaZe vs. Paper Rex,Champions Tour Malaysia & Singapore Stage 2: Challengers,Playoffs,win,Paper Rex,LaZe,3,0,Ascent,0.71,176,10,11,3,-1,93%,107,23%,29/05/2022,11:30
Paper Rex vs. BLEED,Champions Tour Malaysia & Singapore Stage 2: Challengers,Playoffs,win,Paper Rex,BLEED,2,0,Ascent,1.04,227,13,11,1,+2,73%,140,36%,28/05/2022,17:20
Paper Rex vs. BLEED,Champions Tour Malaysia & Singapore Stage 2: Challengers,Playoffs,win,Paper Rex,BLEED,2,0,Fracture,1.03,235,30,28,3,+2,63%,153,31%,28/05/2022,17:20
Paper Rex vs. LaZe,Champions Tour Malaysia & Singapore Stage 2: Challengers,Playoffs,loss,Paper Rex,LaZe,1,2,Ascent,0.94,196,13,13,2,0,68%,122,27%,28/05/2022,11:30
Paper Rex vs. LaZe,Champions Tour Malaysia & Singapore Stage 2: Challengers,Playoffs,loss,Paper Rex,LaZe,1,2,Icebox,0.76,199,44,48,10,-4,64%,128,21%,28/05/2022,11:30
Paper Rex vs. LaZe,Champions Tour Malaysia & Singapore Stage 2: Challengers,Playoffs,loss,Paper Rex,LaZe,1,2,Split,0.96,222,16,17,4,-1,70%,158,23%,28/05/2022,11:30
Paper Rex vs. No Namers,Champions Tour Malaysia & Singapore Stage 2: Challengers,Playoffs,win,Paper Rex,No Namers,2,0,Fracture,1.37,282,19,10,3,+9,88%,173,25%,27/05/2022,9:30
Paper Rex vs. No Namers,Champions Tour Malaysia & Singapore Stage 2: Challengers,Playoffs,win,Paper Rex,No Namers,2,0,Bind,1.48,281,33,21,7,+12,87%,174,29%,27/05/2022,9:30
Paper Rex vs. Blitz Esports,Champions Tour Malaysia & Singapore Stage 2: Challengers,Group Stage,win,Paper Rex,Blitz Esports,2,0,Haven,1.36,311,19,13,3,+6,76%,209,38%,22/05/2022,11:55
Paper Rex vs. Blitz Esports,Champions Tour Malaysia & Singapore Stage 2: Challengers,Group Stage,win,Paper Rex,Blitz Esports,2,0,Breeze,1.08,267,34,29,10,+5,82%,183,31%,22/05/2022,11:55
Paper Rex vs. Todak,Champions Tour Malaysia & Singapore Stage 2: Challengers,Group Stage,win,Paper Rex,Todak,2,0,Bind,1.37,291,16,10,6,+6,94%,182,30%,21/05/2022,11:35
Paper Rex vs. Todak,Champions Tour Malaysia & Singapore Stage 2: Challengers,Group Stage,win,Paper Rex,Todak,2,0,Split,1.65,326,38,20,20,+18,91%,212,35%,21/05/2022,11:35
Paper Rex vs. KPMOONIIBLM9,Champions Tour Malaysia & Singapore Stage 2: Challengers,Group Stage,win,Paper Rex,KPMOONIIBLM9,2,0,Breeze,0.87,246,16,17,3,-1,63%,147,27%,20/05/2022,13:00
Paper Rex vs. KPMOONIIBLM9,Champions Tour Malaysia & Singapore Stage 2: Challengers,Group Stage,win,Paper Rex,KPMOONIIBLM9,2,0,Icebox,0.89,239,29,34,7,-5,59%,150,29%,20/05/2022,13:00
Paper Rex vs. Avium Esports,Champions Tour Malaysia & Singapore Stage 2: Challengers,Group Stage,win,Paper Rex,Avium Esports,2,0,Ascent,1.29,262,16,9,0,+7,69%,167,38%,19/05/2022,16:20
Paper Rex vs. Avium Esports,Champions Tour Malaysia & Singapore Stage 2: Challengers,Group Stage,win,Paper Rex,Avium Esports,2,0,Icebox,0.87,225,30,22,5,+8,69%,145,38%,19/05/2022,16:20
Paper Rex vs. Galaxy Esports,Champions Tour Malaysia & Singapore Stage 2: Challengers,Group Stage,win,Paper Rex,Galaxy Esports,2,0,Bind,1.55,261,18,8,1,+10,72%,189,35%,15/05/2022,9:30
Paper Rex vs. Galaxy Esports,Champions Tour Malaysia & Singapore Stage 2: Challengers,Group Stage,win,Paper Rex,Galaxy Esports,2,0,Icebox,0.83,275,34,20,3,+14,68%,186,27%,15/05/2022,9:30
Paper Rex vs. BLEED,Champions Tour Malaysia & Singapore Stage 2: Challengers,Group Stage,win,Paper Rex,BLEED,2,1,Icebox,0.73,197,13,17,5,-4,70%,130,27%,14/05/2022,15:05
Paper Rex vs. BLEED,Champions Tour Malaysia & Singapore Stage 2: Challengers,Group Stage,win,Paper Rex,BLEED,2,1,Bind,1.18,244,49,42,10,+7,70%,148,35%,14/05/2022,15:05
Paper Rex vs. BLEED,Champions Tour Malaysia & Singapore Stage 2: Challengers,Group Stage,win,Paper Rex,BLEED,2,1,Breeze,1.61,304,18,10,4,+8,75%,178,44%,14/05/2022,15:05
Paper Rex vs. LaZe,Champions Tour Malaysia & Singapore Stage 2: Challengers,Group Stage,win,Paper Rex,LaZe,2,0,Fracture,0.80,227,15,17,5,-2,62%,153,30%,13/05/2022,13:00
Paper Rex vs. LaZe,Champions Tour Malaysia & Singapore Stage 2: Challengers,Group Stage,win,Paper Rex,LaZe,2,0,Split,1.15,267,33,25,8,+8,72%,168,29%,13/05/2022,13:00
ZETA DIVISION vs. Paper Rex,Valorant Champions Tour Stage 1: Masters Reykjavík,Playoffs,loss,Paper Rex,ZETA DIVISION,1,2,Icebox,0.70,172,10,14,4,-4,63%,112,17%,23/04/2022,3:25
ZETA DIVISION vs. Paper Rex,Valorant Champions Tour Stage 1: Masters Reykjavík,Playoffs,loss,Paper Rex,ZETA DIVISION,1,2,Haven,0.83,221,43,45,9,-2,70%,146,21%,23/04/2022,3:25
ZETA DIVISION vs. Paper Rex,Valorant Champions Tour Stage 1: Masters Reykjavík,Playoffs,loss,Paper Rex,ZETA DIVISION,1,2,Split,0.70,191,8,14,4,-6,67%,120,25%,23/04/2022,3:25
G2 Esports vs. Paper Rex,Valorant Champions Tour Stage 1: Masters Reykjavík,Playoffs,win,Paper Rex,G2 Esports,2,0,Split,1.49,301,25,15,8,+10,91%,184,21%,19/04/2022,4:00
G2 Esports vs. Paper Rex,Valorant Champions Tour Stage 1: Masters Reykjavík,Playoffs,win,Paper Rex,G2 Esports,2,0,Bind,1.12,336,54,28,12,+26,86%,210,38%,19/04/2022,4:00
Paper Rex vs. The Guard,Valorant Champions Tour Stage 1: Masters Reykjavík,Playoffs,win,Paper Rex,The Guard,2,0,Haven,1.36,280,22,16,3,+6,70%,171,26%,17/04/2022,3:30
Paper Rex vs. The Guard,Valorant Champions Tour Stage 1: Masters Reykjavík,Playoffs,win,Paper Rex,The Guard,2,0,Split,1.40,271,43,28,6,+15,75%,168,32%,17/04/2022,3:30
Paper Rex vs. DRX,Valorant Champions Tour Stage 1: Masters Reykjavík,Playoffs,loss,Paper Rex,DRX,1,2,Haven,0.63,144,11,18,3,-7,70%,95,31%,16/04/2022,12:00
Paper Rex vs. DRX,Valorant Champions Tour Stage 1: Masters Reykjavík,Playoffs,loss,Paper Rex,DRX,1,2,Bind,0.62,182,40,55,9,-15,71%,110,27%,16/04/2022,12:00
Paper Rex vs. DRX,Valorant Champions Tour Stage 1: Masters Reykjavík,Playoffs,loss,Paper Rex,DRX,1,2,Ascent,0.85,214,15,18,3,-3,81%,119,16%,16/04/2022,12:00
Paper Rex vs. XERXIA Esports,Champions Tour Asia-Pacific Stage 1: Challengers Playoffs,Knockouts,win,Paper Rex,XERXIA Esports,3,2,Fracture,1.23,320,19,15,3,+4,82%,189,9%,27/03/2022,14:30
Paper Rex vs. XERXIA Esports,Champions Tour Asia-Pacific Stage 1: Challengers Playoffs,Knockouts,win,Paper Rex,XERXIA Esports,3,2,Split,1.14,276,99,78,20,+21,73%,169,23%,27/03/2022,14:30
Paper Rex vs. XERXIA Esports,Champions Tour Asia-Pacific Stage 1: Challengers Playoffs,Knockouts,win,Paper Rex,XERXIA Esports,3,2,Icebox,0.64,144,10,17,3,-7,67%,93,27%,27/03/2022,14:30
Paper Rex vs. XERXIA Esports,Champions Tour Asia-Pacific Stage 1: Challengers Playoffs,Knockouts,win,Paper Rex,XERXIA Esports,3,2,Breeze,0.93,257,17,16,3,+1,74%,167,27%,27/03/2022,14:30
Paper Rex vs. XERXIA Esports,Champions Tour Asia-Pacific Stage 1: Challengers Playoffs,Knockouts,win,Paper Rex,XERXIA Esports,3,2,Haven,1.39,310,26,16,6,+10,71%,204,29%,27/03/2022,14:30
BLEED vs. Paper Rex,Champions Tour Asia-Pacific Stage 1: Challengers Playoffs,Knockouts,win,Paper Rex,BLEED,2,0,Icebox,1.05,268,24,23,7,+1,82%,170,16%,26/03/2022,15:10
BLEED vs. Paper Rex,Champions Tour Asia-Pacific Stage 1: Challengers Playoffs,Knockouts,win,Paper Rex,BLEED,2,0,Split,1.24,250,38,33,8,+5,76%,167,18%,26/03/2022,15:10
XERXIA Esports vs. Paper Rex,Champions Tour Asia-Pacific Stage 1: Challengers Playoffs,Knockouts,win,Paper Rex,XERXIA Esports,2,0,Bind,1.36,329,23,15,4,+8,80%,191,32%,25/03/2022,13:30
XERXIA Esports vs. Paper Rex,Champions Tour Asia-Pacific Stage 1: Challengers Playoffs,Knockouts,win,Paper Rex,XERXIA Esports,2,0,Haven,1.48,291,44,33,10,+11,75%,180,31%,25/03/2022,13:30
Paper Rex vs. South Built Esports,Champions Tour Asia-Pacific Stage 1: Challengers Playoffs,Knockouts,win,Paper Rex,South Built Esports,2,0,Haven,1.47,393,31,16,1,+15,77%,232,31%,24/03/2022,19:30
Paper Rex vs. South Built Esports,Champions Tour Asia-Pacific Stage 1: Challengers Playoffs,Knockouts,win,Paper Rex,South Built Esports,2,0,Split,1.55,366,56,30,3,+26,76%,227,30%,24/03/2022,19:30
Paper Rex vs. Persija Esports,Champions Tour Asia-Pacific Stage 1: Challengers Playoffs,Group Stage,win,Paper Rex,Persija Esports,2,1,Fracture,0.57,199,13,20,6,-7,78%,135,12%,19/03/2022,13:20
Paper Rex vs. Persija Esports,Champions Tour Asia-Pacific Stage 1: Challengers Playoffs,Group Stage,win,Paper Rex,Persija Esports,2,1,Breeze,1.05,238,54,52,17,+2,82%,163,21%,19/03/2022,13:20
Paper Rex vs. Persija Esports,Champions Tour Asia-Pacific Stage 1: Challengers Playoffs,Group Stage,win,Paper Rex,Persija Esports,2,1,Icebox,1.22,270,26,20,4,+6,81%,177,33%,19/03/2022,13:20
Paper Rex vs. Fancy United Esports,Champions Tour Asia-Pacific Stage 1: Challengers Playoffs,Group Stage,win,Paper Rex,Fancy United Esports,2,0,Haven,1.12,190,12,9,4,+3,83%,139,20%,17/03/2022,12:30
Paper Rex vs. Fancy United Esports,Champions Tour Asia-Pacific Stage 1: Challengers Playoffs,Group Stage,win,Paper Rex,Fancy United Esports,2,0,Icebox,1.30,204,28,25,6,+3,75%,147,23%,17/03/2022,12:30
Paper Rex vs. BLEED,Champions Tour Malaysia & Singapore Stage 1: Challengers,Playoffs,win,Paper Rex,BLEED,3,0,Haven,1.59,316,17,9,2,+8,73%,198,34%,27/02/2022,13:00
Paper Rex vs. BLEED,Champions Tour Malaysia & Singapore Stage 1: Challengers,Playoffs,win,Paper Rex,BLEED,3,0,Fracture,0.78,285,67,43,11,+24,81%,173,23%,27/02/2022,13:00
Paper Rex vs. BLEED,Champions Tour Malaysia & Singapore Stage 1: Challengers,Playoffs,win,Paper Rex,BLEED,3,0,Ascent,1.16,224,28,22,6,+6,79%,141,16%,27/02/2022,13:00
Paper Rex vs. No Namers,Champions Tour Malaysia & Singapore Stage 1: Challengers,Playoffs,win,Paper Rex,No Namers,2,0,Icebox,0.67,185,14,21,5,-7,61%,117,11%,26/02/2022,15:30
Paper Rex vs. No Namers,Champions Tour Malaysia & Singapore Stage 1: Challengers,Playoffs,win,Paper Rex,No Namers,2,0,Split,0.50,206,28,38,15,-10,67%,135,21%,26/02/2022,15:30
Paper Rex vs. KPMOONIIBLM9,Champions Tour Malaysia & Singapore Stage 1: Challengers,Playoffs,win,Paper Rex,KPMOONIIBLM9,2,0,Breeze,1.40,324,21,12,2,+9,72%,186,40%,25/02/2022,16:15
Paper Rex vs. KPMOONIIBLM9,Champions Tour Malaysia & Singapore Stage 1: Challengers,Playoffs,win,Paper Rex,KPMOONIIBLM9,2,0,Ascent,0.67,305,43,31,4,+12,72%,184,31%,25/02/2022,16:15
Paper Rex vs. Madness Esports,Champions Tour Malaysia & Singapore Stage 1: Challengers,Playoffs,win,Paper Rex,Madness Esports,2,0,Icebox,1.78,340,24,9,6,+15,84%,249,45%,24/02/2022,13:30
Paper Rex vs. Madness Esports,Champions Tour Malaysia & Singapore Stage 1: Challengers,Playoffs,win,Paper Rex,Madness Esports,2,0,Haven,1.41,363,55,26,11,+29,81%,242,42%,24/02/2022,13:30
Paper Rex vs. Todak,Champions Tour Malaysia & Singapore Stage 1: Challengers,Group Stage,win,Paper Rex,Todak,2,0,Haven,1.62,382,24,12,4,+12,82%,238,37%,18/02/2022,18:55
Paper Rex vs. Todak,Champions Tour Malaysia & Singapore Stage 1: Challengers,Group Stage,win,Paper Rex,Todak,2,0,Ascent,1.04,291,40,31,10,+9,71%,182,32%,18/02/2022,18:55
Paper Rex vs. You Guys Get Paid?,Champions Tour Malaysia & Singapore Stage 1: Challengers,Group Stage,win,Paper Rex,You Guys Get Paid?,2,0,Split,1.97,374,20,8,3,+12,100%,262,42%,10/02/2022,16:30
Paper Rex vs. You Guys Get Paid?,Champions Tour Malaysia & Singapore Stage 1: Challengers,Group Stage,win,Paper Rex,You Guys Get Paid?,2,0,Haven,1.39,315,32,14,7,+18,96%,211,35%,10/02/2022,16:30
Paper Rex vs. Louvre,The Esports Club Showdown,Main Event,win,Paper Rex,Louvre,3,0,Split,1.26,263,21,15,4,+6,76%,175,28%,30/11/2021,17:30
Paper Rex vs. Louvre,The Esports Club Showdown,Main Event,win,Paper Rex,Louvre,3,0,Haven,1.26,271,57,44,8,+13,74%,164,30%,30/11/2021,17:30
Paper Rex vs. Louvre,The Esports Club Showdown,Main Event,win,Paper Rex,Louvre,3,0,Icebox,0.81,278,16,13,1,+3,73%,154,44%,30/11/2021,17:30
Paper Rex vs. Alter Ego,The Esports Club Showdown,Main Event,win,Paper Rex,Alter Ego,2,0,Fracture,1.44,317,19,10,4,+9,69%,176,38%,25/11/2021,18:30
Paper Rex vs. Louvre,The Esports Club Showdown,Main Event,win,Paper Rex,Louvre,2,0,Split,1.31,283,31,21,1,+10,73%,181,31%,22/11/2021,18:30
Paper Rex vs. Louvre,The Esports Club Showdown,Main Event,win,Paper Rex,Louvre,2,0,Icebox,0.79,264,52,45,3,+7,76%,169,32%,22/11/2021,18:30
BOOM Esports vs. Paper Rex,Royal SEA Challenge,Playoffs,loss,Paper Rex,BOOM Esports,0,2,Icebox,0.92,218,15,17,3,-2,55%,147,30%,19/11/2021,20:50
BOOM Esports vs. Paper Rex,Royal SEA Challenge,Playoffs,loss,Paper Rex,BOOM Esports,0,2,Ascent,0.99,238,29,32,9,-3,56%,163,35%,19/11/2021,20:50
Sharper Esport vs. Paper Rex,Royal SEA Challenge,Playoffs,win,Paper Rex,Sharper Esport,2,1,Bind,1.21,266,20,14,1,+6,70%,164,20%,19/11/2021,14:10
Sharper Esport vs. Paper Rex,Royal SEA Challenge,Playoffs,win,Paper Rex,Sharper Esport,2,1,Ascent,1.27,234,57,43,4,+14,71%,151,27%,19/11/2021,14:10
Sharper Esport vs. Paper Rex,Royal SEA Challenge,Playoffs,win,Paper Rex,Sharper Esport,2,1,Split,0.72,188,17,20,1,-3,62%,111,38%,19/11/2021,14:10
Paper Rex vs. Team Exploit,The Esports Club Showdown,Main Event,win,Paper Rex,Team Exploit,2,0,Icebox,1.54,376,39,16,7,+23,93%,248,26%,18/11/2021,14:50
Paper Rex vs. Bren Esports,Royal SEA Challenge,Group Stage,win,Paper Rex,Bren Esports,2,0,Haven,1.88,360,21,8,6,+13,88%,243,35%,17/11/2021,16:20
Paper Rex vs. Bren Esports,Royal SEA Challenge,Group Stage,win,Paper Rex,Bren Esports,2,0,Split,1.28,322,44,26,12,+18,80%,212,34%,17/11/2021,16:20
Paper Rex vs. BLEED,Royal SEA Challenge,Group Stage,win,Paper Rex,BLEED,2,0,Split,1.15,230,14,10,3,+4,94%,150,40%,16/11/2021,16:00
Paper Rex vs. BLEED,Royal SEA Challenge,Group Stage,win,Paper Rex,BLEED,2,0,Haven,1.22,288,36,27,9,+9,81%,182,31%,16/11/2021,16:00
Paper Rex vs. Team Big BAAM,Royal SEA Challenge,Group Stage,win,Paper Rex,Team Big BAAM,2,0,Bind,1.00,198,11,9,3,+2,75%,133,11%,15/11/2021,16:00
Paper Rex vs. Team Big BAAM,Royal SEA Challenge,Group Stage,win,Paper Rex,Team Big BAAM,2,0,Icebox,1.50,294,40,23,6,+17,78%,198,29%,15/11/2021,16:00
Paper Rex vs. South Built Esports,Royal SEA Challenge,Group Stage,draw,Paper Rex,South Built Esports,1,1,Split,1.59,335,26,14,5,+12,86%,209,18%,14/11/2021,16:00
Paper Rex vs. South Built Esports,Royal SEA Challenge,Group Stage,draw,Paper Rex,South Built Esports,1,1,Icebox,1.43,301,45,31,10,+14,77%,196,21%,14/11/2021,16:00
Paper Rex vs. DAMWON Gaming,Champions Tour Asia-Pacific: Last Chance Qualifier,Main Event,loss,Paper Rex,DAMWON Gaming,1,2,Bind,0.99,221,17,16,3,+1,74%,149,17%,15/10/2021,17:15
Paper Rex vs. DAMWON Gaming,Champions Tour Asia-Pacific: Last Chance Qualifier,Main Event,loss,Paper Rex,DAMWON Gaming,1,2,Breeze,1.35,226,48,37,18,+11,77%,147,24%,15/10/2021,17:15
Paper Rex vs. DAMWON Gaming,Champions Tour Asia-Pacific: Last Chance Qualifier,Main Event,loss,Paper Rex,DAMWON Gaming,1,2,Ascent,1.58,274,16,6,8,+10,94%,186,35%,15/10/2021,17:15
Paper Rex vs. NORTHEPTION,Champions Tour Asia-Pacific: Last Chance Qualifier,Main Event,loss,Paper Rex,NORTHEPTION,0,2,Icebox,1.19,235,22,18,7,+4,65%,157,19%,14/10/2021,14:00
Paper Rex vs. NORTHEPTION,Champions Tour Asia-Pacific: Last Chance Qualifier,Main Event,loss,Paper Rex,NORTHEPTION,0,2,Ascent,0.98,230,42,36,19,+6,74%,150,21%,14/10/2021,14:00
Paper Rex vs. Global Esports,Champions Tour Asia-Pacific: Last Chance Qualifier,Main Event,win,Paper Rex,Global Esports,2,0,Icebox,1.62,352,20,9,6,+11,94%,235,23%,12/10/2021,20:30
Paper Rex vs. Global Esports,Champions Tour Asia-Pacific: Last Chance Qualifier,Main Event,win,Paper Rex,Global Esports,2,0,Split,1.73,295,33,12,12,+21,93%,193,21%,12/10/2021,20:30
Paper Rex vs. BLEED,KJC eSports VALORANT Invitational,Playoffs,win,Paper Rex,BLEED,3,0,Bind,0.71,175,8,13,8,-5,67%,149,15%,10/10/2021,16:00
Paper Rex vs. BLEED,KJC eSports VALORANT Invitational,Playoffs,win,Paper Rex,BLEED,3,0,Icebox,1.48,269,46,30,23,+16,80%,177,19%,10/10/2021,16:00
Paper Rex vs. BLEED,KJC eSports VALORANT Invitational,Playoffs,win,Paper Rex,BLEED,3,0,Ascent,1.51,283,16,8,5,+8,73%,183,25%,10/10/2021,16:00
BLEED vs. Paper Rex,KJC eSports VALORANT Invitational,Playoffs,win,Paper Rex,BLEED,2,1,Ascent,1.12,260,20,17,15,+3,71%,176,22%,09/10/2021,16:00
BLEED vs. Paper Rex,KJC eSports VALORANT Invitational,Playoffs,win,Paper Rex,BLEED,2,1,Bind,0.91,234,54,50,32,+4,74%,159,29%,09/10/2021,16:00
BLEED vs. Paper Rex,KJC eSports VALORANT Invitational,Playoffs,win,Paper Rex,BLEED,2,1,Breeze,0.73,200,18,25,9,-7,64%,137,29%,09/10/2021,16:00
Paper Rex vs. Louvre,KJC eSports VALORANT Invitational,Playoffs,win,Paper Rex,Louvre,2,0,Ascent,1.43,289,22,16,14,+6,81%,198,24%,08/10/2021,16:35
Paper Rex vs. Louvre,KJC eSports VALORANT Invitational,Playoffs,win,Paper Rex,Louvre,2,0,Bind,1.04,227,35,28,21,+7,80%,152,24%,08/10/2021,16:35
Paper Rex vs. Foxy Araikordai,KJC eSports VALORANT Invitational,Playoffs,win,Paper Rex,Foxy Araikordai,2,0,Ascent,0.98,206,20,18,6,+2,77%,147,25%,07/10/2021,15:30
Paper Rex vs. Foxy Araikordai,KJC eSports VALORANT Invitational,Playoffs,win,Paper Rex,Foxy Araikordai,2,0,Split,1.25,223,39,30,15,+9,76%,159,26%,07/10/2021,15:30
Paper Rex vs. Papara SuperMassive,Valorant Champions Tour Stage 3: Masters Berlin,Group Stage,loss,Paper Rex,Papara SuperMassive,1,2,Haven,0.80,196,18,19,1,-1,58%,120,37%,15/09/2021,20:00
Paper Rex vs. Papara SuperMassive,Valorant Champions Tour Stage 3: Masters Berlin,Group Stage,loss,Paper Rex,Papara SuperMassive,1,2,Breeze,0.63,183,40,53,6,-13,56%,124,34%,15/09/2021,20:00
Paper Rex vs. Papara SuperMassive,Valorant Champions Tour Stage 3: Masters Berlin,Group Stage,loss,Paper Rex,Papara SuperMassive,1,2,Split,0.41,154,6,15,2,-9,40%,122,39%,15/09/2021,20:00
Vision Strikers vs. Paper Rex,Valorant Champions Tour Stage 3: Masters Berlin,Group Stage,loss,Paper Rex,Vision Strikers,0,2,Haven,1.20,281,21,19,2,+2,64%,169,28%,11/09/2021,20:00
Vision Strikers vs. Paper Rex,Valorant Champions Tour Stage 3: Masters Berlin,Group Stage,loss,Paper Rex,Vision Strikers,0,2,Icebox,1.34,294,48,37,5,+11,65%,169,29%,11/09/2021,20:00
Paper Rex vs. Bren Esports,Champions Tour SEA Stage 3: Challengers Playoffs,Playoffs,loss,Paper Rex,Bren Esports,0,3,Bind,1.11,273,28,23,8,+5,77%,176,20%,22/08/2021,14:05
Paper Rex vs. Bren Esports,Champions Tour SEA Stage 3: Challengers Playoffs,Playoffs,loss,Paper Rex,Bren Esports,0,3,Split,0.86,219,58,63,18,-5,73%,146,16%,22/08/2021,14:05
Paper Rex vs. Bren Esports,Champions Tour SEA Stage 3: Challengers Playoffs,Playoffs,loss,Paper Rex,Bren Esports,0,3,Icebox,0.94,260,23,23,5,0,73%,156,9%,22/08/2021,14:05
Bren Esports vs. Paper Rex,Champions Tour SEA Stage 3: Challengers Playoffs,Playoffs,win,Paper Rex,Bren Esports,2,1,Icebox,0.89,292,23,20,3,+3,54%,144,44%,21/08/2021,14:30
Bren Esports vs. Paper Rex,Champions Tour SEA Stage 3: Challengers Playoffs,Playoffs,win,Paper Rex,Bren Esports,2,1,Breeze,1.32,307,61,41,14,+20,68%,174,33%,21/08/2021,14:30
Bren Esports vs. Paper Rex,Champions Tour SEA Stage 3: Challengers Playoffs,Playoffs,win,Paper Rex,Bren Esports,2,1,Ascent,1.21,267,20,15,4,+5,71%,175,34%,21/08/2021,14:30
BOOM Esports vs. Paper Rex,Champions Tour SEA Stage 3: Challengers Playoffs,Playoffs,win,Paper Rex,BOOM Esports,2,0,Bind,1.56,341,23,15,7,+8,71%,207,14%,20/08/2021,12:20
BOOM Esports vs. Paper Rex,Champions Tour SEA Stage 3: Challengers Playoffs,Playoffs,win,Paper Rex,BOOM Esports,2,0,Icebox,1.54,337,52,29,10,+23,76%,197,18%,20/08/2021,12:20
Paper Rex vs. CBT Gaming,Champions Tour SEA Stage 3: Challengers Playoffs,Playoffs,win,Paper Rex,CBT Gaming,2,0,Icebox,1.43,278,17,10,3,+7,88%,178,52%,19/08/2021,17:30
Paper Rex vs. CBT Gaming,Champions Tour SEA Stage 3: Challengers Playoffs,Playoffs,win,Paper Rex,CBT Gaming,2,0,Split,1.16,293,43,28,10,+15,80%,180,49%,19/08/2021,17:30
ONIC G vs. Paper Rex,Champions Tour SEA Stage 3: Challengers Playoffs,Group Stage,win,Paper Rex,ONIC G,2,0,Breeze,1.27,259,18,14,6,+4,76%,174,27%,16/08/2021,10:00
ONIC G vs. Paper Rex,Champions Tour SEA Stage 3: Challengers Playoffs,Group Stage,win,Paper Rex,ONIC G,2,0,Icebox,1.50,372,48,31,9,+17,79%,224,31%,16/08/2021,10:00
FULL SENSE vs. Paper Rex,Champions Tour SEA Stage 3: Challengers Playoffs,Group Stage,draw,Paper Rex,FULL SENSE,1,1,Split,1.25,280,23,19,6,+4,87%,180,23%,14/08/2021,20:35
FULL SENSE vs. Paper Rex,Champions Tour SEA Stage 3: Challengers Playoffs,Group Stage,draw,Paper Rex,FULL SENSE,1,1,Ascent,1.34,315,50,36,15,+14,89%,196,25%,14/08/2021,20:35
Five Ace Esports vs. Paper Rex,Champions Tour SEA Stage 3: Challengers Playoffs,Group Stage,win,Paper Rex,Five Ace Esports,2,0,Icebox,1.40,278,15,10,3,+5,81%,175,24%,13/08/2021,17:00
Five Ace Esports vs. Paper Rex,Champions Tour SEA Stage 3: Challengers Playoffs,Group Stage,win,Paper Rex,Five Ace Esports,2,0,Split,0.97,283,39,26,8,+13,87%,180,24%,13/08/2021,17:00
Paper Rex vs. Kingsmen,Champions Tour Malaysia & Singapore Stage 3: Challengers 3,Main Event,win,Paper Rex,Kingsmen,3,0,Haven,0.93,238,18,16,3,+2,62%,144,32%,08/08/2021,13:00
Paper Rex vs. Kingsmen,Champions Tour Malaysia & Singapore Stage 3: Challengers 3,Main Event,win,Paper Rex,Kingsmen,3,0,Icebox,1.24,261,52,40,9,+12,68%,145,31%,08/08/2021,13:00
Paper Rex vs. Kingsmen,Champions Tour Malaysia & Singapore Stage 3: Challengers 3,Main Event,win,Paper Rex,Kingsmen,3,0,Breeze,1.07,238,16,13,3,+3,72%,140,33%,08/08/2021,13:00
Paper Rex vs. Louvre,Champions Tour Malaysia & Singapore Stage 3: Challengers 3,Main Event,win,Paper Rex,Louvre,2,0,Breeze,1.42,338,26,18,3,+8,77%,197,33%,07/08/2021,15:40
Paper Rex vs. Louvre,Champions Tour Malaysia & Singapore Stage 3: Challengers 3,Main Event,win,Paper Rex,Louvre,2,0,Haven,2.03,320,48,31,9,+17,81%,196,30%,07/08/2021,15:40
Paper Rex vs. Looking For Org,Champions Tour Malaysia & Singapore Stage 3: Challengers 3,Main Event,win,Paper Rex,Looking For Org,2,1,Icebox,1.34,353,19,17,17,+2,85%,223,13%,07/08/2021,9:00
Paper Rex vs. Looking For Org,Champions Tour Malaysia & Singapore Stage 3: Challengers 3,Main Event,win,Paper Rex,Looking For Org,2,1,Split,0.80,249,46,45,26,+1,79%,149,20%,07/08/2021,9:00
Paper Rex vs. Looking For Org,Champions Tour Malaysia & Singapore Stage 3: Challengers 3,Main Event,win,Paper Rex,Looking For Org,2,1,Ascent,0.68,180,13,20,8,-7,79%,125,33%,07/08/2021,9:00
Paper Rex vs. Origin Sky,Champions Tour Malaysia & Singapore Stage 3: Challengers 3,Main Event,win,Paper Rex,Origin Sky,2,0,Icebox,1.87,425,27,11,4,+16,79%,252,25%,06/08/2021,9:00
Paper Rex vs. Origin Sky,Champions Tour Malaysia & Singapore Stage 3: Challengers 3,Main Event,win,Paper Rex,Origin Sky,2,0,Ascent,1.87,361,46,20,5,+26,74%,219,28%,06/08/2021,9:00
Paper Rex vs. UwU,Champions Tour Malaysia & Singapore Stage 3: Challengers 2,Main Event,loss,Paper Rex,UwU,1,3,Haven,0.47,150,10,19,1,-9,45%,90,36%,25/07/2021,12:00
Paper Rex vs. UwU,Champions Tour Malaysia & Singapore Stage 3: Challengers 2,Main Event,loss,Paper Rex,UwU,1,3,Breeze,0.60,192,62,65,25,-3,63%,123,29%,25/07/2021,12:00
Paper Rex vs. UwU,Champions Tour Malaysia & Singapore Stage 3: Challengers 2,Main Event,loss,Paper Rex,UwU,1,3,Split,0.93,194,17,18,4,-1,54%,114,21%,25/07/2021,12:00
Paper Rex vs. UwU,Champions Tour Malaysia & Singapore Stage 3: Challengers 2,Main Event,loss,Paper Rex,UwU,1,3,Ascent,1.52,245,17,8,15,+9,88%,169,25%,25/07/2021,12:00
Paper Rex vs. UwU,Champions Tour Malaysia & Singapore Stage 3: Challengers 2,Main Event,win,Paper Rex,UwU,2,0,Ascent,1.50,344,20,11,3,+9,76%,194,29%,24/07/2021,15:40
Paper Rex vs. UwU,Champions Tour Malaysia & Singapore Stage 3: Challengers 2,Main Event,win,Paper Rex,UwU,2,0,Icebox,1.03,320,45,26,12,+19,76%,186,18%,24/07/2021,15:40
Paper Rex vs. Kingsmen,Champions Tour Malaysia & Singapore Stage 3: Challengers 2,Main Event,win,Paper Rex,Kingsmen,2,0,Ascent,1.03,220,15,10,4,+5,89%,132,40%,24/07/2021,9:00
Paper Rex vs. Kingsmen,Champions Tour Malaysia & Singapore Stage 3: Challengers 2,Main Event,win,Paper Rex,Kingsmen,2,0,Icebox,1.04,260,31,20,6,+11,91%,147,28%,24/07/2021,9:00
Paper Rex vs. Team SMG,Champions Tour Malaysia & Singapore Stage 3: Challengers 2,Main Event,win,Paper Rex,Team SMG,2,0,Icebox,0.92,282,17,16,5,+1,74%,180,29%,23/07/2021,9:00
Paper Rex vs. Team SMG,Champions Tour Malaysia & Singapore Stage 3: Challengers 2,Main Event,win,Paper Rex,Team SMG,2,0,Split,1.36,288,38,30,13,+8,80%,188,32%,23/07/2021,9:00
UwU vs. Paper Rex,Champions Tour Malaysia & Singapore Stage 3: Challengers 1,Main Event,win,Paper Rex,UwU,3,0,Haven,1.21,309,22,18,2,+4,62%,180,25%,11/07/2021,11:30
UwU vs. Paper Rex,Champions Tour Malaysia & Singapore Stage 3: Challengers 1,Main Event,win,Paper Rex,UwU,3,0,Breeze,1.54,380,81,44,8,+37,75%,211,31%,11/07/2021,11:30
UwU vs. Paper Rex,Champions Tour Malaysia & Singapore Stage 3: Challengers 1,Main Event,win,Paper Rex,UwU,3,0,Ascent,2.27,480,30,10,4,+20,78%,290,36%,11/07/2021,11:30
Paper Rex vs. Todak,Champions Tour Malaysia & Singapore Stage 3: Challengers 1,Main Event,win,Paper Rex,Todak,2,0,Icebox,1.85,412,30,13,1,+17,75%,229,29%,11/07/2021,9:00
Paper Rex vs. Todak,Champions Tour Malaysia & Singapore Stage 3: Challengers 1,Main Event,win,Paper Rex,Todak,2,0,Breeze,1.31,382,55,21,4,+34,76%,229,27%,11/07/2021,9:00
Paper Rex vs. UwU,Champions Tour Malaysia & Singapore Stage 3: Challengers 1,Main Event,loss,Paper Rex,UwU,1,2,Ascent,2.58,549,29,8,5,+21,93%,315,19%,10/07/2021,16:00
Paper Rex vs. UwU,Champions Tour Malaysia & Singapore Stage 3: Challengers 1,Main Event,loss,Paper Rex,UwU,1,2,Bind,1.16,342,69,49,14,+20,73%,189,21%,10/07/2021,16:00
Paper Rex vs. UwU,Champions Tour Malaysia & Singapore Stage 3: Challengers 1,Main Event,loss,Paper Rex,UwU,1,2,Split,0.85,226,18,22,2,-4,54%,148,22%,10/07/2021,16:00
Paper Rex vs. Kingsmen,Champions Tour Malaysia & Singapore Stage 3: Challengers 1,Main Event,win,Paper Rex,Kingsmen,2,0,Breeze,0.97,247,17,15,3,+2,67%,140,29%,10/07/2021,9:00
Paper Rex vs. Kingsmen,Champions Tour Malaysia & Singapore Stage 3: Challengers 1,Main Event,win,Paper Rex,Kingsmen,2,0,Bind,1.67,290,38,25,5,+13,74%,142,22%,10/07/2021,9:00
Paper Rex vs. Saints,Champions Tour Malaysia & Singapore Stage 3: Challengers 1,Main Event,win,Paper Rex,Saints,2,0,Breeze,1.57,327,27,14,6,+13,86%,201,27%,09/07/2021,9:30
Paper Rex vs. Saints,Champions Tour Malaysia & Singapore Stage 3: Challengers 1,Main Event,win,Paper Rex,Saints,2,0,Split,1.77,388,59,28,6,+31,90%,212,35%,09/07/2021,9:30
BOOM Esports vs. Paper Rex,VALO2ASIA Invitational,Main Event,loss,Paper Rex,BOOM Esports,0,2,Bind,0.71,211,11,13,0,-2,71%,119,17%,27/06/2021,12:00
BOOM Esports vs. Paper Rex,VALO2ASIA Invitational,Main Event,loss,Paper Rex,BOOM Esports,0,2,Icebox,1.05,209,26,30,8,-4,62%,120,21%,27/06/2021,12:00
Zeal Esports vs. Paper Rex,KJC eSports VALORANT Tournament: One,Playoffs,loss,Paper Rex,Zeal Esports,1,3,Ascent,0.90,243,23,22,2,+1,81%,146,25%,26/06/2021,14:00
Zeal Esports vs. Paper Rex,KJC eSports VALORANT Tournament: One,Playoffs,loss,Paper Rex,Zeal Esports,1,3,Bind,1.03,267,87,71,12,+16,76%,165,27%,26/06/2021,14:00
Zeal Esports vs. Paper Rex,KJC eSports VALORANT Tournament: One,Playoffs,loss,Paper Rex,Zeal Esports,1,3,Icebox,0.81,184,10,15,4,-5,56%,141,31%,26/06/2021,14:00
Zeal Esports vs. Paper Rex,KJC eSports VALORANT Tournament: One,Playoffs,loss,Paper Rex,Zeal Esports,1,3,Split,1.71,337,27,14,1,+13,73%,189,44%,26/06/2021,14:00
Paper Rex vs. XcN Gaming,KJC eSports VALORANT Tournament: One,Playoffs,win,Paper Rex,XcN Gaming,2,1,Split,0.54,179,9,16,3,-7,56%,112,24%,25/06/2021,20:00
Paper Rex vs. XcN Gaming,KJC eSports VALORANT Tournament: One,Playoffs,win,Paper Rex,XcN Gaming,2,1,Icebox,1.42,273,45,30,12,+15,76%,163,29%,25/06/2021,20:00
Paper Rex vs. XcN Gaming,KJC eSports VALORANT Tournament: One,Playoffs,win,Paper Rex,XcN Gaming,2,1,Bind,1.13,253,15,11,8,+4,83%,148,22%,25/06/2021,20:00
Paper Rex vs. Griffin E-Sports,KJC eSports VALORANT Tournament: One,Playoffs,win,Paper Rex,Griffin E-Sports,1,0,Bind,1.61,315,18,7,7,+11,87%,176,36%,24/06/2021,18:00
Paper Rex vs. Louvre,KJC eSports VALORANT Tournament: One,Singapore Qualifiers,win,Paper Rex,Louvre,1,0,Bind,0.98,242,19,19,9,0,74%,147,25%,21/06/2021,21:00
Paper Rex vs. Team Solace,KJC eSports VALORANT Tournament: One,Singapore Qualifiers,win,Paper Rex,Team Solace,1,0,Split,1.70,353,24,10,8,+14,84%,218,43%,21/06/2021,20:00
Paper Rex vs. RunDownMid,KJC eSports VALORANT Tournament: One,Singapore Qualifiers,win,Paper Rex,RunDownMid,1,0,Split,1.92,350,20,6,7,+14,93%,198,40%,21/06/2021,19:00
Paper Rex vs. FULL SENSE,Champions Tour SEA Stage 2: Challengers Finals,Main Event,loss,Paper Rex,FULL SENSE,1,2,Split,0.97,229,14,14,9,0,74%,174,21%,02/05/2021,13:00
Paper Rex vs. FULL SENSE,Champions Tour SEA Stage 2: Challengers Finals,Main Event,loss,Paper Rex,FULL SENSE,1,2,Ascent,0.56,180,34,51,18,-17,68%,130,22%,02/05/2021,13:00
Paper Rex vs. FULL SENSE,Champions Tour SEA Stage 2: Challengers Finals,Main Event,loss,Paper Rex,FULL SENSE,1,2,Bind,0.44,132,7,17,5,-10,47%,104,23%,02/05/2021,13:00
Paper Rex vs. X10 Esports,Champions Tour SEA Stage 2: Challengers Finals,Main Event,loss,Paper Rex,X10 Esports,1,2,Icebox,0.47,161,8,17,4,-9,61%,115,22%,01/05/2021,19:30
Paper Rex vs. X10 Esports,Champions Tour SEA Stage 2: Challengers Finals,Main Event,loss,Paper Rex,X10 Esports,1,2,Split,0.97,226,55,56,15,-1,69%,151,20%,01/05/2021,19:30
Paper Rex vs. X10 Esports,Champions Tour SEA Stage 2: Challengers Finals,Main Event,loss,Paper Rex,X10 Esports,1,2,Ascent,1.00,238,20,19,1,+1,67%,144,16%,01/05/2021,19:30
Bren Esports vs. Paper Rex,Champions Tour SEA Stage 2: Challengers Finals,Main Event,win,Paper Rex,Bren Esports,2,1,Icebox,0.98,246,15,15,2,0,71%,158,24%,30/04/2021,16:45
Bren Esports vs. Paper Rex,Champions Tour SEA Stage 2: Challengers Finals,Main Event,win,Paper Rex,Bren Esports,2,1,Ascent,1.70,292,63,39,19,+24,77%,179,22%,30/04/2021,16:45
Bren Esports vs. Paper Rex,Champions Tour SEA Stage 2: Challengers Finals,Main Event,win,Paper Rex,Bren Esports,2,1,Bind,1.87,356,24,6,7,+18,94%,210,28%,30/04/2021,16:45
FULL SENSE vs. Paper Rex,Champions Tour SEA Stage 2: Challengers Finals,Main Event,win,Paper Rex,FULL SENSE,2,1,Split,1.02,210,11,13,5,-2,53%,137,11%,29/04/2021,17:00
FULL SENSE vs. Paper Rex,Champions Tour SEA Stage 2: Challengers Finals,Main Event,win,Paper Rex,FULL SENSE,2,1,Ascent,1.48,297,57,44,17,+13,74%,182,23%,29/04/2021,17:00
FULL SENSE vs. Paper Rex,Champions Tour SEA Stage 2: Challengers Finals,Main Event,win,Paper Rex,FULL SENSE,2,1,Bind,1.05,272,23,22,7,+1,77%,188,24%,29/04/2021,17:00
Paper Rex vs. Team SMG,Champions Tour Malaysia & Singapore Stage 2: Challengers 3,Main Event,win,Paper Rex,Team SMG,3,2,Ascent,0.87,240,30,31,4,-1,53%,155,28%,25/04/2021,13:00
Paper Rex vs. Team SMG,Champions Tour Malaysia & Singapore Stage 2: Challengers 3,Main Event,win,Paper Rex,Team SMG,3,2,Icebox,0.67,246,100,96,29,+4,66%,154,27%,25/04/2021,13:00
Paper Rex vs. Team SMG,Champions Tour Malaysia & Singapore Stage 2: Challengers 3,Main Event,win,Paper Rex,Team SMG,3,2,Bind,1.03,192,17,14,6,+3,65%,97,24%,25/04/2021,13:00
Paper Rex vs. Team SMG,Champions Tour Malaysia & Singapore Stage 2: Challengers 3,Main Event,win,Paper Rex,Team SMG,3,2,Split,1.00,210,12,14,2,-2,76%,129,19%,25/04/2021,13:00
Paper Rex vs. Team SMG,Champions Tour Malaysia & Singapore Stage 2: Challengers 3,Main Event,win,Paper Rex,Team SMG,3,2,Haven,1.09,313,17,18,10,-1,79%,198,27%,25/04/2021,13:00
Paper Rex vs. Louvre,Champions Tour Malaysia & Singapore Stage 2: Challengers 3,Main Event,win,Paper Rex,Louvre,2,1,Ascent,1.76,339,19,8,3,+11,88%,191,32%,24/04/2021,13:50
Paper Rex vs. Louvre,Champions Tour Malaysia & Singapore Stage 2: Challengers 3,Main Event,win,Paper Rex,Louvre,2,1,Bind,1.39,349,69,40,13,+29,84%,207,20%,24/04/2021,13:50
Paper Rex vs. Louvre,Champions Tour Malaysia & Singapore Stage 2: Challengers 3,Main Event,win,Paper Rex,Louvre,2,1,Split,1.48,357,27,20,6,+7,78%,216,20%,24/04/2021,13:50
Paper Rex vs. Todak,Champions Tour Malaysia & Singapore Stage 2: Challengers 3,Main Event,win,Paper Rex,Todak,2,1,Ascent,1.03,248,15,12,4,+3,71%,135,30%,23/04/2021,14:25
Paper Rex vs. Todak,Champions Tour Malaysia & Singapore Stage 2: Challengers 3,Main Event,win,Paper Rex,Todak,2,1,Split,1.27,300,73,43,14,+30,78%,182,21%,23/04/2021,14:25
Paper Rex vs. Todak,Champions Tour Malaysia & Singapore Stage 2: Challengers 3,Main Event,win,Paper Rex,Todak,2,1,Bind,1.53,298,33,23,8,+10,85%,193,17%,23/04/2021,14:25
Paper Rex vs. Louvre,Champions Tour Malaysia & Singapore Stage 2: Challengers 2,Main Event,win,Paper Rex,Louvre,3,1,Icebox,1.17,222,13,10,5,+3,81%,122,30%,18/04/2021,11:30
Paper Rex vs. Louvre,Champions Tour Malaysia & Singapore Stage 2: Challengers 2,Main Event,win,Paper Rex,Louvre,3,1,Haven,1.00,206,57,61,16,-4,72%,132,36%,18/04/2021,11:30
Paper Rex vs. Louvre,Champions Tour Malaysia & Singapore Stage 2: Challengers 2,Main Event,win,Paper Rex,Louvre,3,1,Bind,0.57,177,11,18,5,-7,60%,128,39%,18/04/2021,11:30
Paper Rex vs. Louvre,Champions Tour Malaysia & Singapore Stage 2: Challengers 2,Main Event,win,Paper Rex,Louvre,3,1,Ascent,1.03,219,16,14,3,+2,86%,155,31%,18/04/2021,11:30
Team SMG vs. Paper Rex,Champions Tour Malaysia & Singapore Stage 2: Challengers 2,Main Event,win,Paper Rex,Team SMG,2,1,Split,1.39,311,24,16,6,+8,78%,180,20%,17/04/2021,18:00
Team SMG vs. Paper Rex,Champions Tour Malaysia & Singapore Stage 2: Challengers 2,Main Event,win,Paper Rex,Team SMG,2,1,Bind,1.34,300,78,55,20,+23,72%,166,29%,17/04/2021,18:00
Team SMG vs. Paper Rex,Champions Tour Malaysia & Singapore Stage 2: Challengers 2,Main Event,win,Paper Rex,Team SMG,2,1,Icebox,0.78,175,22,28,6,-6,56%,104,39%,17/04/2021,18:00
Paper Rex vs. Louvre,Champions Tour Malaysia & Singapore Stage 2: Challengers 2,Main Event,win,Paper Rex,Louvre,2,1,Ascent,0.70,236,13,18,6,-5,63%,160,37%,17/04/2021,12:00
Paper Rex vs. Louvre,Champions Tour Malaysia & Singapore Stage 2: Challengers 2,Main Event,win,Paper Rex,Louvre,2,1,Split,1.35,270,58,45,20,+13,68%,176,33%,17/04/2021,12:00
Paper Rex vs. Louvre,Champions Tour Malaysia & Singapore Stage 2: Challengers 2,Main Event,win,Paper Rex,Louvre,2,1,Icebox,0.99,211,16,15,3,+1,64%,128,17%,17/04/2021,12:00
Paper Rex vs. Timing Monster Gaming,Champions Tour Malaysia & Singapore Stage 2: Challengers 2,Main Event,win,Paper Rex,Timing Monster Gaming,2,0,Bind,1.39,285,16,9,5,+7,81%,162,13%,16/04/2021,14:25
Paper Rex vs. Timing Monster Gaming,Champions Tour Malaysia & Singapore Stage 2: Challengers 2,Main Event,win,Paper Rex,Timing Monster Gaming,2,0,Split,1.16,274,38,30,14,+8,86%,175,19%,16/04/2021,14:25
Kingsmen vs. Paper Rex,Champions Tour Malaysia & Singapore Stage 2: Challengers 1,Main Event,loss,Paper Rex,Kingsmen,0,3,Split,0.81,225,22,26,8,-4,70%,148,15%,04/04/2021,11:15
Kingsmen vs. Paper Rex,Champions Tour Malaysia & Singapore Stage 2: Challengers 1,Main Event,loss,Paper Rex,Kingsmen,0,3,Icebox,0.83,226,59,59,19,0,71%,149,20%,04/04/2021,11:15
Kingsmen vs. Paper Rex,Champions Tour Malaysia & Singapore Stage 2: Challengers 1,Main Event,loss,Paper Rex,Kingsmen,0,3,Ascent,1.59,309,27,15,8,+12,88%,201,28%,04/04/2021,11:15
Team 600 vs. Paper Rex,Champions Tour Malaysia & Singapore Stage 2: Challengers 1,Main Event,win,Paper Rex,Team 600,2,0,Split,1.01,220,12,10,9,+2,100%,152,9%,04/04/2021,9:00
Team 600 vs. Paper Rex,Champions Tour Malaysia & Singapore Stage 2: Challengers 1,Main Event,win,Paper Rex,Team 600,2,0,Ascent,1.22,253,33,23,13,+10,87%,162,20%,04/04/2021,9:00
Paper Rex vs. Team SMG,Champions Tour Malaysia & Singapore Stage 2: Challengers 1,Main Event,win,Paper Rex,Team SMG,1,0,Haven,1.21,343,18,14,4,+4,63%,186,42%,03/04/2021,19:30
Paper Rex vs. Team LZ,Champions Tour Malaysia & Singapore Stage 2: Challengers 1,Main Event,win,Paper Rex,Team LZ,1,0,Split,1.47,289,20,13,6,+7,79%,172,14%,03/04/2021,15:40
Team 600 vs. Paper Rex,Champions Tour Malaysia & Singapore Stage 2: Challengers 1,Main Event,loss,Paper Rex,Team 600,1,2,Haven,1.20,240,18,15,6,+3,71%,167,25%,03/04/2021,12:00
Team 600 vs. Paper Rex,Champions Tour Malaysia & Singapore Stage 2: Challengers 1,Main Event,loss,Paper Rex,Team 600,1,2,Split,0.56,198,40,49,13,-9,68%,132,18%,03/04/2021,12:00
Team 600 vs. Paper Rex,Champions Tour Malaysia & Singapore Stage 2: Challengers 1,Main Event,loss,Paper Rex,Team 600,1,2,Bind,0.89,225,16,18,4,-2,76%,133,10%,03/04/2021,12:00
Paper Rex vs. Zero Synergy,Champions Tour Malaysia & Singapore Stage 2: Challengers 1,Main Event,win,Paper Rex,Zero Synergy,2,0,Haven,1.71,339,25,11,3,+14,75%,202,26%,02/04/2021,16:50
Paper Rex vs. Zero Synergy,Champions Tour Malaysia & Singapore Stage 2: Challengers 1,Main Event,win,Paper Rex,Zero Synergy,2,0,Icebox,1.59,345,46,21,12,+25,79%,211,25%,02/04/2021,16:50
