Gen.G vs. Global Esports,Champions Tour 2024: Pacific Stage 2,Regular Season,loss,Global Esports,Gen.G,0,2,Lotus,0.35,86,3,11,5,-8,58%,47,44%,05/07/2024,18:00
Gen.G vs. Global Esports,Champions Tour 2024: Pacific Stage 2,Regular Season,loss,Global Esports,Gen.G,0,2,Ascent,0.81,102,8,19,8,-11,63%,73,55%,05/07/2024,18:00
Global Esports vs. T1,Champions Tour 2024: Pacific Stage 2,Regular Season,loss,Global Esports,T1,1,2,Icebox,1.48,240,9,7,4,+2,91%,163,31%,30/06/2024,15:00
Global Esports vs. T1,Champions Tour 2024: Pacific Stage 2,Regular Season,loss,Global Esports,T1,1,2,Lotus,0.94,156,18,24,13,-6,74%,111,23%,30/06/2024,15:00
Global Esports vs. T1,Champions Tour 2024: Pacific Stage 2,Regular Season,loss,Global Esports,T1,1,2,Ascent,0.62,94,4,9,4,-5,67%,66,16%,30/06/2024,15:00
Global Esports vs. BLEED,Champions Tour 2024: Pacific Stage 2,Regular Season,win,Global Esports,BLEED,2,0,Lotus,1.61,273,13,6,8,+7,100%,179,29%,23/06/2024,15:00
Global Esports vs. BLEED,Champions Tour 2024: Pacific Stage 2,Regular Season,win,Global Esports,BLEED,2,0,Sunset,1.60,218,16,7,11,+9,95%,139,29%,23/06/2024,15:00
Team Secret vs. Global Esports,Champions Tour 2024: Pacific Stage 2,Regular Season,loss,Global Esports,Team Secret,0,2,Sunset,0.71,139,7,11,1,-4,67%,95,42%,17/06/2024,17:35
Team Secret vs. Global Esports,Champions Tour 2024: Pacific Stage 2,Regular Season,loss,Global Esports,Team Secret,0,2,Ascent,0.88,131,11,20,3,-9,58%,101,34%,17/06/2024,17:35
Global Esports vs. DetonatioN FocusMe,Champions Tour 2024: Pacific Stage 1,Regular Season,win,Global Esports,DetonatioN FocusMe,2,1,Split,1.09,211,9,7,1,+2,75%,123,33%,27/04/2024,17:00
Global Esports vs. DetonatioN FocusMe,Champions Tour 2024: Pacific Stage 1,Regular Season,win,Global Esports,DetonatioN FocusMe,2,1,Lotus,0.94,154,20,21,4,-1,81%,105,28%,27/04/2024,17:00
Global Esports vs. DetonatioN FocusMe,Champions Tour 2024: Pacific Stage 1,Regular Season,win,Global Esports,DetonatioN FocusMe,2,1,Ascent,0.50,97,4,8,2,-4,92%,72,18%,27/04/2024,17:00
Global Esports vs. Paper Rex,Champions Tour 2024: Pacific Stage 1,Regular Season,loss,Global Esports,Paper Rex,0,2,Sunset,0.18,14,0,3,0,-3,40%,14,0%,23/04/2024,17:50
Global Esports vs. Paper Rex,Champions Tour 2024: Pacific Stage 1,Regular Season,loss,Global Esports,Paper Rex,0,2,Icebox,0.80,131,5,9,1,-4,69%,95,19%,23/04/2024,17:50
Global Esports vs. Rex Regum Qeon,Champions Tour 2024: Pacific Stage 1,Regular Season,win,Global Esports,Rex Regum Qeon,2,0,Lotus,1.06,194,9,6,0,+3,58%,137,50%,21/04/2024,15:00
Global Esports vs. Rex Regum Qeon,Champions Tour 2024: Pacific Stage 1,Regular Season,win,Global Esports,Rex Regum Qeon,2,0,Icebox,1.21,153,14,15,1,-1,54%,107,43%,21/04/2024,15:00
Global Esports vs. TALON,Champions Tour 2024: Pacific Stage 1,Regular Season,loss,Global Esports,TALON,1,2,Icebox,0.83,134,5,7,4,-2,92%,102,11%,15/04/2024,17:10
Global Esports vs. TALON,Champions Tour 2024: Pacific Stage 1,Regular Season,loss,Global Esports,TALON,1,2,Breeze,1.15,146,16,23,8,-7,72%,110,22%,15/04/2024,17:10
Global Esports vs. TALON,Champions Tour 2024: Pacific Stage 1,Regular Season,loss,Global Esports,TALON,1,2,Lotus,0.78,143,7,10,2,-3,62%,106,44%,15/04/2024,17:10
Global Esports vs. DRX,Champions Tour 2024: Pacific Stage 1,Regular Season,loss,Global Esports,DRX,0,2,Ascent,0.71,122,4,5,2,-1,56%,78,21%,08/04/2024,18:20
Global Esports vs. DRX,Champions Tour 2024: Pacific Stage 1,Regular Season,loss,Global Esports,DRX,0,2,Lotus,1.00,177,12,15,4,-3,62%,109,28%,08/04/2024,18:20
Global Esports vs. ZETA DIVISION,Champions Tour 2024: Pacific Stage 1,Regular Season,loss,Global Esports,ZETA DIVISION,1,2,Sunset,0.23,102,3,12,2,-9,42%,82,14%,06/04/2024,15:00
Global Esports vs. ZETA DIVISION,Champions Tour 2024: Pacific Stage 1,Regular Season,loss,Global Esports,ZETA DIVISION,1,2,Icebox,0.77,174,20,27,5,-7,66%,121,25%,06/04/2024,15:00
Global Esports vs. ZETA DIVISION,Champions Tour 2024: Pacific Stage 1,Regular Season,loss,Global Esports,ZETA DIVISION,1,2,Ascent,0.95,188,7,7,1,0,82%,132,38%,06/04/2024,15:00
ZETA DIVISION vs. Global Esports,Champions Tour 2024: Pacific Kickoff,Group Stage,loss,Global Esports,ZETA DIVISION,0,2,Bind,0.40,79,3,10,2,-7,42%,66,18%,21/02/2024,19:15
ZETA DIVISION vs. Global Esports,Champions Tour 2024: Pacific Kickoff,Group Stage,loss,Global Esports,ZETA DIVISION,0,2,Lotus,0.86,131,6,14,3,-8,50%,99,25%,21/02/2024,19:15
BLEED vs. Global Esports,Champions Tour 2024: Pacific Kickoff,Group Stage,win,Global Esports,BLEED,2,1,Sunset,0.97,242,9,9,3,0,75%,153,23%,19/02/2024,16:15
BLEED vs. Global Esports,Champions Tour 2024: Pacific Kickoff,Group Stage,win,Global Esports,BLEED,2,1,Icebox,1.17,215,30,24,3,+6,81%,139,29%,19/02/2024,16:15
BLEED vs. Global Esports,Champions Tour 2024: Pacific Kickoff,Group Stage,win,Global Esports,BLEED,2,1,Split,0.96,137,8,7,0,+1,83%,96,28%,19/02/2024,16:15
ZETA DIVISION vs. Global Esports,Champions Tour 2024: Pacific Kickoff,Group Stage,loss,Global Esports,ZETA DIVISION,0,2,Bind,0.68,138,7,8,1,-1,58%,101,24%,18/02/2024,13:00
ZETA DIVISION vs. Global Esports,Champions Tour 2024: Pacific Kickoff,Group Stage,loss,Global Esports,ZETA DIVISION,0,2,Icebox,0.69,108,10,16,2,-6,58%,79,22%,18/02/2024,13:00
Paper Rex vs. DRX,Champions Tour 2023: Pacific League,League Play,loss,Paper Rex,DRX,0,2,Ascent,1.00,149,3,4,3,-1,67%,119,22%,15/04/2023,16:00
Paper Rex vs. DRX,Champions Tour 2023: Pacific League,League Play,loss,Paper Rex,DRX,0,2,Split,1.18,149,3,4,3,-1,67%,119,22%,15/04/2023,16:00
T1 vs. Paper Rex,Champions Tour 2023: Pacific League,League Play,win,Paper Rex,T1,2,0,Fracture,2.47,92,4,8,7,-4,83%,44,18%,08/04/2023,18:10
Team Secret vs. Paper Rex,Champions Tour 2023: Pacific League,League Play,loss,Paper Rex,Team Secret,1,2,Haven,1.00,213,9,8,3,+1,58%,129,14%,02/04/2023,16:00
Team Secret vs. Paper Rex,Champions Tour 2023: Pacific League,League Play,loss,Paper Rex,Team Secret,1,2,Fracture,1.28,166,21,27,8,-6,61%,109,17%,02/04/2023,16:00
Team Secret vs. Paper Rex,Champions Tour 2023: Pacific League,League Play,loss,Paper Rex,Team Secret,1,2,Split,0.79,134,6,9,3,-3,67%,106,26%,02/04/2023,16:00
Paper Rex vs. DetonatioN FocusMe,Champions Tour 2023: Pacific League,League Play,win,Paper Rex,DetonatioN FocusMe,2,0,Pearl,1.40,281,5,6,3,-1,83%,250,37%,26/03/2023,16:00
Paper Rex vs. DetonatioN FocusMe,Champions Tour 2023: Pacific League,League Play,win,Paper Rex,DetonatioN FocusMe,2,0,Lotus,1.16,233,13,16,5,-3,67%,177,30%,26/03/2023,16:00
Cloud9 vs. Paper Rex,Champions Tour 2023: LOCK//IN São Paulo,Bracket Stage,loss,Paper Rex,Cloud9,0,2,Lotus,0.55,127,4,10,7,-6,100%,84,12%,15/02/2023,7:05
Cloud9 vs. Paper Rex,Champions Tour 2023: LOCK//IN São Paulo,Bracket Stage,loss,Paper Rex,Cloud9,0,2,Pearl,0.87,121,6,15,7,-9,88%,84,16%,15/02/2023,7:05
DetonatioN FocusMe vs. Paper Rex,Riot Games ONE Pro Invitational 2022,Main Event,win,Paper Rex,DetonatioN FocusMe,1,0,Ascent,0.70,118,4,7,3,-3,50%,82,24%,24/12/2022,12:35
ZETA DIVISION vs. Paper Rex,Riot Games ONE Pro Invitational 2022,Main Event,loss,Paper Rex,ZETA DIVISION,0,1,Breeze,0.41,130,4,10,4,-6,58%,91,63%,24/12/2022,11:20
Team Heretics vs. Paper Rex,Valorant India Invitational by Galaxy Racer,Playoffs,win,Paper Rex,Team Heretics,3,1,Bind,1.31,163,7,7,7,0,83%,138,60%,20/11/2022,13:30
Team Heretics vs. Paper Rex,Valorant India Invitational by Galaxy Racer,Playoffs,win,Paper Rex,Team Heretics,3,1,Fracture,0.87,141,21,25,20,-4,80%,105,45%,20/11/2022,13:30
Team Heretics vs. Paper Rex,Valorant India Invitational by Galaxy Racer,Playoffs,win,Paper Rex,Team Heretics,3,1,Breeze,1.21,183,7,6,7,+1,92%,118,33%,20/11/2022,13:30
Team Heretics vs. Paper Rex,Valorant India Invitational by Galaxy Racer,Playoffs,win,Paper Rex,Team Heretics,3,1,Ascent,0.62,82,3,8,2,-5,55%,63,40%,20/11/2022,13:30
Paper Rex vs. Team Secret,Valorant India Invitational by Galaxy Racer,Playoffs,win,Paper Rex,Team Secret,2,1,Pearl,1.06,130,7,6,4,+1,83%,105,58%,19/11/2022,22:15
Paper Rex vs. Team Secret,Valorant India Invitational by Galaxy Racer,Playoffs,win,Paper Rex,Team Secret,2,1,Icebox,0.97,109,13,20,13,-7,67%,84,24%,19/11/2022,22:15
Paper Rex vs. Team Secret,Valorant India Invitational by Galaxy Racer,Playoffs,win,Paper Rex,Team Secret,2,1,Ascent,0.61,116,4,8,4,-4,58%,88,17%,19/11/2022,22:15
BOOM Esports vs. Paper Rex,Valorant India Invitational by Galaxy Racer,Group Stage,win,Paper Rex,BOOM Esports,1,0,Fracture,0.98,144,1,1,1,0,100%,92,100%,19/11/2022,12:30
Paper Rex vs. BLEED,Valorant India Invitational by Galaxy Racer,Group Stage,loss,Paper Rex,BLEED,0,1,Bind,0.74,110,5,8,3,-3,58%,55,18%,19/11/2022,2:30
Paper Rex vs. Global Esports,Valorant India Invitational by Galaxy Racer,Group Stage,win,Paper Rex,Global Esports,1,0,Haven,2.01,312,15,4,5,+11,100%,198,34%,19/11/2022,1:00
Paper Rex vs. Team Liquid,Valorant Champions 2022,Group Stage,loss,Paper Rex,Team Liquid,1,2,Haven,1.06,198,11,11,2,0,86%,132,46%,07/09/2022,21:00
Paper Rex vs. Team Liquid,Valorant Champions 2022,Group Stage,loss,Paper Rex,Team Liquid,1,2,Pearl,0.70,172,24,27,13,-3,79%,115,37%,07/09/2022,21:00
Paper Rex vs. Team Liquid,Valorant Champions 2022,Group Stage,loss,Paper Rex,Team Liquid,1,2,Ascent,0.90,112,5,6,2,-1,75%,80,29%,07/09/2022,21:00
Paper Rex vs. LEVIATÁN,Valorant Champions 2022,Group Stage,loss,Paper Rex,LEVIATÁN,0,2,Haven,0.82,174,8,10,2,-2,58%,106,40%,02/09/2022,1:35
Paper Rex vs. LEVIATÁN,Valorant Champions 2022,Group Stage,loss,Paper Rex,LEVIATÁN,0,2,Bind,0.70,169,15,19,6,-4,67%,108,50%,02/09/2022,1:35
Paper Rex vs. EDward Gaming,Valorant Champions 2022,Group Stage,win,Paper Rex,EDward Gaming,2,1,Pearl,1.38,243,11,9,5,+2,75%,167,32%,31/08/2022,21:00
Paper Rex vs. EDward Gaming,Valorant Champions 2022,Group Stage,win,Paper Rex,EDward Gaming,2,1,Icebox,1.00,143,14,17,8,-3,74%,98,34%,31/08/2022,21:00
Paper Rex vs. EDward Gaming,Valorant Champions 2022,Group Stage,win,Paper Rex,EDward Gaming,2,1,Haven,0.68,97,2,4,2,-2,83%,63,60%,31/08/2022,21:00
Paper Rex vs. FunPlus Phoenix,Valorant Champions Tour Stage 2: Masters Copenhagen,Playoffs,loss,Paper Rex,FunPlus Phoenix,2,3,Bind,0.42,42,1,2,1,-1,75%,20,0%,24/07/2022,22:00
Paper Rex vs. FunPlus Phoenix,Valorant Champions Tour Stage 2: Masters Copenhagen,Playoffs,loss,Paper Rex,FunPlus Phoenix,2,3,Icebox,0.85,134,25,37,20,-12,67%,81,23%,24/07/2022,22:00
Paper Rex vs. FunPlus Phoenix,Valorant Champions Tour Stage 2: Masters Copenhagen,Playoffs,loss,Paper Rex,FunPlus Phoenix,2,3,Fracture,1.51,236,10,5,6,+5,92%,152,20%,24/07/2022,22:00
Paper Rex vs. FunPlus Phoenix,Valorant Champions Tour Stage 2: Masters Copenhagen,Playoffs,loss,Paper Rex,FunPlus Phoenix,2,3,Haven,0.38,101,5,10,1,-5,58%,50,36%,24/07/2022,22:00
Paper Rex vs. FunPlus Phoenix,Valorant Champions Tour Stage 2: Masters Copenhagen,Playoffs,loss,Paper Rex,FunPlus Phoenix,2,3,Breeze,0.33,90,3,10,9,-7,58%,53,20%,24/07/2022,22:00
Paper Rex vs. OpTic Gaming,Valorant Champions Tour Stage 2: Masters Copenhagen,Playoffs,win,Paper Rex,OpTic Gaming,2,1,Haven,0.87,159,7,9,3,-2,83%,112,14%,22/07/2022,22:00
Paper Rex vs. OpTic Gaming,Valorant Champions Tour Stage 2: Masters Copenhagen,Playoffs,win,Paper Rex,OpTic Gaming,2,1,Bind,1.47,153,16,22,6,-6,67%,104,22%,22/07/2022,22:00
Paper Rex vs. OpTic Gaming,Valorant Champions Tour Stage 2: Masters Copenhagen,Playoffs,win,Paper Rex,OpTic Gaming,2,1,Fracture,0.64,111,4,10,2,-6,33%,80,25%,22/07/2022,22:00
Paper Rex vs. FNATIC,Valorant Champions Tour Stage 2: Masters Copenhagen,Playoffs,win,Paper Rex,FNATIC,2,0,Ascent,1.06,171,8,7,3,+1,83%,113,53%,17/07/2022,22:00
Paper Rex vs. FNATIC,Valorant Champions Tour Stage 2: Masters Copenhagen,Playoffs,win,Paper Rex,FNATIC,2,0,Bind,0.73,182,15,13,9,+2,78%,126,39%,17/07/2022,22:00
Paper Rex vs. Guild Esports,Valorant Champions Tour Stage 2: Masters Copenhagen,Playoffs,win,Paper Rex,Guild Esports,2,0,Ascent,1.14,121,5,5,8,0,75%,75,15%,14/07/2022,22:00
Paper Rex vs. Guild Esports,Valorant Champions Tour Stage 2: Masters Copenhagen,Playoffs,win,Paper Rex,Guild Esports,2,0,Fracture,1.29,137,13,13,11,0,76%,88,17%,14/07/2022,22:00
Paper Rex vs. XERXIA Esports,Champions Tour Asia-Pacific Stage 2: Challengers Playoffs,Playoffs,win,Paper Rex,XERXIA Esports,3,0,Icebox,0.53,73,3,8,2,-5,83%,51,17%,26/06/2022,13:45
Paper Rex vs. XERXIA Esports,Champions Tour Asia-Pacific Stage 2: Challengers Playoffs,Playoffs,win,Paper Rex,XERXIA Esports,3,0,Fracture,1.78,147,16,16,7,0,83%,98,20%,26/06/2022,13:45
Paper Rex vs. XERXIA Esports,Champions Tour Asia-Pacific Stage 2: Challengers Playoffs,Playoffs,win,Paper Rex,XERXIA Esports,3,0,Breeze,2.10,288,6,2,1,+4,100%,153,25%,26/06/2022,13:45
Paper Rex vs. Team Secret,Champions Tour Asia-Pacific Stage 2: Challengers Playoffs,Playoffs,win,Paper Rex,Team Secret,2,0,Ascent,0.88,139,6,7,7,-1,75%,85,14%,25/06/2022,16:30
Paper Rex vs. Team Secret,Champions Tour Asia-Pacific Stage 2: Challengers Playoffs,Playoffs,win,Paper Rex,Team Secret,2,0,Bind,0.83,182,17,12,14,+5,83%,112,20%,25/06/2022,16:30
Paper Rex vs. BLEED,Champions Tour Asia-Pacific Stage 2: Challengers Playoffs,Playoffs,win,Paper Rex,BLEED,2,1,Split,0.87,156,5,6,1,-1,75%,85,29%,24/06/2022,10:00
Paper Rex vs. BLEED,Champions Tour Asia-Pacific Stage 2: Challengers Playoffs,Playoffs,win,Paper Rex,BLEED,2,1,Fracture,0.86,145,14,15,4,-1,72%,81,33%,24/06/2022,10:00
Paper Rex vs. BLEED,Champions Tour Asia-Pacific Stage 2: Challengers Playoffs,Playoffs,win,Paper Rex,BLEED,2,1,Ascent,0.66,106,2,4,1,-2,80%,49,13%,24/06/2022,10:00
Paper Rex vs. Alter Ego,Champions Tour Asia-Pacific Stage 2: Challengers Playoffs,Playoffs,win,Paper Rex,Alter Ego,2,1,Bind,0.82,187,8,10,0,-2,67%,131,41%,23/06/2022,10:00
Paper Rex vs. Alter Ego,Champions Tour Asia-Pacific Stage 2: Challengers Playoffs,Playoffs,win,Paper Rex,Alter Ego,2,1,Fracture,1.14,174,22,30,5,-8,65%,114,37%,23/06/2022,10:00
Paper Rex vs. Alter Ego,Champions Tour Asia-Pacific Stage 2: Challengers Playoffs,Playoffs,win,Paper Rex,Alter Ego,2,1,Icebox,0.71,149,6,11,3,-5,62%,114,39%,23/06/2022,10:00
Paper Rex vs. ORDER,Champions Tour Asia-Pacific Stage 2: Challengers Playoffs,Group Stage,win,Paper Rex,ORDER,2,0,Haven,1.66,251,12,5,0,+7,67%,173,43%,19/06/2022,10:00
Paper Rex vs. ORDER,Champions Tour Asia-Pacific Stage 2: Challengers Playoffs,Group Stage,win,Paper Rex,ORDER,2,0,Bind,0.79,211,20,13,1,+7,63%,141,40%,19/06/2022,10:00
Paper Rex vs. BOOM Esports,Champions Tour Asia-Pacific Stage 2: Challengers Playoffs,Group Stage,win,Paper Rex,BOOM Esports,2,0,Haven,0.70,141,6,8,0,-2,58%,101,21%,16/06/2022,14:25
Paper Rex vs. BOOM Esports,Champions Tour Asia-Pacific Stage 2: Challengers Playoffs,Group Stage,win,Paper Rex,BOOM Esports,2,0,Fracture,1.16,174,15,14,5,+1,67%,124,22%,16/06/2022,14:25
LaZe vs. Paper Rex,Champions Tour Malaysia & Singapore Stage 2: Challengers,Playoffs,win,Paper Rex,LaZe,3,0,Fracture,1.04,106,5,5,2,0,75%,71,46%,29/05/2022,11:30
LaZe vs. Paper Rex,Champions Tour Malaysia & Singapore Stage 2: Challengers,Playoffs,win,Paper Rex,LaZe,3,0,Haven,1.45,165,17,13,7,+4,74%,111,30%,29/05/2022,11:30
LaZe vs. Paper Rex,Champions Tour Malaysia & Singapore Stage 2: Challengers,Playoffs,win,Paper Rex,LaZe,3,0,Ascent,1.76,225,3,1,2,+2,100%,153,12%,29/05/2022,11:30
Paper Rex vs. BLEED,Champions Tour Malaysia & Singapore Stage 2: Challengers,Playoffs,win,Paper Rex,BLEED,2,0,Fracture,1.48,180,7,8,0,-1,45%,93,29%,28/05/2022,17:20
Paper Rex vs. LaZe,Champions Tour Malaysia & Singapore Stage 2: Challengers,Playoffs,loss,Paper Rex,LaZe,1,2,Ascent,1.42,161,3,1,5,+2,86%,122,25%,28/05/2022,11:30
Paper Rex vs. LaZe,Champions Tour Malaysia & Singapore Stage 2: Challengers,Playoffs,loss,Paper Rex,LaZe,1,2,Icebox,1.43,142,14,20,11,-6,71%,103,30%,28/05/2022,11:30
Paper Rex vs. LaZe,Champions Tour Malaysia & Singapore Stage 2: Challengers,Playoffs,loss,Paper Rex,LaZe,1,2,Split,1.02,161,6,8,3,-2,75%,116,27%,28/05/2022,11:30
Paper Rex vs. No Namers,Champions Tour Malaysia & Singapore Stage 2: Challengers,Playoffs,win,Paper Rex,No Namers,2,0,Fracture,0.70,85,1,2,3,-1,80%,48,0%,27/05/2022,9:30
Paper Rex vs. No Namers,Champions Tour Malaysia & Singapore Stage 2: Challengers,Playoffs,win,Paper Rex,No Namers,2,0,Bind,1.06,211,13,6,11,+7,94%,121,36%,27/05/2022,9:30
Paper Rex vs. Blitz Esports,Champions Tour Malaysia & Singapore Stage 2: Challengers,Group Stage,win,Paper Rex,Blitz Esports,2,0,Haven,0.51,106,1,4,2,-3,80%,78,10%,22/05/2022,11:55
Paper Rex vs. Blitz Esports,Champions Tour Malaysia & Singapore Stage 2: Challengers,Group Stage,win,Paper Rex,Blitz Esports,2,0,Breeze,1.56,169,11,9,2,+2,76%,123,21%,22/05/2022,11:55
Paper Rex vs. Todak,Champions Tour Malaysia & Singapore Stage 2: Challengers,Group Stage,win,Paper Rex,Todak,2,0,Bind,0.74,47,1,1,1,0,75%,15,0%,21/05/2022,11:35
Paper Rex vs. Todak,Champions Tour Malaysia & Singapore Stage 2: Challengers,Group Stage,win,Paper Rex,Todak,2,0,Split,1.23,78,5,8,2,-3,63%,50,11%,21/05/2022,11:35
Paper Rex vs. KPMOONIIBLM9,Champions Tour Malaysia & Singapore Stage 2: Challengers,Group Stage,win,Paper Rex,KPMOONIIBLM9,2,0,Breeze,1.13,175,8,7,6,+1,75%,133,38%,20/05/2022,13:00
Paper Rex vs. KPMOONIIBLM9,Champions Tour Malaysia & Singapore Stage 2: Challengers,Group Stage,win,Paper Rex,KPMOONIIBLM9,2,0,Icebox,1.59,195,19,10,9,+9,75%,136,39%,20/05/2022,13:00
Paper Rex vs. Avium Esports,Champions Tour Malaysia & Singapore Stage 2: Challengers,Group Stage,win,Paper Rex,Avium Esports,2,0,Ascent,1.45,93,2,0,2,+2,100%,69,20%,19/05/2022,16:20
Paper Rex vs. Avium Esports,Champions Tour Malaysia & Singapore Stage 2: Challengers,Group Stage,win,Paper Rex,Avium Esports,2,0,Icebox,0.99,166,10,7,7,+3,88%,115,14%,19/05/2022,16:20
Paper Rex vs. Galaxy Esports,Champions Tour Malaysia & Singapore Stage 2: Challengers,Group Stage,win,Paper Rex,Galaxy Esports,2,0,Bind,1.51,330,7,4,2,+3,83%,205,36%,15/05/2022,9:30
Paper Rex vs. Galaxy Esports,Champions Tour Malaysia & Singapore Stage 2: Challengers,Group Stage,win,Paper Rex,Galaxy Esports,2,0,Icebox,0.87,203,13,7,9,+6,89%,128,38%,15/05/2022,9:30
Paper Rex vs. BLEED,Champions Tour Malaysia & Singapore Stage 2: Challengers,Group Stage,win,Paper Rex,BLEED,2,1,Icebox,0.68,88,4,7,3,-3,67%,75,29%,14/05/2022,15:05
Paper Rex vs. BLEED,Champions Tour Malaysia & Singapore Stage 2: Challengers,Group Stage,win,Paper Rex,BLEED,2,1,Bind,1.08,94,11,16,15,-5,73%,67,33%,14/05/2022,15:05
Paper Rex vs. BLEED,Champions Tour Malaysia & Singapore Stage 2: Challengers,Group Stage,win,Paper Rex,BLEED,2,1,Breeze,0.68,71,3,5,5,-2,75%,42,30%,14/05/2022,15:05
Paper Rex vs. LaZe,Champions Tour Malaysia & Singapore Stage 2: Challengers,Group Stage,win,Paper Rex,LaZe,2,0,Fracture,0.55,98,3,6,3,-3,67%,55,20%,13/05/2022,13:00
Paper Rex vs. LaZe,Champions Tour Malaysia & Singapore Stage 2: Challengers,Group Stage,win,Paper Rex,LaZe,2,0,Split,1.46,155,13,9,7,+4,81%,94,34%,13/05/2022,13:00
ZETA DIVISION vs. Paper Rex,Valorant Champions Tour Stage 1: Masters Reykjavík,Playoffs,loss,Paper Rex,ZETA DIVISION,1,2,Icebox,1.17,208,9,8,4,+1,75%,118,21%,23/04/2022,3:25
ZETA DIVISION vs. Paper Rex,Valorant Champions Tour Stage 1: Masters Reykjavík,Playoffs,loss,Paper Rex,ZETA DIVISION,1,2,Haven,0.84,217,29,25,8,+4,75%,135,35%,23/04/2022,3:25
ZETA DIVISION vs. Paper Rex,Valorant Champions Tour Stage 1: Masters Reykjavík,Playoffs,loss,Paper Rex,ZETA DIVISION,1,2,Split,0.74,212,8,11,3,-3,67%,139,47%,23/04/2022,3:25
G2 Esports vs. Paper Rex,Valorant Champions Tour Stage 1: Masters Reykjavík,Playoffs,win,Paper Rex,G2 Esports,2,0,Split,0.50,133,5,11,3,-6,67%,97,43%,19/04/2022,4:00
G2 Esports vs. Paper Rex,Valorant Champions Tour Stage 1: Masters Reykjavík,Playoffs,win,Paper Rex,G2 Esports,2,0,Bind,1.28,121,9,18,6,-9,67%,92,35%,19/04/2022,4:00
Paper Rex vs. The Guard,Valorant Champions Tour Stage 1: Masters Reykjavík,Playoffs,win,Paper Rex,The Guard,2,0,Haven,1.51,264,12,6,4,+6,75%,169,29%,17/04/2022,3:30
Paper Rex vs. The Guard,Valorant Champions Tour Stage 1: Masters Reykjavík,Playoffs,win,Paper Rex,The Guard,2,0,Split,1.16,193,17,15,7,+2,71%,128,32%,17/04/2022,3:30
Paper Rex vs. DRX,Valorant Champions Tour Stage 1: Masters Reykjavík,Playoffs,loss,Paper Rex,DRX,1,2,Haven,0.92,197,9,10,1,-1,75%,139,33%,16/04/2022,12:00
Paper Rex vs. DRX,Valorant Champions Tour Stage 1: Masters Reykjavík,Playoffs,loss,Paper Rex,DRX,1,2,Bind,0.98,200,26,16,4,+10,73%,132,29%,16/04/2022,12:00
Paper Rex vs. DRX,Valorant Champions Tour Stage 1: Masters Reykjavík,Playoffs,loss,Paper Rex,DRX,1,2,Ascent,1.75,201,9,2,0,+7,89%,130,23%,16/04/2022,12:00
Paper Rex vs. XERXIA Esports,Champions Tour Asia-Pacific Stage 1: Challengers Playoffs,Knockouts,win,Paper Rex,XERXIA Esports,3,2,Fracture,1.84,180,4,2,2,+2,80%,162,45%,27/03/2022,14:30
Paper Rex vs. XERXIA Esports,Champions Tour Asia-Pacific Stage 1: Challengers Playoffs,Knockouts,win,Paper Rex,XERXIA Esports,3,2,Split,0.90,155,29,30,12,-1,66%,116,25%,27/03/2022,14:30
Paper Rex vs. XERXIA Esports,Champions Tour Asia-Pacific Stage 1: Challengers Playoffs,Knockouts,win,Paper Rex,XERXIA Esports,3,2,Icebox,1.01,166,7,8,3,-1,58%,120,16%,27/03/2022,14:30
Paper Rex vs. XERXIA Esports,Champions Tour Asia-Pacific Stage 1: Challengers Playoffs,Knockouts,win,Paper Rex,XERXIA Esports,3,2,Breeze,0.70,137,6,8,2,-2,50%,100,41%,27/03/2022,14:30
Paper Rex vs. XERXIA Esports,Champions Tour Asia-Pacific Stage 1: Challengers Playoffs,Knockouts,win,Paper Rex,XERXIA Esports,3,2,Haven,0.96,142,7,8,4,-1,75%,96,18%,27/03/2022,14:30
BLEED vs. Paper Rex,Champions Tour Asia-Pacific Stage 1: Challengers Playoffs,Knockouts,win,Paper Rex,BLEED,2,0,Icebox,1.24,185,10,6,1,+4,86%,134,19%,26/03/2022,15:10
BLEED vs. Paper Rex,Champions Tour Asia-Pacific Stage 1: Challengers Playoffs,Knockouts,win,Paper Rex,BLEED,2,0,Split,1.12,179,17,14,3,+3,81%,130,23%,26/03/2022,15:10
XERXIA Esports vs. Paper Rex,Champions Tour Asia-Pacific Stage 1: Challengers Playoffs,Knockouts,win,Paper Rex,XERXIA Esports,2,0,Bind,1.45,235,8,4,3,+4,88%,152,25%,25/03/2022,13:30
XERXIA Esports vs. Paper Rex,Champions Tour Asia-Pacific Stage 1: Challengers Playoffs,Knockouts,win,Paper Rex,XERXIA Esports,2,0,Haven,1.30,182,14,12,6,+2,65%,123,23%,25/03/2022,13:30
Paper Rex vs. South Built Esports,Champions Tour Asia-Pacific Stage 1: Challengers Playoffs,Knockouts,win,Paper Rex,South Built Esports,2,0,Haven,1.62,212,9,3,2,+6,90%,128,14%,24/03/2022,19:30
Paper Rex vs. South Built Esports,Champions Tour Asia-Pacific Stage 1: Challengers Playoffs,Knockouts,win,Paper Rex,South Built Esports,2,0,Split,1.26,215,18,7,4,+11,86%,139,25%,24/03/2022,19:30
Paper Rex vs. Persija Esports,Champions Tour Asia-Pacific Stage 1: Challengers Playoffs,Group Stage,win,Paper Rex,Persija Esports,2,1,Fracture,1.46,210,9,4,3,+5,91%,125,30%,19/03/2022,13:20
Paper Rex vs. Persija Esports,Champions Tour Asia-Pacific Stage 1: Challengers Playoffs,Group Stage,win,Paper Rex,Persija Esports,2,1,Breeze,0.97,203,29,18,13,+11,89%,142,26%,19/03/2022,13:20
Paper Rex vs. Persija Esports,Champions Tour Asia-Pacific Stage 1: Challengers Playoffs,Group Stage,win,Paper Rex,Persija Esports,2,1,Icebox,1.50,244,12,8,5,+4,92%,182,25%,19/03/2022,13:20
Paper Rex vs. Fancy United Esports,Champions Tour Asia-Pacific Stage 1: Challengers Playoffs,Group Stage,win,Paper Rex,Fancy United Esports,2,0,Haven,1.77,313,7,2,1,+5,83%,177,33%,17/03/2022,12:30
Paper Rex vs. Fancy United Esports,Champions Tour Asia-Pacific Stage 1: Challengers Playoffs,Group Stage,win,Paper Rex,Fancy United Esports,2,0,Icebox,0.96,228,13,8,9,+5,89%,149,27%,17/03/2022,12:30
Paper Rex vs. BLEED,Champions Tour Malaysia & Singapore Stage 1: Challengers,Playoffs,win,Paper Rex,BLEED,3,0,Haven,0.70,81,1,2,1,-1,100%,52,33%,27/02/2022,13:00
Paper Rex vs. BLEED,Champions Tour Malaysia & Singapore Stage 1: Challengers,Playoffs,win,Paper Rex,BLEED,3,0,Fracture,1.36,121,11,18,8,-7,67%,92,16%,27/02/2022,13:00
Paper Rex vs. BLEED,Champions Tour Malaysia & Singapore Stage 1: Challengers,Playoffs,win,Paper Rex,BLEED,3,0,Ascent,0.53,94,5,12,4,-7,47%,77,17%,27/02/2022,13:00
Paper Rex vs. No Namers,Champions Tour Malaysia & Singapore Stage 1: Challengers,Playoffs,win,Paper Rex,No Namers,2,0,Icebox,1.03,196,7,8,6,-1,82%,133,20%,26/02/2022,15:30
Paper Rex vs. No Namers,Champions Tour Malaysia & Singapore Stage 1: Challengers,Playoffs,win,Paper Rex,No Namers,2,0,Split,1.28,223,19,12,7,+7,87%,154,22%,26/02/2022,15:30
Paper Rex vs. KPMOONIIBLM9,Champions Tour Malaysia & Singapore Stage 1: Challengers,Playoffs,win,Paper Rex,KPMOONIIBLM9,2,0,Breeze,1.66,202,9,3,4,+6,83%,148,24%,25/02/2022,16:15
Paper Rex vs. KPMOONIIBLM9,Champions Tour Malaysia & Singapore Stage 1: Challengers,Playoffs,win,Paper Rex,KPMOONIIBLM9,2,0,Ascent,0.73,205,17,9,10,+8,81%,137,32%,25/02/2022,16:15
Paper Rex vs. Madness Esports,Champions Tour Malaysia & Singapore Stage 1: Challengers,Playoffs,win,Paper Rex,Madness Esports,2,0,Icebox,1.21,223,9,6,3,+3,75%,137,30%,24/02/2022,13:30
Paper Rex vs. Madness Esports,Champions Tour Malaysia & Singapore Stage 1: Challengers,Playoffs,win,Paper Rex,Madness Esports,2,0,Haven,1.14,199,16,10,5,+6,78%,123,39%,24/02/2022,13:30
Paper Rex vs. Todak,Champions Tour Malaysia & Singapore Stage 1: Challengers,Group Stage,win,Paper Rex,Todak,2,0,Haven,1.32,212,4,2,1,+2,80%,146,6%,18/02/2022,18:55
Paper Rex vs. Todak,Champions Tour Malaysia & Singapore Stage 1: Challengers,Group Stage,win,Paper Rex,Todak,2,0,Ascent,0.59,201,13,11,2,+2,82%,139,18%,18/02/2022,18:55
Paper Rex vs. You Guys Get Paid?,Champions Tour Malaysia & Singapore Stage 1: Challengers,Group Stage,win,Paper Rex,You Guys Get Paid?,2,0,Split,0.88,133,6,6,1,0,83%,94,26%,10/02/2022,16:30
Paper Rex vs. You Guys Get Paid?,Champions Tour Malaysia & Singapore Stage 1: Challengers,Group Stage,win,Paper Rex,You Guys Get Paid?,2,0,Haven,1.46,121,6,8,2,-2,79%,88,22%,10/02/2022,16:30
Paper Rex vs. Louvre,The Esports Club Showdown,Main Event,win,Paper Rex,Louvre,3,0,Split,0.64,149,6,8,1,-2,58%,116,29%,30/11/2021,17:30
Paper Rex vs. Louvre,The Esports Club Showdown,Main Event,win,Paper Rex,Louvre,3,0,Haven,1.04,174,19,20,10,-1,70%,123,22%,30/11/2021,17:30
Paper Rex vs. Louvre,The Esports Club Showdown,Main Event,win,Paper Rex,Louvre,3,0,Icebox,1.35,228,9,5,5,+4,92%,149,14%,30/11/2021,17:30
Paper Rex vs. Alter Ego,The Esports Club Showdown,Main Event,win,Paper Rex,Alter Ego,2,0,Fracture,1.70,294,13,6,4,+7,83%,192,28%,25/11/2021,18:30
Paper Rex vs. Louvre,The Esports Club Showdown,Main Event,win,Paper Rex,Louvre,2,0,Split,0.89,192,11,11,1,0,67%,123,20%,22/11/2021,18:30
Paper Rex vs. Louvre,The Esports Club Showdown,Main Event,win,Paper Rex,Louvre,2,0,Icebox,1.39,174,16,20,3,-4,67%,119,22%,22/11/2021,18:30
BOOM Esports vs. Paper Rex,Royal SEA Challenge,Playoffs,loss,Paper Rex,BOOM Esports,0,2,Icebox,0.57,136,6,9,4,-3,67%,89,14%,19/11/2021,20:50
BOOM Esports vs. Paper Rex,Royal SEA Challenge,Playoffs,loss,Paper Rex,BOOM Esports,0,2,Ascent,0.71,117,7,14,4,-7,59%,77,14%,19/11/2021,20:50
Sharper Esport vs. Paper Rex,Royal SEA Challenge,Playoffs,win,Paper Rex,Sharper Esport,2,1,Bind,1.37,209,10,5,2,+5,75%,136,19%,19/11/2021,14:10
Sharper Esport vs. Paper Rex,Royal SEA Challenge,Playoffs,win,Paper Rex,Sharper Esport,2,1,Ascent,1.05,200,24,18,5,+6,66%,134,29%,19/11/2021,14:10
Sharper Esport vs. Paper Rex,Royal SEA Challenge,Playoffs,win,Paper Rex,Sharper Esport,2,1,Split,1.33,231,12,7,1,+5,77%,152,38%,19/11/2021,14:10
Paper Rex vs. Team Exploit,The Esports Club Showdown,Main Event,win,Paper Rex,Team Exploit,2,0,Ascent,3.76,553,3,0,0,+3,100%,160,25%,18/11/2021,14:50
Paper Rex vs. Team Exploit,The Esports Club Showdown,Main Event,win,Paper Rex,Team Exploit,2,0,Icebox,1.26,190,11,3,2,+8,100%,113,17%,18/11/2021,14:50
Paper Rex vs. Bren Esports,Royal SEA Challenge,Group Stage,win,Paper Rex,Bren Esports,2,0,Haven,0.90,197,3,3,0,0,60%,137,55%,17/11/2021,16:20
Paper Rex vs. Bren Esports,Royal SEA Challenge,Group Stage,win,Paper Rex,Bren Esports,2,0,Split,1.08,243,15,10,1,+5,76%,165,31%,17/11/2021,16:20
Paper Rex vs. BLEED,Royal SEA Challenge,Group Stage,win,Paper Rex,BLEED,2,0,Split,1.58,255,13,5,2,+8,83%,198,31%,16/11/2021,16:00
Paper Rex vs. BLEED,Royal SEA Challenge,Group Stage,win,Paper Rex,BLEED,2,0,Haven,0.72,209,18,10,2,+8,70%,150,32%,16/11/2021,16:00
Paper Rex vs. Team Big BAAM,Royal SEA Challenge,Group Stage,win,Paper Rex,Team Big BAAM,2,0,Bind,1.77,238,4,1,1,+3,100%,144,29%,15/11/2021,16:00
Paper Rex vs. Team Big BAAM,Royal SEA Challenge,Group Stage,win,Paper Rex,Team Big BAAM,2,0,Icebox,0.95,222,14,9,4,+5,94%,149,24%,15/11/2021,16:00
Paper Rex vs. South Built Esports,Royal SEA Challenge,Group Stage,draw,Paper Rex,South Built Esports,1,1,Split,0.34,117,3,7,1,-4,56%,87,33%,14/11/2021,16:00
Paper Rex vs. South Built Esports,Royal SEA Challenge,Group Stage,draw,Paper Rex,South Built Esports,1,1,Icebox,1.34,126,7,17,3,-10,45%,91,23%,14/11/2021,16:00
Paper Rex vs. DAMWON Gaming,Champions Tour Asia-Pacific: Last Chance Qualifier,Main Event,loss,Paper Rex,DAMWON Gaming,1,2,Bind,1.84,344,14,7,8,+7,82%,201,28%,15/10/2021,17:15
Paper Rex vs. DAMWON Gaming,Champions Tour Asia-Pacific: Last Chance Qualifier,Main Event,loss,Paper Rex,DAMWON Gaming,1,2,Breeze,1.31,313,26,16,15,+10,92%,181,33%,15/10/2021,17:15
Paper Rex vs. DAMWON Gaming,Champions Tour Asia-Pacific: Last Chance Qualifier,Main Event,loss,Paper Rex,DAMWON Gaming,1,2,Ascent,1.77,293,4,2,3,+2,100%,143,55%,15/10/2021,17:15
Paper Rex vs. NORTHEPTION,Champions Tour Asia-Pacific: Last Chance Qualifier,Main Event,loss,Paper Rex,NORTHEPTION,0,2,Icebox,0.48,153,6,13,4,-7,62%,109,23%,14/10/2021,14:00
Paper Rex vs. NORTHEPTION,Champions Tour Asia-Pacific: Last Chance Qualifier,Main Event,loss,Paper Rex,NORTHEPTION,0,2,Ascent,1.07,183,17,21,6,-4,72%,115,27%,14/10/2021,14:00
Paper Rex vs. Global Esports,Champions Tour Asia-Pacific: Last Chance Qualifier,Main Event,win,Paper Rex,Global Esports,2,0,Icebox,1.56,225,3,1,2,+2,100%,149,20%,12/10/2021,20:30
Paper Rex vs. Global Esports,Champions Tour Asia-Pacific: Last Chance Qualifier,Main Event,win,Paper Rex,Global Esports,2,0,Split,1.53,220,4,1,5,+3,100%,151,21%,12/10/2021,20:30
Paper Rex vs. BLEED,KJC eSports VALORANT Invitational,Playoffs,win,Paper Rex,BLEED,3,0,Bind,0.70,173,4,4,0,0,83%,107,63%,10/10/2021,16:00
Paper Rex vs. BLEED,KJC eSports VALORANT Invitational,Playoffs,win,Paper Rex,BLEED,3,0,Icebox,1.31,123,9,11,13,-2,91%,89,24%,10/10/2021,16:00
Paper Rex vs. BLEED,KJC eSports VALORANT Invitational,Playoffs,win,Paper Rex,BLEED,3,0,Ascent,0.89,120,4,6,7,-2,92%,90,12%,10/10/2021,16:00
BLEED vs. Paper Rex,KJC eSports VALORANT Invitational,Playoffs,win,Paper Rex,BLEED,2,1,Ascent,1.22,275,12,9,2,+3,67%,169,22%,09/10/2021,16:00
BLEED vs. Paper Rex,KJC eSports VALORANT Invitational,Playoffs,win,Paper Rex,BLEED,2,1,Bind,1.05,242,34,26,12,+8,71%,151,17%,09/10/2021,16:00
BLEED vs. Paper Rex,KJC eSports VALORANT Invitational,Playoffs,win,Paper Rex,BLEED,2,1,Breeze,1.13,207,11,11,4,0,57%,127,12%,09/10/2021,16:00
Paper Rex vs. Louvre,KJC eSports VALORANT Invitational,Playoffs,win,Paper Rex,Louvre,2,0,Ascent,0.50,103,2,7,6,-5,56%,83,20%,08/10/2021,16:35
Paper Rex vs. Louvre,KJC eSports VALORANT Invitational,Playoffs,win,Paper Rex,Louvre,2,0,Bind,1.70,102,4,11,9,-7,56%,83,14%,08/10/2021,16:35
Paper Rex vs. Foxy Araikordai,KJC eSports VALORANT Invitational,Playoffs,win,Paper Rex,Foxy Araikordai,2,0,Ascent,1.09,189,9,6,0,+3,77%,117,33%,07/10/2021,15:30
Paper Rex vs. Foxy Araikordai,KJC eSports VALORANT Invitational,Playoffs,win,Paper Rex,Foxy Araikordai,2,0,Split,1.14,202,20,13,0,+7,76%,125,24%,07/10/2021,15:30
Paper Rex vs. Papara SuperMassive,Valorant Champions Tour Stage 3: Masters Berlin,Group Stage,loss,Paper Rex,Papara SuperMassive,1,2,Haven,0.59,97,5,8,4,-3,69%,63,19%,15/09/2021,20:00
Paper Rex vs. Papara SuperMassive,Valorant Champions Tour Stage 3: Masters Berlin,Group Stage,loss,Paper Rex,Papara SuperMassive,1,2,Breeze,1.16,135,17,26,5,-9,64%,90,23%,15/09/2021,20:00
Paper Rex vs. Papara SuperMassive,Valorant Champions Tour Stage 3: Masters Berlin,Group Stage,loss,Paper Rex,Papara SuperMassive,1,2,Split,0.71,126,5,10,1,-5,58%,81,14%,15/09/2021,20:00
Vision Strikers vs. Paper Rex,Valorant Champions Tour Stage 3: Masters Berlin,Group Stage,loss,Paper Rex,Vision Strikers,0,2,Haven,0.55,86,4,7,0,-3,30%,50,25%,11/09/2021,20:00
Vision Strikers vs. Paper Rex,Valorant Champions Tour Stage 3: Masters Berlin,Group Stage,loss,Paper Rex,Vision Strikers,0,2,Icebox,0.69,168,15,13,1,+2,64%,112,30%,11/09/2021,20:00
Paper Rex vs. Bren Esports,Champions Tour SEA Stage 3: Challengers Playoffs,Playoffs,loss,Paper Rex,Bren Esports,0,3,Bind,1.07,216,11,10,4,+1,73%,137,19%,22/08/2021,14:05
Paper Rex vs. Bren Esports,Champions Tour SEA Stage 3: Challengers Playoffs,Playoffs,loss,Paper Rex,Bren Esports,0,3,Split,1.32,218,28,25,4,+3,71%,130,25%,22/08/2021,14:05
Paper Rex vs. Bren Esports,Champions Tour SEA Stage 3: Challengers Playoffs,Playoffs,loss,Paper Rex,Bren Esports,0,3,Icebox,1.20,249,12,9,0,+3,69%,154,34%,22/08/2021,14:05
Bren Esports vs. Paper Rex,Champions Tour SEA Stage 3: Challengers Playoffs,Playoffs,win,Paper Rex,Bren Esports,2,1,Icebox,1.53,268,11,6,2,+5,83%,178,23%,21/08/2021,14:30
Bren Esports vs. Paper Rex,Champions Tour SEA Stage 3: Challengers Playoffs,Playoffs,win,Paper Rex,Bren Esports,2,1,Breeze,0.91,224,29,19,5,+10,72%,144,20%,21/08/2021,14:30
Bren Esports vs. Paper Rex,Champions Tour SEA Stage 3: Challengers Playoffs,Playoffs,win,Paper Rex,Bren Esports,2,1,Ascent,1.00,164,8,9,0,-1,50%,109,29%,21/08/2021,14:30
BOOM Esports vs. Paper Rex,Champions Tour SEA Stage 3: Challengers Playoffs,Playoffs,win,Paper Rex,BOOM Esports,2,0,Bind,1.51,203,7,3,2,+4,100%,125,8%,20/08/2021,12:20
BOOM Esports vs. Paper Rex,Champions Tour SEA Stage 3: Challengers Playoffs,Playoffs,win,Paper Rex,BOOM Esports,2,0,Icebox,1.66,181,12,13,3,-1,71%,118,9%,20/08/2021,12:20
Paper Rex vs. CBT Gaming,Champions Tour SEA Stage 3: Challengers Playoffs,Playoffs,win,Paper Rex,CBT Gaming,2,0,Icebox,1.70,334,5,2,0,+3,75%,145,25%,19/08/2021,17:30
Paper Rex vs. CBT Gaming,Champions Tour SEA Stage 3: Challengers Playoffs,Playoffs,win,Paper Rex,CBT Gaming,2,0,Split,1.35,217,11,13,1,-2,50%,104,20%,19/08/2021,17:30
ONIC G vs. Paper Rex,Champions Tour SEA Stage 3: Challengers Playoffs,Group Stage,win,Paper Rex,ONIC G,2,0,Breeze,0.84,218,6,7,1,-1,56%,93,55%,16/08/2021,10:00
ONIC G vs. Paper Rex,Champions Tour SEA Stage 3: Challengers Playoffs,Group Stage,win,Paper Rex,ONIC G,2,0,Icebox,1.57,199,14,14,3,0,62%,124,30%,16/08/2021,10:00
FULL SENSE vs. Paper Rex,Champions Tour SEA Stage 3: Challengers Playoffs,Group Stage,draw,Paper Rex,FULL SENSE,1,1,Split,1.45,303,14,7,3,+7,83%,174,13%,14/08/2021,20:35
FULL SENSE vs. Paper Rex,Champions Tour SEA Stage 3: Challengers Playoffs,Group Stage,draw,Paper Rex,FULL SENSE,1,1,Ascent,1.26,230,20,14,5,+6,83%,133,16%,14/08/2021,20:35
Five Ace Esports vs. Paper Rex,Champions Tour SEA Stage 3: Challengers Playoffs,Group Stage,win,Paper Rex,Five Ace Esports,2,0,Icebox,1.03,230,3,3,0,0,50%,37,14%,13/08/2021,17:00
Five Ace Esports vs. Paper Rex,Champions Tour SEA Stage 3: Challengers Playoffs,Group Stage,win,Paper Rex,Five Ace Esports,2,0,Split,1.19,203,11,10,4,+1,63%,100,19%,13/08/2021,17:00
Paper Rex vs. Kingsmen,Champions Tour Malaysia & Singapore Stage 3: Challengers 3,Main Event,win,Paper Rex,Kingsmen,3,0,Haven,1.97,383,12,5,7,+7,89%,162,18%,08/08/2021,13:00
Paper Rex vs. Kingsmen,Champions Tour Malaysia & Singapore Stage 3: Challengers 3,Main Event,win,Paper Rex,Kingsmen,3,0,Icebox,1.06,248,25,17,11,+8,74%,128,19%,08/08/2021,13:00
Paper Rex vs. Kingsmen,Champions Tour Malaysia & Singapore Stage 3: Challengers 3,Main Event,win,Paper Rex,Kingsmen,3,0,Breeze,1.02,234,11,8,3,+3,75%,150,21%,08/08/2021,13:00
Paper Rex vs. Louvre,Champions Tour Malaysia & Singapore Stage 3: Challengers 3,Main Event,win,Paper Rex,Louvre,2,0,Breeze,0.89,141,6,7,2,-1,67%,97,12%,07/08/2021,15:40
Paper Rex vs. Louvre,Champions Tour Malaysia & Singapore Stage 3: Challengers 3,Main Event,win,Paper Rex,Louvre,2,0,Haven,1.16,150,11,11,3,0,65%,98,15%,07/08/2021,15:40
Paper Rex vs. Looking For Org,Champions Tour Malaysia & Singapore Stage 3: Challengers 3,Main Event,win,Paper Rex,Looking For Org,2,1,Icebox,1.22,310,13,9,3,+4,83%,201,21%,07/08/2021,9:00
Paper Rex vs. Looking For Org,Champions Tour Malaysia & Singapore Stage 3: Challengers 3,Main Event,win,Paper Rex,Looking For Org,2,1,Split,1.30,316,32,21,5,+11,79%,188,17%,07/08/2021,9:00
Paper Rex vs. Looking For Org,Champions Tour Malaysia & Singapore Stage 3: Challengers 3,Main Event,win,Paper Rex,Looking For Org,2,1,Ascent,1.80,403,17,9,1,+8,83%,217,15%,07/08/2021,9:00
Paper Rex vs. Origin Sky,Champions Tour Malaysia & Singapore Stage 3: Challengers 3,Main Event,win,Paper Rex,Origin Sky,2,0,Icebox,1.40,226,10,5,2,+5,92%,154,21%,06/08/2021,9:00
Paper Rex vs. Origin Sky,Champions Tour Malaysia & Singapore Stage 3: Challengers 3,Main Event,win,Paper Rex,Origin Sky,2,0,Ascent,1.26,197,12,8,2,+4,88%,130,20%,06/08/2021,9:00
Paper Rex vs. UwU,Champions Tour Malaysia & Singapore Stage 3: Challengers 2,Main Event,loss,Paper Rex,UwU,1,3,Haven,0.64,132,4,8,2,-4,63%,88,11%,25/07/2021,12:00
Paper Rex vs. UwU,Champions Tour Malaysia & Singapore Stage 3: Challengers 2,Main Event,loss,Paper Rex,UwU,1,3,Breeze,0.91,190,26,29,6,-3,67%,126,17%,25/07/2021,12:00
Paper Rex vs. UwU,Champions Tour Malaysia & Singapore Stage 3: Challengers 2,Main Event,loss,Paper Rex,UwU,1,3,Split,0.77,182,7,11,0,-4,67%,114,28%,25/07/2021,12:00
Paper Rex vs. UwU,Champions Tour Malaysia & Singapore Stage 3: Challengers 2,Main Event,loss,Paper Rex,UwU,1,3,Ascent,1.89,264,5,2,1,+3,60%,180,6%,25/07/2021,12:00
Paper Rex vs. UwU,Champions Tour Malaysia & Singapore Stage 3: Challengers 2,Main Event,win,Paper Rex,UwU,2,0,Ascent,1.32,173,3,1,2,+2,100%,56,50%,24/07/2021,15:40
Paper Rex vs. UwU,Champions Tour Malaysia & Singapore Stage 3: Challengers 2,Main Event,win,Paper Rex,UwU,2,0,Icebox,1.42,138,7,12,2,-5,47%,81,15%,24/07/2021,15:40
Paper Rex vs. Kingsmen,Champions Tour Malaysia & Singapore Stage 3: Challengers 2,Main Event,win,Paper Rex,Kingsmen,2,0,Ascent,1.54,306,7,3,0,+4,100%,157,14%,24/07/2021,9:00
Paper Rex vs. Kingsmen,Champions Tour Malaysia & Singapore Stage 3: Challengers 2,Main Event,win,Paper Rex,Kingsmen,2,0,Icebox,1.32,250,7,4,2,+3,100%,131,12%,24/07/2021,9:00
Paper Rex vs. Team SMG,Champions Tour Malaysia & Singapore Stage 3: Challengers 2,Main Event,win,Paper Rex,Team SMG,2,0,Icebox,0.84,156,6,8,4,-2,83%,97,15%,23/07/2021,9:00
Paper Rex vs. Team SMG,Champions Tour Malaysia & Singapore Stage 3: Challengers 2,Main Event,win,Paper Rex,Team SMG,2,0,Split,1.24,189,14,15,5,-1,76%,107,21%,23/07/2021,9:00
UwU vs. Paper Rex,Champions Tour Malaysia & Singapore Stage 3: Challengers 1,Main Event,win,Paper Rex,UwU,3,0,Haven,0.45,165,4,8,2,-4,44%,71,13%,11/07/2021,11:30
UwU vs. Paper Rex,Champions Tour Malaysia & Singapore Stage 3: Challengers 1,Main Event,win,Paper Rex,UwU,3,0,Breeze,1.47,172,18,23,5,-5,65%,93,23%,11/07/2021,11:30
UwU vs. Paper Rex,Champions Tour Malaysia & Singapore Stage 3: Challengers 1,Main Event,win,Paper Rex,UwU,3,0,Ascent,1.08,200,9,7,1,+2,67%,115,30%,11/07/2021,11:30
Paper Rex vs. Todak,Champions Tour Malaysia & Singapore Stage 3: Challengers 1,Main Event,win,Paper Rex,Todak,2,0,Icebox,0.40,113,3,7,1,-4,75%,71,17%,11/07/2021,9:00
Paper Rex vs. Todak,Champions Tour Malaysia & Singapore Stage 3: Challengers 1,Main Event,win,Paper Rex,Todak,2,0,Breeze,0.96,133,6,12,1,-6,57%,86,15%,11/07/2021,9:00
Paper Rex vs. UwU,Champions Tour Malaysia & Singapore Stage 3: Challengers 1,Main Event,loss,Paper Rex,UwU,1,2,Bind,1.34,150,14,21,6,-7,69%,110,16%,10/07/2021,16:00
Paper Rex vs. UwU,Champions Tour Malaysia & Singapore Stage 3: Challengers 1,Main Event,loss,Paper Rex,UwU,1,2,Split,0.91,201,9,10,3,-1,75%,152,15%,10/07/2021,16:00
Paper Rex vs. Kingsmen,Champions Tour Malaysia & Singapore Stage 3: Challengers 1,Main Event,win,Paper Rex,Kingsmen,2,0,Breeze,1.53,344,11,5,1,+6,78%,216,22%,10/07/2021,9:00
Paper Rex vs. Kingsmen,Champions Tour Malaysia & Singapore Stage 3: Challengers 1,Main Event,win,Paper Rex,Kingsmen,2,0,Bind,1.38,270,13,7,4,+6,79%,177,22%,10/07/2021,9:00
Paper Rex vs. Saints,Champions Tour Malaysia & Singapore Stage 3: Challengers 1,Main Event,win,Paper Rex,Saints,2,0,Breeze,0.76,173,7,9,1,-2,67%,118,53%,09/07/2021,9:30
Paper Rex vs. Saints,Champions Tour Malaysia & Singapore Stage 3: Challengers 1,Main Event,win,Paper Rex,Saints,2,0,Split,1.08,149,10,13,4,-3,68%,100,42%,09/07/2021,9:30
BOOM Esports vs. Paper Rex,VALO2ASIA Invitational,Main Event,loss,Paper Rex,BOOM Esports,0,2,Bind,0.01,13,0,2,0,-2,0%,13,0%,27/06/2021,12:00
BOOM Esports vs. Paper Rex,VALO2ASIA Invitational,Main Event,loss,Paper Rex,BOOM Esports,0,2,Icebox,0.62,238,12,11,4,+1,71%,168,16%,27/06/2021,12:00
Paper Rex vs. XcN Gaming,KJC eSports VALORANT Tournament: One,Playoffs,win,Paper Rex,XcN Gaming,2,1,Split,0.80,177,7,9,1,-2,42%,122,19%,25/06/2021,20:00
Paper Rex vs. XcN Gaming,KJC eSports VALORANT Tournament: One,Playoffs,win,Paper Rex,XcN Gaming,2,1,Icebox,1.16,164,16,16,4,0,70%,113,20%,25/06/2021,20:00
Paper Rex vs. XcN Gaming,KJC eSports VALORANT Tournament: One,Playoffs,win,Paper Rex,XcN Gaming,2,1,Bind,0.85,148,3,4,0,-1,67%,96,22%,25/06/2021,20:00
Paper Rex vs. Griffin E-Sports,KJC eSports VALORANT Tournament: One,Playoffs,win,Paper Rex,Griffin E-Sports,1,0,Bind,0.64,97,3,6,3,-3,75%,73,14%,24/06/2021,18:00
Paper Rex vs. Louvre,KJC eSports VALORANT Tournament: One,Singapore Qualifiers,win,Paper Rex,Louvre,1,0,Bind,1.20,252,10,8,5,+2,75%,162,27%,21/06/2021,21:00
Paper Rex vs. Team Solace,KJC eSports VALORANT Tournament: One,Singapore Qualifiers,win,Paper Rex,Team Solace,1,0,Split,1.50,348,8,5,4,+3,86%,197,8%,21/06/2021,20:00
Paper Rex vs. RunDownMid,KJC eSports VALORANT Tournament: One,Singapore Qualifiers,win,Paper Rex,RunDownMid,1,0,Split,1.74,293,13,5,4,+8,92%,178,33%,21/06/2021,19:00
Paper Rex vs. FULL SENSE,Champions Tour SEA Stage 2: Challengers Finals,Main Event,loss,Paper Rex,FULL SENSE,1,2,Split,1.11,244,10,8,2,+2,75%,171,34%,02/05/2021,13:00
Paper Rex vs. FULL SENSE,Champions Tour SEA Stage 2: Challengers Finals,Main Event,loss,Paper Rex,FULL SENSE,1,2,Ascent,0.90,190,22,20,6,+2,74%,125,25%,02/05/2021,13:00
Paper Rex vs. FULL SENSE,Champions Tour SEA Stage 2: Challengers Finals,Main Event,loss,Paper Rex,FULL SENSE,1,2,Bind,0.58,128,3,5,0,-2,57%,85,67%,02/05/2021,13:00
Paper Rex vs. X10 Esports,Champions Tour SEA Stage 2: Challengers Finals,Main Event,loss,Paper Rex,X10 Esports,1,2,Icebox,0.56,150,7,10,3,-3,58%,102,32%,01/05/2021,19:30
Paper Rex vs. X10 Esports,Champions Tour SEA Stage 2: Challengers Finals,Main Event,loss,Paper Rex,X10 Esports,1,2,Split,0.80,141,18,34,13,-16,61%,94,29%,01/05/2021,19:30
Paper Rex vs. X10 Esports,Champions Tour SEA Stage 2: Challengers Finals,Main Event,loss,Paper Rex,X10 Esports,1,2,Ascent,0.24,76,3,10,1,-7,42%,40,17%,01/05/2021,19:30
Bren Esports vs. Paper Rex,Champions Tour SEA Stage 2: Challengers Finals,Main Event,win,Paper Rex,Bren Esports,2,1,Icebox,0.73,116,2,3,0,-1,60%,73,15%,30/04/2021,16:45
Bren Esports vs. Paper Rex,Champions Tour SEA Stage 2: Challengers Finals,Main Event,win,Paper Rex,Bren Esports,2,1,Ascent,0.94,189,21,16,7,+5,77%,130,19%,30/04/2021,16:45
Bren Esports vs. Paper Rex,Champions Tour SEA Stage 2: Challengers Finals,Main Event,win,Paper Rex,Bren Esports,2,1,Bind,1.39,237,10,6,5,+4,92%,172,31%,30/04/2021,16:45
FULL SENSE vs. Paper Rex,Champions Tour SEA Stage 2: Challengers Finals,Main Event,win,Paper Rex,FULL SENSE,2,1,Split,0.69,233,4,5,1,-1,60%,44,50%,29/04/2021,17:00
FULL SENSE vs. Paper Rex,Champions Tour SEA Stage 2: Challengers Finals,Main Event,win,Paper Rex,FULL SENSE,2,1,Ascent,0.62,170,18,18,10,0,67%,101,27%,29/04/2021,17:00
FULL SENSE vs. Paper Rex,Champions Tour SEA Stage 2: Challengers Finals,Main Event,win,Paper Rex,FULL SENSE,2,1,Bind,0.74,135,6,7,7,-1,77%,102,23%,29/04/2021,17:00
Paper Rex vs. Team SMG,Champions Tour Malaysia & Singapore Stage 2: Challengers 3,Main Event,win,Paper Rex,Team SMG,3,2,Ascent,0.63,120,8,16,7,-8,56%,80,28%,25/04/2021,13:00
Paper Rex vs. Team SMG,Champions Tour Malaysia & Singapore Stage 2: Challengers 3,Main Event,win,Paper Rex,Team SMG,3,2,Icebox,1.01,178,35,46,19,-11,70%,116,20%,25/04/2021,13:00
Paper Rex vs. Team SMG,Champions Tour Malaysia & Singapore Stage 2: Challengers 3,Main Event,win,Paper Rex,Team SMG,3,2,Bind,0.92,240,9,8,4,+1,75%,159,10%,25/04/2021,13:00
Paper Rex vs. Team SMG,Champions Tour Malaysia & Singapore Stage 2: Challengers 3,Main Event,win,Paper Rex,Team SMG,3,2,Split,2.00,364,6,4,2,+2,60%,255,23%,25/04/2021,13:00
Paper Rex vs. Team SMG,Champions Tour Malaysia & Singapore Stage 2: Challengers 3,Main Event,win,Paper Rex,Team SMG,3,2,Haven,0.59,121,5,9,2,-4,75%,89,44%,25/04/2021,13:00
Paper Rex vs. Louvre,Champions Tour Malaysia & Singapore Stage 2: Challengers 3,Main Event,win,Paper Rex,Louvre,2,1,Ascent,2.08,215,4,0,2,+4,100%,100,50%,24/04/2021,13:50
Paper Rex vs. Louvre,Champions Tour Malaysia & Singapore Stage 2: Challengers 3,Main Event,win,Paper Rex,Louvre,2,1,Bind,1.31,220,17,11,8,+6,90%,120,17%,24/04/2021,13:50
Paper Rex vs. Louvre,Champions Tour Malaysia & Singapore Stage 2: Challengers 3,Main Event,win,Paper Rex,Louvre,2,1,Split,1.06,228,8,8,5,0,82%,138,16%,24/04/2021,13:50
Paper Rex vs. Todak,Champions Tour Malaysia & Singapore Stage 2: Challengers 3,Main Event,win,Paper Rex,Todak,2,1,Ascent,1.70,235,5,1,0,+4,100%,133,31%,23/04/2021,14:25
Paper Rex vs. Todak,Champions Tour Malaysia & Singapore Stage 2: Challengers 3,Main Event,win,Paper Rex,Todak,2,1,Split,1.02,221,24,14,2,+10,82%,117,29%,23/04/2021,14:25
Paper Rex vs. Todak,Champions Tour Malaysia & Singapore Stage 2: Challengers 3,Main Event,win,Paper Rex,Todak,2,1,Bind,1.06,211,13,12,2,+1,71%,126,34%,23/04/2021,14:25
Paper Rex vs. Louvre,Champions Tour Malaysia & Singapore Stage 2: Challengers 2,Main Event,win,Paper Rex,Louvre,3,1,Icebox,0.97,169,6,7,6,-1,67%,114,15%,18/04/2021,11:30
Paper Rex vs. Louvre,Champions Tour Malaysia & Singapore Stage 2: Challengers 2,Main Event,win,Paper Rex,Louvre,3,1,Haven,1.17,212,36,30,15,+6,71%,150,21%,18/04/2021,11:30
Paper Rex vs. Louvre,Champions Tour Malaysia & Singapore Stage 2: Challengers 2,Main Event,win,Paper Rex,Louvre,3,1,Bind,1.22,225,10,8,6,+2,75%,165,29%,18/04/2021,11:30
Paper Rex vs. Louvre,Champions Tour Malaysia & Singapore Stage 2: Challengers 2,Main Event,win,Paper Rex,Louvre,3,1,Ascent,1.55,238,11,4,1,+7,83%,162,34%,18/04/2021,11:30
Team SMG vs. Paper Rex,Champions Tour Malaysia & Singapore Stage 2: Challengers 2,Main Event,win,Paper Rex,Team SMG,2,1,Split,1.14,221,9,8,7,+1,100%,144,17%,17/04/2021,18:00
Team SMG vs. Paper Rex,Champions Tour Malaysia & Singapore Stage 2: Challengers 2,Main Event,win,Paper Rex,Team SMG,2,1,Bind,0.89,162,20,30,14,-10,81%,117,20%,17/04/2021,18:00
Team SMG vs. Paper Rex,Champions Tour Malaysia & Singapore Stage 2: Challengers 2,Main Event,win,Paper Rex,Team SMG,2,1,Icebox,0.63,145,7,14,3,-7,72%,105,23%,17/04/2021,18:00
Paper Rex vs. Louvre,Champions Tour Malaysia & Singapore Stage 2: Challengers 2,Main Event,win,Paper Rex,Louvre,2,1,Ascent,0.59,233,5,6,1,-1,71%,124,13%,17/04/2021,12:00
Paper Rex vs. Louvre,Champions Tour Malaysia & Singapore Stage 2: Challengers 2,Main Event,win,Paper Rex,Louvre,2,1,Split,1.10,184,19,17,5,+2,78%,105,19%,17/04/2021,12:00
Paper Rex vs. Louvre,Champions Tour Malaysia & Singapore Stage 2: Challengers 2,Main Event,win,Paper Rex,Louvre,2,1,Icebox,0.82,129,6,6,1,0,70%,82,27%,17/04/2021,12:00
Paper Rex vs. Timing Monster Gaming,Champions Tour Malaysia & Singapore Stage 2: Challengers 2,Main Event,win,Paper Rex,Timing Monster Gaming,2,0,Bind,0.54,121,2,3,0,-1,75%,74,14%,16/04/2021,14:25
Paper Rex vs. Timing Monster Gaming,Champions Tour Malaysia & Singapore Stage 2: Challengers 2,Main Event,win,Paper Rex,Timing Monster Gaming,2,0,Split,1.55,124,9,9,1,0,67%,97,24%,16/04/2021,14:25
Kingsmen vs. Paper Rex,Champions Tour Malaysia & Singapore Stage 2: Challengers 1,Main Event,loss,Paper Rex,Kingsmen,0,3,Split,1.38,243,15,10,4,+5,67%,150,31%,04/04/2021,11:15
Kingsmen vs. Paper Rex,Champions Tour Malaysia & Singapore Stage 2: Challengers 1,Main Event,loss,Paper Rex,Kingsmen,0,3,Icebox,0.90,226,33,25,7,+8,69%,140,28%,04/04/2021,11:15
Kingsmen vs. Paper Rex,Champions Tour Malaysia & Singapore Stage 2: Challengers 1,Main Event,loss,Paper Rex,Kingsmen,0,3,Ascent,0.97,149,7,7,2,0,75%,88,13%,04/04/2021,11:15
Team 600 vs. Paper Rex,Champions Tour Malaysia & Singapore Stage 2: Challengers 1,Main Event,win,Paper Rex,Team 600,2,0,Split,1.19,185,8,5,6,+3,100%,117,21%,04/04/2021,9:00
Team 600 vs. Paper Rex,Champions Tour Malaysia & Singapore Stage 2: Challengers 1,Main Event,win,Paper Rex,Team 600,2,0,Ascent,0.74,194,16,11,9,+5,90%,123,25%,04/04/2021,9:00
Paper Rex vs. Team SMG,Champions Tour Malaysia & Singapore Stage 2: Challengers 1,Main Event,win,Paper Rex,Team SMG,1,0,Haven,1.52,251,12,6,4,+6,83%,157,35%,03/04/2021,19:30
Paper Rex vs. Team LZ,Champions Tour Malaysia & Singapore Stage 2: Challengers 1,Main Event,win,Paper Rex,Team LZ,1,0,Split,2.34,359,11,2,2,+9,100%,215,32%,03/04/2021,15:40
Team 600 vs. Paper Rex,Champions Tour Malaysia & Singapore Stage 2: Challengers 1,Main Event,loss,Paper Rex,Team 600,1,2,Haven,1.33,197,8,3,1,+5,78%,124,40%,03/04/2021,12:00
Team 600 vs. Paper Rex,Champions Tour Malaysia & Singapore Stage 2: Challengers 1,Main Event,loss,Paper Rex,Team 600,1,2,Split,0.78,184,17,17,5,0,65%,121,31%,03/04/2021,12:00
Team 600 vs. Paper Rex,Champions Tour Malaysia & Singapore Stage 2: Challengers 1,Main Event,loss,Paper Rex,Team 600,1,2,Bind,0.76,180,6,10,3,-4,67%,119,17%,03/04/2021,12:00
Paper Rex vs. Zero Synergy,Champions Tour Malaysia & Singapore Stage 2: Challengers 1,Main Event,win,Paper Rex,Zero Synergy,2,0,Haven,0.30,72,2,7,1,-5,50%,48,25%,02/04/2021,16:50
Paper Rex vs. Zero Synergy,Champions Tour Malaysia & Singapore Stage 2: Challengers 1,Main Event,win,Paper Rex,Zero Synergy,2,0,Icebox,1.00,80,4,10,8,-6,71%,45,13%,02/04/2021,16:50
