d4v41,General Discussion,0,26,20/8/2023,2:39
d4v41,General Discussion,0,22,9/3/2023,8:21
d4v41,General Discussion,0,22,18/5/2023,12:05
d4v41,Off Topic,-17,21,1/12/2024,17:42
D4v41,General Discussion,0,18,14/7/2022,22:36
D4v41,General Discussion,0,16,4/4/2023,11:31
D4V41,General Discussion,0,16,6/4/2025,17:38
d4v41 and mindfreak,General Discussion,0,14,19/2/2024,13:26
d4v41 yet again,General Discussion,1,12,10/12/2023,21:58
monyet vs d4v41,General Discussion,9,12,23/3/2024,2:59
d4v41,General Discussion,0,11,14/5/2022,17:09
d4v41,General Discussion,6,11,23/5/2023,20:05
PRX d4v41,General Discussion,4,11,5/7/2024,15:27
dos9 d4v41 beef?,General Discussion,10,11,8/11/2024,11:14
d4v41 preparing for next year,General Discussion,0,10,28/7/2023,16:46
monyet vs d4v41 the rematch,General Discussion,0,10,17/4/2024,21:49
d4v41,General Discussion,0,10,30/11/2023,7:06
d4v41 ULT,General Discussion,1,10,3/6/2024,17:27
d4v41,General Discussion,0,9,25/7/2022,1:53
D4V41 Appreciation Post,General Discussion,3,9,22/5/2023,17:52
D4v41 underrated?,General Discussion,2,8,15/9/2021,21:04
WHY d4v41?????,General Discussion,1,8,1/5/2023,18:30
d4v41 and mta,General Discussion,1,8,6/8/2024,1:15
prx player ranking,General Discussion,5,45,25/11/2024,3:07
d4v41,General Discussion,1,7,6/4/2025,18:46
OpTic anime arc,General Discussion,6,17,12/7/2022,22:21
Prx d4v41,General Discussion,3,7,22/4/2023,16:49
Top 5 initiators right now,General Discussion,0,50,15/8/2023,7:38
D4V41,General Discussion,0,6,22/7/2022,23:48
D4V41 AND FAMILY,General Discussion,1,6,7/3/2024,1:06
d4v41,General Discussion,0,6,29/11/2024,19:25
its not about d4v41,General Discussion,0,6,6/4/2025,17:40
D4v41,General Discussion,0,6,8/9/2022,12:16
d4v41 best player all time,General Discussion,0,6,11/8/2023,8:19
prx d4v41 using troll crosshair(?),General Discussion,0,5,12/10/2021,21:53
d4v41 OP,General Discussion,0,5,25/7/2022,12:21
d4v41,General Discussion,2,5,31/8/2022,22:03
d4v41,General Discussion,0,5,10/8/2023,2:33
Top 3 Initiators from your Region,General Discussion,0,49,23/1/2024,11:28
d4v41,General Discussion,0,5,3/6/2024,17:20
Top 5 of Each Role - All Time,General Discussion,0,108,2/7/2024,15:44
d4v41,General Discussion,2,5,5/7/2024,17:39
d4v41 savior,General Discussion,0,5,20/1/2025,20:36
PRX Roster Rankings,General Discussion,0,25,27/1/2025,7:48
who is PRX kicking,General Discussion,4,33,4/3/2025,17:42
F0rsaken,General Discussion,5,34,23/3/2025,16:46
PRX D4v41,Off Topic,0,4,21/8/2021,16:28
F0rsaken on jett,General Discussion,0,7,13/10/2021,9:34
Best player on each agent,General Discussion,0,47,4/11/2021,21:19
d4v41 crosshair,General Discussion,3,4,17/7/2022,23:34
d4v41,General Discussion,0,4,7/9/2022,22:02
SEN d4v41,Off Topic,0,4,5/10/2022,22:57
PRX something,Off Topic,40,113,3/3/2023,20:00
Fnatic vs prx [firepower],General Discussion,3,33,28/5/2023,12:25
d4v41,General Discussion,0,4,20/6/2023,15:05
Every agent GOAT,General Discussion,0,108,19/9/2023,4:21
You can create a team,General Discussion,0,42,23/9/2023,4:16
players better than leo rn,General Discussion,1,26,12/11/2023,5:59
drafting vct pros to survive on an island,General Discussion,1,20,13/5/2024,22:20
d4v41 bomb,General Discussion,0,4,3/6/2024,17:21
d4v41 sage,General Discussion,1,4,14/7/2024,19:28
prx ascent comp,General Discussion,2,35,27/7/2024,12:23
OFFICIAL OMG VLR Top 20 Players 2024,General Discussion,0,16,27/8/2024,4:09
MAKE A TEAM WITH ONE PLAYER PER TEAM FOR EACH YEAR,General Discussion,6,17,18/12/2024,15:45
The best player in all agent(vct),General Discussion,0,24,3/2/2025,4:35
All time initiator ranking,General Discussion,0,87,26/2/2025,1:40
2026 predictions for the prx players,General Discussion,0,16,30/3/2025,17:18
D4v41,General Discussion,0,3,23/8/2023,2:05
Update on PRX d4v41,General Discussion,0,3,26/8/2021,23:52
Banger,General Discussion,2,21,5/9/2022,6:49
Best order at every role in no order,General Discussion,7,26,1/12/2022,23:31
PRX Fix for Regionals,General Discussion,2,46,16/3/2023,19:39
d4v41,General Discussion,0,3,20/5/2023,20:04
3 Best players from each region,General Discussion,1,22,30/5/2023,6:06
most underrated valorant player?,General Discussion,2,40,19/6/2023,14:46
D4v41,General Discussion,3,3,20/6/2023,16:46
top 10 players of 2023 (imo),General Discussion,0,41,22/7/2023,20:24
Your top 10 players,General Discussion,0,30,19/8/2023,23:59
who is the most underrated player,General Discussion,2,12,16/9/2023,17:21
Best form of PRX,General Discussion,0,25,14/10/2023,11:19
o7 D4v41,General Discussion,0,3,10/12/2023,20:38
Make a roster using the first letter of your name,General Discussion,1,99,22/12/2023,13:21
TOP 20 players of vct 2023,General Discussion,0,49,1/1/2024,12:03
-mindfreak +monyet,General Discussion,0,125,29/3/2024,19:32
if PRX disband,General Discussion,0,98,17/4/2024,1:37
Deserving trophies,General Discussion,0,52,22/4/2024,23:55
"I will give 10,000 v bucks",General Discussion,1,91,18/5/2024,12:09
to be 100% honest,General Discussion,0,66,1/6/2024,7:01
Official Unbiased Top 10 Players,General Discussion,0,31,2/7/2024,23:25
PRX,General Discussion,1,12,13/7/2024,16:42
What I Think Would be the best Team in the World,General Discussion,1,42,21/7/2024,3:06
All These “PRX Fix “ Threads,General Discussion,0,10,12/8/2024,16:16
current top 10 players 2024,General Discussion,0,39,19/8/2024,5:33
Top 20 Players of 2024 shortlist,General Discussion,0,42,20/8/2024,7:38
Top 20 players of the year,General Discussion,0,185,27/8/2024,12:25
Paper Rex,General Discussion,1,50,7/10/2024,10:35
Something,General Discussion,0,13,30/11/2024,16:21
Can PRX's flexibility win them master in vct 2025,General Discussion,2,39,2/12/2024,19:20
please let my david go,General Discussion,0,24,22/1/2025,12:31
Most important part of geng success.,General Discussion,0,28,2/2/2025,19:05
All time senti ranking,General Discussion,0,8,2/3/2025,12:58
prx is just kinda cooked,General Discussion,0,15,31/3/2025,11:01
d4v41,General Discussion,0,3,6/4/2025,17:38
Mindfreak future,General Discussion,6,26,6/4/2025,19:04
d4v41,General Discussion,0,3,6/4/2025,20:13
D4V41 VS KANGKANG,General Discussion,1,2,5/3/2024,3:36
Paper Rex's d4v41 got his travel pass,General Discussion,0,2,30/8/2021,21:37
d4v41 crosshair Pog,General Discussion,5,2,27/9/2021,19:11
why is forsaken not in jett,General Discussion,0,24,12/10/2021,21:04
PRX wanted to lose,General Discussion,0,23,15/10/2021,11:28
rank players on teams 1-5,General Discussion,0,66,21/11/2021,22:32
Top 5 players from your country (arguable),General Discussion,2,248,26/1/2022,20:08
TOP 5 CHAMBER LIST,General Discussion,0,33,29/3/2022,13:13
Weakest link in each team,General Discussion,0,78,5/4/2022,11:16
Streamers in Copenhagen Megathread,General Discussion,63,98,5/7/2022,23:31
OpTic,General Discussion,9,12,12/7/2022,8:16
VCT Fantasy Team,General Discussion,0,12,14/7/2022,9:49
D4v41 Oof,General Discussion,0,2,14/7/2022,23:44
Top 10 Players after 1st round BASED OFF STATS,General Discussion,1,3,16/7/2022,11:24
PRX would sh1t on FNC,General Discussion,0,89,16/7/2022,14:14
PRX covid situation,General Discussion,4,23,17/7/2022,16:47
Benkai Crosshair,General Discussion,0,8,17/7/2022,23:32
Ranking the Remaining Players in M2,General Discussion,0,18,19/7/2022,5:38
OpTic forsaken,General Discussion,13,29,19/7/2022,23:40
Mistic Gone,General Discussion,0,48,23/7/2022,4:23
team's players ranked,General Discussion,0,16,26/7/2022,23:00
real TOP 10 APAC player (individual),General Discussion,0,32,28/7/2022,13:37
Bleed,General Discussion,0,9,15/8/2022,15:33
Superteams each region,General Discussion,0,24,20/8/2022,1:10
create BLEED superteam,General Discussion,0,18,20/8/2022,19:36
Fantasy vct,Off Topic,0,16,31/8/2022,21:57
d4v41,General Discussion,0,2,31/8/2022,22:47
Liquid vs prx,General Discussion,1,28,5/9/2022,11:16
Skrossi,General Discussion,4,51,29/9/2022,5:27
APAC Come,General Discussion,1,86,23/10/2022,21:53
Indo India,General Discussion,5,82,20/11/2022,15:43
PRX D4V41,General Discussion,0,2,4/3/2023,9:37
prx something is possible,General Discussion,0,15,11/3/2023,17:01
SG Something,General Discussion,6,27,12/3/2023,18:39
PRX something roles?,General Discussion,0,29,22/3/2023,19:20
Franchising Fraudlist,General Discussion,42,515,14/2/2023,12:40
Im a time traveller,General Discussion,42,180,13/4/2023,19:29
The Weakest Link,General Discussion,10,86,3/5/2023,1:38
d4v41,General Discussion,0,2,22/5/2023,18:30
Team of 5 players starting with the same letter?,General Discussion,1,78,23/5/2023,12:40
Why PRX is good again,General Discussion,2,2,23/5/2023,9:28
D4v41,General Discussion,0,2,28/5/2023,17:21
TRUE TIERLIST Tokyo players,General Discussion,0,18,1/6/2023,22:17
Paper Rex roster??????,General Discussion,1,35,4/6/2023,13:11
ALIENS HAVE COME TO EARTH,General Discussion,1,56,13/6/2023,1:06
Asian super team ...,General Discussion,3,30,21/6/2023,21:31
Brothers,General Discussion,0,3,24/6/2023,14:01
Teams better than FNATIC,General Discussion,0,24,27/6/2023,23:05
invy,General Discussion,3,13,22/7/2023,16:56
CHAMPIONS 2023 Team And Player Ranking Predictions,General Discussion,1,19,27/7/2023,23:28
Franchsing Goatlist,General Discussion,4,93,2/8/2023,22:03
The Real Top 5 Players of Each Region,General Discussion,0,19,3/8/2023,13:18
top 5 players in every role,General Discussion,0,67,11/8/2023,9:06
top 20,General Discussion,0,24,11/8/2023,19:18
Some takes of mine,General Discussion,0,19,12/8/2023,17:13
"""Cloud is top 3 initiator""",General Discussion,4,22,14/8/2023,3:25
All-Mid Starting 5,General Discussion,0,56,17/8/2023,11:09
Most underrated player rigtnow is...,General Discussion,0,44,19/8/2023,21:00
d4v41 Losing every duel,General Discussion,0,2,20/8/2023,2:45
[ALLAT] Most Improved Player 2023,General Discussion,0,23,22/8/2023,3:03
Drop your,General Discussion,0,33,23/8/2023,22:44
paper rex,General Discussion,0,9,25/8/2023,9:21
Best player for Each Category,General Discussion,0,42,25/8/2023,22:03
top players so far,General Discussion,1,37,26/8/2023,7:29
rough TOP 10 PLAYERS OF THE YEAR (VCT 2023),General Discussion,0,46,28/8/2023,7:49
Underrated player right now,Off Topic,-3,29,9/9/2023,16:24
My dream sea team,General Discussion,0,8,15/9/2023,20:03
Valorant TOTY (thoughts?),General Discussion,3,23,10/10/2023,17:59
Superteam for each ‘region’,General Discussion,1,60,14/10/2023,12:06
TOP 5 PLAYERS OF EACH REGION,General Discussion,0,63,22/10/2023,17:13
CHOOSE your team,General Discussion,0,59,28/10/2023,20:18
Build Chinese Superteam,General Discussion,0,29,16/11/2023,15:28
Predicted overall MVP,General Discussion,0,9,10/12/2023,17:10
d4v41,General Discussion,0,2,11/12/2023,3:44
APAC SUPER TEAM,General Discussion,0,33,25/12/2023,8:20
APAC Hot Takes?,General Discussion,0,26,17/1/2024,12:09
Top 10 players in the world,General Discussion,0,40,27/1/2024,12:22
"Monstrous, unbiased eyetest, top 5 itw list",General Discussion,0,29,28/1/2024,23:34
PRX IGL,General Discussion,0,20,18/2/2024,13:38
Monyet brainwashing?,General Discussion,29,86,24/3/2024,2:06
mindfreak & monyet,General Discussion,1,37,3/4/2024,17:51
Wanna talk kda? d4v41 has 12.5 kda,General Discussion,0,2,3/5/2024,17:50
FNS X D4v41,General Discussion,2,2,4/5/2024,20:28
PRX IGL ???,General Discussion,0,18,5/5/2024,15:37
Top 5 Favorite Players,General Discussion,1,56,11/5/2024,7:11
Smartest players,General Discussion,0,29,13/5/2024,10:44
(Probably Incorrect) Shanghai Rankings,General Discussion,0,5,14/5/2024,12:10
Stage 1's All-Valorant teams,General Discussion,11,58,15/5/2024,19:12
top 5 players at Shanghai,General Discussion,1,39,16/5/2024,1:12
PRX players are massively overrated,General Discussion,0,26,31/5/2024,22:37
PRX,General Discussion,0,6,3/6/2024,17:27
Do we need mindfreak?,General Discussion,5,25,3/6/2024,17:41
International appearances,General Discussion,8,11,9/6/2024,5:37
Prx roster change?,General Discussion,1,25,10/6/2024,21:57
valorant men id trust with my drink,General Discussion,23,64,17/6/2024,1:05
if you could,General Discussion,1,34,4/7/2024,10:37
Monyet > mindfreak,General Discussion,0,18,5/7/2024,17:45
Davaii is incredible,General Discussion,2,37,5/7/2024,17:45
Best team of every region,General Discussion,0,15,10/7/2024,8:15
CURRENT TOP 5 PLAYERS EVERY ROLE,General Discussion,0,53,11/7/2024,8:24
Jinggg is prx as player,General Discussion,0,9,20/7/2024,22:17
jinggg haters come here,General Discussion,0,25,23/7/2024,1:21
Trexx,General Discussion,2,10,9/8/2024,15:37
"if you are PRX coach, would you rather",General Discussion,0,36,11/8/2024,20:14
PRX Fix,General Discussion,0,4,12/8/2024,9:09
random prx rant,General Discussion,3,18,15/8/2024,10:28
region all-star/dream teams?,General Discussion,0,43,15/8/2024,13:47
best player from each country,General Discussion,0,59,11/9/2024,14:08
I Become Analyst,General Discussion,4,51,23/9/2024,2:45
Prx something role switch?,General Discussion,1,19,24/9/2024,4:45
PRX something initiator,General Discussion,1,22,24/9/2024,20:30
Create your own all time roster for your region,General Discussion,0,38,21/10/2024,6:55
Create Your Dream Team,General Discussion,0,53,22/10/2024,9:42
GOAT of Every Agent,General Discussion,0,124,29/10/2024,12:49
Dos9 vs davai,General Discussion,2,23,8/11/2024,17:51
TOP 20 PLAYERS APAC,General Discussion,2,25,11/11/2024,20:56
Best Regional Role Player 2025,General Discussion,2,28,11/12/2024,9:25
Top 5 Handsome Val Players,General Discussion,0,51,15/12/2024,16:45
GE FANS,General Discussion,0,17,22/12/2024,20:33
Most underrated player,General Discussion,3,46,30/1/2025,22:38
Forsaken,General Discussion,0,13,1/2/2025,20:51
ALL OF PRX PROBLEMS,General Discussion,2,6,2/2/2025,3:30
PRX IGL,General Discussion,0,27,2/2/2025,2:35
PRX Rossy,General Discussion,1,27,2/2/2025,16:47
My PRX fix,General Discussion,2,12,2/2/2025,21:53
do jinggg or something go?,General Discussion,0,20,2/2/2025,23:45
prx fix,General Discussion,2,11,4/3/2025,19:37
my personal prx,General Discussion,0,17,5/3/2025,1:25
My opinion on Paper Rex,General Discussion,5,28,11/3/2025,18:53
prx roles,General Discussion,0,6,30/3/2025,15:32
WASHED,General Discussion,0,5,30/3/2025,17:07
feels bad for prx(esp jing),General Discussion,2,6,30/3/2025,18:31
Patmen...,General Discussion,2,4,31/3/2025,11:24
Just watched PRX game,General Discussion,0,3,7/4/2025,1:14
if d4v41 wakes up now then its BYE BYE herectics,General Discussion,0,1,18/3/2024,2:38
d4v41 needs to go assistent coach,General Discussion,1,1,6/4/2025,17:51
How would you create the strongest squad from your,General Discussion,1,141,13/7/2021,17:55
Fav player from each team?,General Discussion,1,29,28/7/2021,9:40
Wholesome,Off Topic,0,4,26/8/2021,17:39
Legit Berlin Rankings.,Off Topic,-8,25,28/8/2021,1:33
Have the teams left for berlin?,General Discussion,1,27,1/9/2021,7:32
F0rsaken OP compared to his brother Xccurate,General Discussion,1,2,11/9/2021,23:41
Teams that have stood out for me till now,General Discussion,3,7,12/9/2021,2:38
NEW RECORDS,General Discussion,4,9,12/9/2021,6:32
Underrated Players,General Discussion,0,17,13/9/2021,14:26
Wow,General Discussion,3,9,15/9/2021,19:15
BREN / Team Secret make Champions,General Discussion,5,35,15/9/2021,23:15
BEST FLEX PLAYER,General Discussion,0,23,17/9/2021,23:15
Jinggg added to paper Rex before lcq,General Discussion,0,4,28/9/2021,21:33
Jingg?,General Discussion,0,11,11/10/2021,22:15
prx comp,General Discussion,1,20,12/10/2021,20:29
9-3,General Discussion,0,16,12/10/2021,21:14
COPY PASTA,Off Topic,1,20,14/10/2021,14:26
Underrated pros,General Discussion,2,88,19/10/2021,6:30
LESGOOOOOOOOOO,General Discussion,0,3,14/11/2021,17:25
Best Pro Player IGN?,Off Topic,1,37,22/11/2021,3:34
SEA Superteam based on countries,General Discussion,2,14,9/12/2021,20:09
Favorite and least favorite player?,General Discussion,0,49,28/12/2021,12:28
Skrossi and Vibhorr vs APH guys,General Discussion,0,116,6/1/2022,20:19
Who is the best player in your country,General Discussion,1,76,20/1/2022,22:57
Group B of APAC Playoffs: Group Stage,General Discussion,19,11,5/3/2022,17:30
APAC Regions Ranked,General Discussion,0,31,16/3/2022,22:59
APAC are the best at IGN,General Discussion,3,12,24/3/2022,1:05
LOUD owns japan,General Discussion,0,61,28/3/2022,14:25
[Stat Check] Masters 1 ACS,General Discussion,24,24,3/4/2022,5:49
Player rankings by Role,General Discussion,13,22,10/4/2022,5:31
playoffs tease,General Discussion,0,5,14/4/2022,19:59
Loud x PRX Grand Final?,General Discussion,0,31,16/4/2022,1:36
PRX player mousepad,General Discussion,1,12,16/4/2022,3:20
comparing the top4,General Discussion,3,9,19/4/2022,6:22
HLTV's CSGO Rating in VALORANT,General Discussion,47,38,20/4/2022,1:57
Ranking the Remaining Players at Masters,General Discussion,0,18,20/4/2022,4:40
Who is the best site anchor???,General Discussion,0,19,26/4/2022,14:06
Reykjavik by HLTV Rating (approximation),General Discussion,13,17,28/4/2022,8:13
Make your Global Super Team,General Discussion,1,51,16/5/2022,10:18
Worst usernames vs best usernames,General Discussion,3,30,17/5/2022,11:35
Valorant World Cup,General Discussion,7,78,17/5/2022,5:45
ASIA-PACIFIC REGIONAL DEBATE,General Discussion,0,121,21/5/2022,13:30
Top 10 most underrated players,General Discussion,1,18,22/5/2022,17:42
How to fix sentinels,General Discussion,8,32,25/5/2022,14:59
SMARTEST RANKINGS NA AND EMEA,General Discussion,0,10,28/5/2022,5:56
Your dream world team,General Discussion,0,64,11/6/2022,21:19
Dear TS_ChedZ,General Discussion,0,12,20/6/2022,7:39
Indonesia is the best APAC subregion,General Discussion,0,31,20/6/2022,18:53
TS fans come here,General Discussion,4,15,25/6/2022,16:36
Masters 2 rankings (come back after 1 month),General Discussion,21,39,27/6/2022,1:21
Didn't proof read L,General Discussion,6,8,28/6/2022,9:59
Curious case of PRX,General Discussion,6,20,30/6/2022,21:35
ACS OF ALL COPENHAGEN PLAYERS,General Discussion,0,2,7/7/2022,23:56
Copenhagen tracker.gg Megathread,General Discussion,13,24,9/7/2022,6:19
Rating masters IGLs,General Discussion,0,18,12/7/2022,12:14
OPTIC VS LOUD DAY 3 HOPIUM,General Discussion,0,13,12/7/2022,11:45
optic vs loud,General Discussion,0,32,12/7/2022,23:46
Playoffs Round 1 Predictions,General Discussion,0,10,14/7/2022,6:17
damn PRX looking really strong,General Discussion,0,17,14/7/2022,22:24
Best Chambers,General Discussion,1,7,15/7/2022,2:04
How SEN can win LCQ,General Discussion,0,37,15/7/2022,4:51
NERFING PRX,General Discussion,0,3,15/7/2022,21:15
Odds on PRX vs FNC,General Discussion,4,48,16/7/2022,9:59
NEXT ROUND PREDICTIONS,General Discussion,2,12,16/7/2022,13:08
champions istanbul soo hypee,General Discussion,1,8,17/7/2022,1:13
Each region Superteam,General Discussion,0,94,17/7/2022,9:27
How many bombs will Captain Derke drop today?,General Discussion,0,20,17/7/2022,13:48
reminder that 3 of PRX have covid,General Discussion,1,17,17/7/2022,23:58
PRX ARE SMART,General Discussion,13,17,18/7/2022,12:04
PREDICTIONS,General Discussion,0,7,18/7/2022,4:08
Optic vs PRX,General Discussion,0,7,18/7/2022,7:40
how to beat paper rex,General Discussion,0,92,18/7/2022,9:41
prx crowd,General Discussion,0,18,18/7/2022,22:09
Plz PRX win this Masters,General Discussion,0,19,19/7/2022,4:22
Let's be honest,General Discussion,1,30,19/7/2022,5:05
PREDICTIONS,General Discussion,0,1,20/7/2022,21:45
Adios Muchachos,General Discussion,6,12,23/7/2022,12:43
BEST PLAYERS IN THE WORLD,General Discussion,0,18,24/7/2022,2:47
Icebox,General Discussion,0,3,24/7/2022,23:12
W mods,General Discussion,0,9,25/7/2022,12:25
PRX strat,General Discussion,0,10,25/7/2022,12:33
GO HOME ODINOOBS,General Discussion,0,13,25/7/2022,2:36
FPX destroyed PRX,General Discussion,0,8,25/7/2022,19:48
Adios,General Discussion,0,20,26/7/2022,23:09
Most loved VALORANT pros?,General Discussion,0,48,28/7/2022,2:58
Best player with each agent?,General Discussion,0,101,7/8/2022,6:45
VLR.GG SUPERSTAR ROSTER,General Discussion,24,214,10/8/2022,16:19
List of Country representitives,General Discussion,1,12,15/8/2022,6:44
Blled disband,General Discussion,0,54,15/8/2022,15:11
Top 3 CHAMBERS.,General Discussion,1,36,17/8/2022,20:12
ez money when edg wins,General Discussion,0,20,19/8/2022,1:04
What would your VAL Roster be,General Discussion,0,73,23/8/2022,20:11
FantasyVCT,Off Topic,5,35,25/8/2022,5:55
What regions makes the best players,General Discussion,0,69,27/8/2022,19:41
Top 20 Players at Champs,General Discussion,0,22,30/8/2022,20:16
PRX vs EDG: Facts and Analysis,General Discussion,4,2,1/9/2022,12:53
How PRX Becoming famous,General Discussion,0,3,1/9/2022,12:21
PRX VS TL HEAD TO HEAD,General Discussion,3,15,7/9/2022,19:42
Paper Rex :(,General Discussion,38,55,8/9/2022,12:36
is PRX disbanding ?,General Discussion,1,25,8/9/2022,12:42
thank you for the best memory prx,General Discussion,5,5,8/9/2022,9:35
EU superteam,General Discussion,0,36,8/9/2022,19:08
MAKE YOUR APAC FRANCHISE TEAM,General Discussion,0,7,16/9/2022,6:41
your top 3 fav Val rosters,General Discussion,5,52,17/9/2022,18:26
What would be ypur best national team,General Discussion,3,71,19/9/2022,12:46
Paper new roster 2023 ?,General Discussion,0,19,19/9/2022,18:39
frauds exposed(RNT),General Discussion,0,33,7/10/2022,17:36
VALORANT FRANCHISE TEAMS MEGATHREAD,General Discussion,11,7,10/10/2022,3:10
All apac franchise rosters till now,General Discussion,0,8,10/10/2022,13:37
my VCT 2023 TOP 10 ROSTER,General Discussion,0,26,16/10/2022,2:34
PRX 6th man,General Discussion,0,28,19/10/2022,12:03
Franchising rosters MEGA THREAD,General Discussion,4,2,24/10/2022,8:09
Best player from each countries,General Discussion,0,8,24/10/2022,8:14
Country Represent in Pacific League,General Discussion,1,14,24/10/2022,20:53
Flex players,General Discussion,0,19,29/10/2022,8:22
Make ur countries best five,General Discussion,0,152,31/10/2022,10:26
VCT Pacific Roster Reveal,General Discussion,2,4,15/11/2022,3:16
PRX vs GE,General Discussion,0,45,18/11/2022,22:26
Prx Vs Ge,General Discussion,0,22,19/11/2022,2:17
Stop Fighting on BO1,General Discussion,0,38,20/11/2022,13:14
Prx Davai,General Discussion,8,18,20/11/2022,19:45
PRX: Org Overview,General Discussion,20,16,24/11/2022,2:19
Tier 1 Player with the largest agent pool?,General Discussion,0,57,29/11/2022,4:15
TvCA - The vlr.gg Community Awards,Off Topic,23,268,7/12/2022,20:55
Your Dream Valorant Team,General Discussion,0,60,5/1/2023,19:24
APAC REGION OVERVIEW,Off Topic,6,26,11/1/2023,23:25
Best Awpers In Asia,General Discussion,0,93,25/1/2023,16:12
PRX exposed as not wholesome?,General Discussion,0,80,15/2/2023,10:28
meteor > aspas,General Discussion,0,23,16/2/2023,4:33
Role Rankings: Player Quality per Region,General Discussion,9,41,28/2/2023,21:55
VCL SOUTH ASIA'23 // TEAMS,General Discussion,15,95,6/3/2023,17:45
the future of PRX,General Discussion,7,94,7/3/2023,22:16
Which pacific region is strong,General Discussion,0,46,10/3/2023,10:27
Paper Rex,General Discussion,1,20,13/3/2023,12:32
f0rsaken new role?,General Discussion,2,26,13/3/2023,18:44
ABC Val Players,General Discussion,0,58,15/3/2023,12:15
PRX Something update?,General Discussion,0,11,18/3/2023,20:39
cs2 killed val :(,Off Topic,13,78,24/3/2023,12:40
xnfri,General Discussion,0,8,26/3/2023,18:02
Bench Botfrek,General Discussion,0,10,26/3/2023,18:07
Your top 5 favourite Val players?,General Discussion,3,120,29/3/2023,19:07
Forsaken and d4v4i,General Discussion,0,24,2/4/2023,16:53
PRX savior,General Discussion,0,10,2/4/2023,19:52
no igl for prx?,General Discussion,0,19,7/4/2023,18:52
Something plays tomorrow,General Discussion,2,10,8/4/2023,4:47
OMG BENKAI IS REPLACED,General Discussion,0,10,8/4/2023,18:09
WTF,General Discussion,0,3,8/4/2023,18:09
PRX something,General Discussion,0,31,8/4/2023,20:50
valorant -> cs2 migration,General Discussion,0,60,11/4/2023,21:11
This is PRX we want to see,General Discussion,0,4,15/4/2023,17:46
d4v4i,General Discussion,0,6,15/4/2023,18:06
PRX Bruh,General Discussion,0,17,15/4/2023,18:08
-mindfreak -forsaken,General Discussion,0,59,15/4/2023,18:47
What is your super roster ?,General Discussion,0,70,19/4/2023,5:02
Cs vs Val Pros,General Discussion,0,75,16/4/2023,12:09
best igls from APAC?,General Discussion,0,14,21/4/2023,7:38
CGRS,General Discussion,0,10,22/4/2023,15:02
Multi Nation,General Discussion,1,3,22/4/2023,15:20
PRX CLOWN ORG,General Discussion,0,23,22/4/2023,15:48
top 3 role in each region atm(not in order),General Discussion,0,33,24/4/2023,4:12
WRONSKI is the best player in History of Valorant,General Discussion,24,74,2/5/2023,6:20
Jett players who can play other agents,General Discussion,4,74,3/5/2023,18:16
Obel's FaceOff 3,General Discussion,0,5,9/5/2023,5:19
Top 10 Sentinels So Far 2023,General Discussion,0,19,9/5/2023,6:36
Something,General Discussion,2,18,12/5/2023,17:23
TOP 23 PLAYERS STATISTICALLY (only tier 1),General Discussion,1,10,13/5/2023,12:15
each league’s superteam by rating in this split,General Discussion,5,23,13/5/2023,22:27
Top 5 in every role CURRENTLY,General Discussion,5,24,18/5/2023,11:41
Top 5 Players so far,General Discussion,0,57,18/5/2023,5:17
Most fragging IGL,General Discussion,0,30,22/5/2023,2:51
PRX masterclass,General Discussion,2,4,22/5/2023,16:40
PRX appreciation thread,General Discussion,0,4,22/5/2023,16:47
who is igl on prx,General Discussion,0,23,23/5/2023,7:00
goat poll,General Discussion,1,8,25/5/2023,3:15
PRX each year,Off Topic,3,9,25/5/2023,20:40
PRX real fix,General Discussion,0,5,28/5/2023,17:10
Take on forsaken!,General Discussion,0,18,28/5/2023,17:41
benkai,General Discussion,0,10,28/5/2023,18:00
Who's IGL'ing for PRX,General Discussion,1,8,28/5/2023,20:46
Lan/playoffs players,General Discussion,0,4,29/5/2023,21:13
S tier players RANK,General Discussion,0,163,30/5/2023,12:49
CN/KR are the strongest countries,General Discussion,0,26,30/5/2023,2:51
Who is ur top 10 favorite players,General Discussion,0,44,1/6/2023,2:14
best fragging igl?,General Discussion,0,88,3/6/2023,5:36
Obel's FaceOff 23,General Discussion,0,13,6/6/2023,23:43
What's YOUR top 10 players in masters Tokyo,General Discussion,3,52,7/6/2023,3:05
TRUE TOP 10 PLAYERS (In Tokyo),General Discussion,0,43,7/6/2023,8:22
PRX fans come,General Discussion,0,4,10/6/2023,15:29
Most underrated player Tokyo,General Discussion,1,62,10/6/2023,3:59
Make your Tokyo predictions,General Discussion,0,30,10/6/2023,20:37
Obel's FaceOff 25,General Discussion,2,7,13/6/2023,10:52
TOP 10 TEAMS (WORLD),General Discussion,4,30,13/6/2023,20:33
Yo why do ppl think fut beating drx,General Discussion,0,14,14/6/2023,2:45
EDG vs PRX in playoffs,General Discussion,0,9,14/6/2023,14:20
PRX cgrs,General Discussion,1,9,14/6/2023,23:49
Obel's FaceOff 27,General Discussion,1,7,15/6/2023,4:54
best pure 1v1 players??,General Discussion,1,50,14/6/2023,19:26
Benkai,General Discussion,3,17,17/6/2023,12:22
drx bad or,General Discussion,0,13,17/6/2023,13:04
Masters Tokyo Superteams,General Discussion,1,9,17/6/2023,18:25
d4v41 and mindfreak,General Discussion,1,1,17/6/2023,18:33
If PRX win vs FNATIC,General Discussion,0,10,19/6/2023,9:01
Benkai,General Discussion,3,6,19/6/2023,13:22
PRX CGRS,General Discussion,11,21,19/6/2023,13:51
You can't compare alfajer with any other sentinel,General Discussion,2,34,19/6/2023,21:21
genuine takeaways from playoffs,General Discussion,9,21,20/6/2023,19:39
Todays Preds,General Discussion,0,22,21/6/2023,8:57
Liquid vs PRX,General Discussion,0,9,21/6/2023,14:44
about prx,General Discussion,0,5,21/6/2023,18:02
PRX 2024,General Discussion,1,40,22/6/2023,11:39
My SEN copium pickem,General Discussion,0,29,22/6/2023,11:40
superteam,General Discussion,0,23,22/6/2023,22:30
PRX better with CGRS?,General Discussion,0,19,23/6/2023,23:08
watching PRX at its finest,General Discussion,7,8,24/6/2023,13:04
Are PRX gonna play THAT comp,General Discussion,0,9,24/6/2023,14:07
Reflecting on PRX,General Discussion,5,7,24/6/2023,15:02
f0rsakeN appreciation,General Discussion,6,20,24/6/2023,15:13
The team that would destroy fnatic,General Discussion,0,37,27/6/2023,10:54
Pro player troll names,General Discussion,1,33,27/6/2023,13:29
Superteams with Alphabets,General Discussion,1,33,28/6/2023,14:36
Bye benkai,General Discussion,20,34,28/6/2023,20:07
This or that ? (2),General Discussion,0,29,30/6/2023,13:51
I guess ur gender,General Discussion,0,62,3/7/2023,17:44
BEST PLAYERS FROM YOUR COUNTRY,General Discussion,3,93,4/7/2023,11:08
Pickems: Pacific Ascension Playoffs,General Discussion,2,25,4/7/2023,17:23
hot takes,General Discussion,1,31,8/7/2023,15:02
Can we all agree that boom eSports,General Discussion,0,18,9/7/2023,17:55
Best Underrated Players?,General Discussion,0,65,17/8/2021,15:26
Valorant Hall of Fame,General Discussion,2,28,11/7/2023,9:27
Can we all agree,General Discussion,0,37,13/7/2023,1:49
Asia top 10 players ranked,General Discussion,0,60,16/7/2023,13:09
# of times players reached interregional LANs,General Discussion,13,70,19/7/2023,12:38
someone get monyet an actual team,General Discussion,7,21,19/7/2023,17:15
is kangkang the best asian player ever?,General Discussion,0,46,20/7/2023,7:36
PRX something potential,General Discussion,0,55,9/3/2023,8:42
Is Trexx top 10 in the world?,General Discussion,0,52,21/7/2023,22:51
Invy,General Discussion,1,8,22/7/2023,17:51
actual top 10 players of 2023 list,General Discussion,0,26,22/7/2023,19:39
Actual top 10 players,General Discussion,3,38,22/7/2023,20:01
china dominant the champions,General Discussion,0,1,24/7/2023,9:31
Make a roster with one player from each region,Off Topic,0,26,24/7/2023,20:12
top 10 initiarors rn,General Discussion,1,39,25/7/2023,16:43
Best players on each team at champs (read below),General Discussion,0,18,26/7/2023,4:32
favorite pro names?,General Discussion,4,40,27/7/2023,4:36
PRX fans and haters come,General Discussion,2,54,27/7/2023,9:35
Most underrated player from each Champions team,General Discussion,1,13,28/7/2023,6:14
Who is overrated,General Discussion,0,89,28/7/2023,4:05
who do u think is the most underrated valo player,General Discussion,0,16,28/7/2023,12:31
TMV Top 10 Players,General Discussion,0,47,28/7/2023,22:23
Champions agent wise predictions,General Discussion,0,11,1/8/2023,2:00
eg and paper rex,General Discussion,0,66,1/8/2023,7:04
most underrated player itw,General Discussion,0,25,1/8/2023,23:16
Finals Appearances and Wins,General Discussion,1,4,3/8/2023,12:38
[ALLAT] all T1 teams set 2024 rosters,General Discussion,0,1,4/8/2023,1:31
pro temp account list,General Discussion,9,33,4/8/2023,20:21
Top 10 players in the world,General Discussion,1,19,5/8/2023,18:40
Your favourite players in each role?,General Discussion,0,26,7/8/2023,12:20
Best playesr at their roles,General Discussion,3,19,10/8/2023,1:25
create a team to take down fnatic,General Discussion,0,29,10/8/2023,9:24
most underrated player,General Discussion,1,17,10/8/2023,18:02
Most Underrated Player at Champions,General Discussion,1,12,10/8/2023,22:52
Nickname for every players in this tournament,General Discussion,0,32,11/8/2023,12:16
PRX is too good.,General Discussion,1,4,11/8/2023,3:56
SUPER TEAM TO BEAT FNATIC,General Discussion,2,27,11/8/2023,4:47
something op,General Discussion,1,4,11/8/2023,8:04
d4v41 + forsaken,General Discussion,0,1,11/8/2023,15:36
best in game name,General Discussion,0,26,12/8/2023,7:14
THE HARSH TRUTH,General Discussion,3,18,13/8/2023,6:03
S-Tier Players,General Discussion,1,41,13/8/2023,6:12
BEST REGIONS FOR EACH ROLE,General Discussion,0,25,13/8/2023,17:13
Make Your Own INTERNATIONAL SUPER TEAM,General Discussion,1,57,13/8/2023,8:57
THEY BLEED,General Discussion,6,9,17/8/2023,3:57
How tf is anyone supposed to beat paper rex?,General Discussion,0,11,17/8/2023,7:35
Top 3 flex players,General Discussion,0,30,18/8/2023,8:55
ethan top 5 iniator inw rn?,General Discussion,0,27,19/8/2023,4:46
PRX & DRX NA Tracker score,General Discussion,0,10,19/8/2023,23:01
About PRX and Loud in LA,General Discussion,3,5,20/8/2023,4:37
best player on every team,General Discussion,0,13,20/8/2023,5:25
Best Shorty player,General Discussion,1,12,20/8/2023,15:02
Jinggg Replacement for Next Year,General Discussion,0,53,23/8/2023,2:39
Forsaken,General Discussion,0,34,22/8/2023,16:14
CSGO peeps come,General Discussion,0,28,24/8/2023,1:25
Champs Top 4 by numbers,General Discussion,0,14,24/8/2023,17:33
BcJ,General Discussion,6,35,24/8/2023,8:47
c0m heaven 1v2,General Discussion,0,16,25/8/2023,3:10
botfrag on ascent got little too excited,General Discussion,0,2,25/8/2023,4:02
prx,General Discussion,0,9,25/8/2023,4:03
I DONT KNOW WHAT HAPPENED BUT NICE ROUND,General Discussion,0,9,25/8/2023,5:16
if PRX Winning Valorant world champions,General Discussion,3,15,25/8/2023,14:28
ALL-TIME INTERNATIONAL KILLS LEADERBOARD,General Discussion,16,31,25/8/2023,22:58
pro tip to be better,General Discussion,0,4,27/8/2023,4:32
LOUD 2023,General Discussion,6,15,26/8/2023,7:41
Paper rex roster,General Discussion,5,18,27/8/2023,8:43
Guaranteed hall of famers,Off Topic,9,38,27/8/2023,11:24
",,Updated"" TOP 20 PLAYERS OF THE YEAR",General Discussion,0,49,27/8/2023,23:44
VALORANT CHAMPIONS TOUR 2023 - END OF SEASON AWARD,General Discussion,1,6,28/8/2023,9:12
2023 Player Ranking Survey,General Discussion,11,22,27/8/2023,23:08
Top 20 most skilled players,General Discussion,3,3,29/8/2023,12:14
VRA Most Improved Player,General Discussion,3,17,29/8/2023,12:45
BEST EX-CSGO VALORANT ROSTER,General Discussion,0,38,29/8/2023,7:33
MIP Results,General Discussion,0,1,30/8/2023,12:38
super team made from each region,General Discussion,0,28,1/9/2023,9:54
soulcas scrim clips,General Discussion,3,57,2/9/2023,4:00
Nivera the chad best op player,General Discussion,1,15,3/9/2023,19:27
20 most skilled players revisted,General Discussion,6,6,9/9/2023,12:34
PRX an Indo Team Now?,General Discussion,0,24,10/9/2023,17:22
top 5 best gamesense players,General Discussion,0,15,11/9/2023,12:57
2024 teams,General Discussion,0,1,12/9/2023,9:16
PRX and DRX,General Discussion,0,63,12/9/2023,14:33
"""chamber is a duelist"" is dumb",General Discussion,6,50,13/9/2023,12:11
where are they now? (#14),General Discussion,0,4,17/9/2023,19:03
where are they now? (#13),General Discussion,0,10,18/9/2023,1:09
sentinels will win madrid!!!!,General Discussion,1,20,17/9/2023,10:14
if the world was right,General Discussion,4,34,20/9/2023,15:15
ALL T1 ROSTERS,General Discussion,3,2,21/9/2023,17:24
"T1, PRX and RRQ comp",General Discussion,0,22,24/9/2023,1:21
VCT TWITTER FOLLOWERS RANKED,General Discussion,24,44,25/9/2023,21:59
Fun fact about BLEED crazyguy,Off Topic,5,22,28/9/2023,4:25
Early Pacific 2024 rankings (not serious),General Discussion,0,5,2/10/2023,23:33
best player from each game who came to,General Discussion,0,52,3/10/2023,23:29
Top SOVA of VCT PACIFIC 2024 (based on rating),General Discussion,0,5,4/10/2023,6:32
TOP 10 Best and Worst SOVA on VCT 2024,General Discussion,0,5,4/10/2023,7:19
Top SKYE of VCT PACIFIC 2024,General Discussion,0,5,5/10/2023,12:10
TOP 10 Best and Worst SKYE on VCT 2024,General Discussion,0,5,5/10/2023,12:48
Top SAGE of VCT PACIFIC 2024,General Discussion,0,1,5/10/2023,5:30
TOP 10 Best and Worst SAGE on VCT 2024,General Discussion,0,5,5/10/2023,5:36
Best franchise team roster,General Discussion,0,68,4/10/2023,21:48
Make your dream team.,General Discussion,0,81,8/10/2023,23:27
zekken,General Discussion,0,34,18/10/2023,5:57
APAC FINISHED,General Discussion,0,77,18/10/2023,15:36
What Age Wins,General Discussion,5,39,19/10/2023,10:10
Top 15 2023,General Discussion,0,35,2/11/2023,23:33
Tenz,General Discussion,0,35,3/11/2023,1:31
something,Off Topic,0,5,3/11/2023,3:45
VCT 2023 HIGHEST KILL COUNTS,General Discussion,4,23,11/11/2023,5:58
build your team,General Discussion,1,42,12/11/2023,10:26
Best Players of Each Role,General Discussion,0,25,28/11/2023,21:50
Sova issue on prx,General Discussion,0,22,5/12/2023,20:15
whats up with this PRX bs.,General Discussion,0,20,6/12/2023,9:09
Orangepanda come,General Discussion,0,26,7/12/2023,19:00
PRX Split,General Discussion,0,2,10/12/2023,17:34
AfreecaTV Top 10 Rated Players,General Discussion,2,11,10/12/2023,19:40
Prx having is bad or is just showing mist side,General Discussion,0,34,10/12/2023,19:47
We need to talk about RunneR,General Discussion,0,57,14/12/2023,22:39
Countries with most players in VCT 2024 (rn),General Discussion,0,16,15/12/2023,6:02
blazek1ng,General Discussion,5,23,16/12/2023,21:58
Nonbiased top 5 recon itw,General Discussion,0,18,18/12/2023,5:34
VLR 2023 VCT Vote,General Discussion,8,75,20/12/2023,11:46
Super TEAM in every region,General Discussion,2,65,20/12/2023,17:45
derke documentary,General Discussion,0,46,20/12/2023,23:00
VLR top 20 2023,General Discussion,0,23,28/12/2023,6:36
Top 20 players (2023) don't @ me,General Discussion,1,17,28/12/2023,10:51
2024 Best Agent Players Predictions,General Discussion,0,44,3/1/2024,22:28
VLR Awards & Top 20,General Discussion,1,29,16/1/2024,6:55
best player on each agent(really based list),General Discussion,1,28,23/1/2024,12:10
"high IQ top 5 unbiased list, nothing but the truth",General Discussion,0,28,29/1/2024,2:06
Valorant world up,General Discussion,0,9,29/1/2024,22:17
Top Players in Each Role in Each Region (sry china,General Discussion,0,46,30/1/2024,4:31
top 3 itw list,General Discussion,3,38,29/1/2024,12:47
teams and players with correct caps and flags,General Discussion,0,4,31/1/2024,10:43
VCT SIMULATOR!,General Discussion,0,41,3/2/2024,1:14
Screw it. Top 20 players (excluding CN),General Discussion,1,10,9/2/2024,17:07
APAC Scrimbux CNY,General Discussion,17,38,10/2/2024,17:24
C9 vs NRG,General Discussion,0,27,12/2/2024,19:33
Longest core,General Discussion,0,19,17/2/2024,2:52
Players who play 'perfect',General Discussion,5,95,19/2/2024,13:30
PRX is washed,General Discussion,0,16,19/2/2024,13:47
wtf,General Discussion,1,7,19/2/2024,13:56
unlucky,General Discussion,0,5,19/2/2024,14:02
Monyet,General Discussion,0,19,19/2/2024,15:48
Pacific and China Superteam?,General Discussion,0,23,20/2/2024,13:21
who would u pick to win in a region allstars game,General Discussion,3,6,21/2/2024,8:11
best player from each country,General Discussion,0,62,21/2/2024,12:51
Your top5 players from Every Regions (biased),General Discussion,0,21,22/2/2024,12:56
midnyet,General Discussion,0,21,25/2/2024,18:54
Players identified with their skins?,General Discussion,1,59,2/3/2024,18:56
i dont understand.,General Discussion,0,7,3/3/2024,1:19
Now we know the problem with PRX on final,General Discussion,1,6,3/3/2024,1:42
demon1 hate,General Discussion,1,3,5/3/2024,13:08
Madrid Rankings (imo),General Discussion,0,8,5/3/2024,20:07
Everyone yapping so much,General Discussion,2,13,6/3/2024,1:11
kinda feel like hating today,General Discussion,3,125,6/3/2024,1:22
CSGO TO VALO,General Discussion,0,22,6/3/2024,14:31
Top 3 in Every Role at Madrid,General Discussion,0,36,6/3/2024,21:57
TOP 10 PLAYERS AT MADRID,General Discussion,0,28,10/3/2024,7:11
PRX,General Discussion,0,18,11/3/2024,23:43
Can you guys stop glazing Flor?,Off Topic,1,26,11/3/2024,9:23
My Masters Madrid Player And Team Predictions,General Discussion,3,35,12/3/2024,13:49
PRX Buzz,General Discussion,0,13,13/3/2024,23:23
Paper Rex is very underrated,General Discussion,0,6,15/3/2024,3:21
top 5 prx fans,General Discussion,0,16,15/3/2024,22:59
TMV is not wrong!!,General Discussion,0,6,16/3/2024,12:11
Paper Rex Split Comp,General Discussion,0,1,16/3/2024,1:13
top 25 players from M3 Berlin and M2 Reykjavik:,General Discussion,1,1,16/3/2024,16:16
JOHNQT RESPECT,General Discussion,27,33,17/3/2024,1:57
can someone time travel SEN,General Discussion,0,12,17/3/2024,8:50
F0rsaken,General Discussion,0,2,18/3/2024,1:29
f0rsaken raze last played 2 years ago,General Discussion,1,7,18/3/2024,2:47
PRX are the most toxic team in VCT (reminder),General Discussion,0,198,18/3/2024,4:41
KC PLEASE,General Discussion,0,19,18/3/2024,16:44
PRX core,General Discussion,0,11,18/3/2024,20:00
highest sensitivity team at playoffs,General Discussion,5,26,19/3/2024,10:52
mindfreak prx captain,General Discussion,1,8,20/3/2024,2:29
guess the valorant pro(s) by the tweet day one,General Discussion,1,6,20/3/2024,6:58
Paper Rex downfall,General Discussion,0,2,22/3/2024,12:03
Which players have the best smile,Off Topic,2,16,22/3/2024,11:54
GE best valorant academy,General Discussion,1,9,22/3/2024,22:51
Mindfreak is invaluable,General Discussion,0,3,23/3/2024,2:35
she doin something to my Monyet made my mindfreak,General Discussion,0,1,23/3/2024,5:00
CGRS,General Discussion,2,11,23/3/2024,14:15
Pooper rekt problem,General Discussion,0,8,24/3/2024,12:20
hey guys lets talk,General Discussion,0,3,24/3/2024,1:33
Who are your top 10 players now?,General Discussion,1,44,24/3/2024,1:38
Why PRX has low ratings?,General Discussion,0,3,24/3/2024,5:01
Did Zellsis get the most classic kills,General Discussion,0,6,25/3/2024,11:39
Masters Madrid - Full Players Rankings,General Discussion,4,14,26/3/2024,4:15
Who is PRX IGL?,General Discussion,0,4,27/3/2024,12:25
VCT aim tierlist,General Discussion,0,48,27/3/2024,23:30
Top 20 Players,General Discussion,0,86,30/3/2024,3:56
champs winning team concept,General Discussion,1,6,30/3/2024,7:13
most likeable players,General Discussion,9,78,31/3/2024,12:23
FNatic FICS,General Discussion,0,6,5/4/2024,4:30
top 3 phantom players,General Discussion,0,24,5/4/2024,22:01
GE has the best lineup,General Discussion,1,7,6/4/2024,17:39
top 20 hottest pros,General Discussion,0,37,8/4/2024,22:44
top 10 players itw,General Discussion,0,24,11/4/2024,19:29
Is Chichoo top 10 player itw?,General Discussion,0,29,12/4/2024,21:14
TOP 5 PLAYERS WITH MOST MVP IN FRACHISING,General Discussion,10,71,16/4/2024,8:33
My French brothas come,General Discussion,0,17,17/4/2024,21:52
Who is the best Initiator? in pro play,General Discussion,1,8,20/4/2024,17:47
top 5 in each role(at their peak),General Discussion,0,130,23/4/2024,21:27
Top 5 per role based on peak.,General Discussion,2,17,23/4/2024,23:37
dream team,General Discussion,0,43,26/3/2024,12:32
international superteam,General Discussion,0,13,25/4/2024,4:59
"I""M EXCITED",General Discussion,0,9,27/4/2024,8:24
What team would give you the best success in VCT,General Discussion,0,7,27/4/2024,9:11
PRX honest opinion,General Discussion,5,10,27/4/2024,15:47
y0y officially washed,General Discussion,0,3,28/4/2024,1:33
APAC superteam this split,General Discussion,0,28,28/4/2024,21:48
Top 5 vct players in every stat,General Discussion,0,13,29/4/2024,12:48
From champs to chumps,General Discussion,1,26,29/4/2024,3:00
Message to kaplan,General Discussion,0,12,29/4/2024,14:04
Who is the most replaceable on sentinels?,General Discussion,0,12,29/4/2024,14:09
If you are Kaplan what do you do?,General Discussion,0,12,29/4/2024,14:28
fav roster ever?,General Discussion,5,68,30/4/2024,2:46
who are the best players right now?,General Discussion,0,86,29/4/2024,21:53
Prx > NRG,General Discussion,2,71,1/5/2024,12:58
best IGL kd based on the last 5 championships,General Discussion,1,16,1/5/2024,4:17
BEST OP IN APAC ?,General Discussion,0,16,1/5/2024,17:46
when will everyone accept,General Discussion,0,25,4/5/2024,18:44
Davai,General Discussion,0,7,4/5/2024,19:04
Sacy,General Discussion,6,29,4/5/2024,15:04
PRX best form?,General Discussion,0,24,6/5/2024,14:45
top 10 highest rating in regular season,General Discussion,0,6,7/5/2024,8:47
Shanghai Winner,General Discussion,0,26,7/5/2024,11:44
goat team,General Discussion,0,22,7/5/2024,12:17
i got the script,General Discussion,1,13,7/5/2024,13:20
best valorant players of all time imo,General Discussion,0,17,7/5/2024,21:07
players with the most aura,General Discussion,0,53,7/5/2024,21:24
most absurd statlines,General Discussion,0,28,7/5/2024,22:01
Strongest Teams in Each Region rn,General Discussion,3,23,7/5/2024,22:45
Top 5 for every agent (VERY LONG),General Discussion,0,66,8/5/2024,1:32
Why is apac weak?,General Discussion,0,44,8/5/2024,13:30
This is why TenZ Is the Greatest Of all Time,General Discussion,0,9,9/5/2024,12:18
I'm scared now,General Discussion,0,31,10/5/2024,12:12
Fut haters come,General Discussion,0,17,10/5/2024,2:58
FNS team with ScreaM?,General Discussion,0,19,10/5/2024,18:43
TOP5 PRE-MASTERS BEST/WORST,General Discussion,0,16,11/5/2024,9:42
My Shanghai top 10 players,General Discussion,0,27,13/5/2024,1:00
Is Leo the goat?,General Discussion,0,6,13/5/2024,3:48
Country Representing (Master Shanghai),General Discussion,0,18,13/5/2024,11:23
Top 10 Players at Shanghai,General Discussion,1,2,13/5/2024,11:38
d4v41 posture,General Discussion,0,1,13/5/2024,13:52
Top 5 Sentinels All Time,General Discussion,0,30,13/5/2024,13:03
Which pair would you rather start a team with?,General Discussion,0,7,14/5/2024,7:37
BEAT MY SHANGHAI SUPERTEAM (IMPOSSIBLE),General Discussion,0,23,14/5/2024,15:06
VCT STAGE 1 AWARDS,General Discussion,11,25,15/5/2024,6:51
Pros With Aura,General Discussion,0,39,17/5/2024,17:51
Most Underrated Players in Shanghai,General Discussion,0,18,17/5/2024,21:40
Top 10 Players at Wuhan,General Discussion,0,16,18/5/2024,1:59
Top 5 kayos,General Discussion,2,40,18/5/2024,2:37
Masters Shanghai script leaked? (Sorry FNC fans),General Discussion,0,4,21/5/2024,9:17
Shanghai Press Conference (LIVE NOW),General Discussion,6,19,22/5/2024,12:01
VCT Stage-1 Analysis,General Discussion,4,5,23/5/2024,3:17
Players with the most matches won in international,General Discussion,16,34,25/5/2024,12:39
PRX VCT Records,General Discussion,1,5,27/5/2024,13:34
OCE come,General Discussion,1,14,27/5/2024,18:24
playoffs rankings,General Discussion,4,29,28/5/2024,12:38
All Playoff Makers RANKED (40 People),General Discussion,0,18,28/5/2024,22:24
Who are your fav players?,General Discussion,1,9,28/5/2024,23:32
Make your alphabet roster,General Discussion,1,38,29/5/2024,11:05
G2 Win Con tomorrow,General Discussion,1,5,30/5/2024,23:02
All VCT dream teams,General Discussion,0,4,31/5/2024,16:00
PRX should go full indo roster,General Discussion,0,12,31/5/2024,17:57
Do we really live in a world where,General Discussion,1,17,1/6/2024,8:12
I fear jingggs future,General Discussion,1,25,1/6/2024,10:26
if all franchised pros,General Discussion,0,57,3/6/2024,9:38
prx fix,General Discussion,0,37,3/6/2024,15:40
F0rsaken 1 vs 9,General Discussion,2,3,3/6/2024,16:21
davai,General Discussion,0,10,3/6/2024,17:41
Something,General Discussion,0,17,3/6/2024,18:08
"Create a Roaster for Furia ($15,000 budget)",General Discussion,0,27,4/6/2024,12:17
Deeply disappointed in PRX,General Discussion,67,84,3/6/2024,22:45
biggest team vs biggest team,General Discussion,0,7,4/6/2024,17:16
PRX threw icebox,General Discussion,0,18,4/6/2024,23:31
operation prx win an event,General Discussion,4,7,5/6/2024,4:36
Miniboo,General Discussion,5,27,7/6/2024,4:56
are PRX players salty about GENG win?,General Discussion,0,65,10/6/2024,20:54
Haven meta pred?,General Discussion,0,39,12/6/2024,23:31
vct igl tierlist (mechanics),General Discussion,0,49,15/6/2024,5:01
Regional All stars team,General Discussion,0,16,17/6/2024,12:43
PRX vs DRX (Players League Performances),General Discussion,0,1,22/6/2024,9:18
Who is BULB?,General Discussion,0,6,23/6/2024,17:05
PRO 10 MANS RN,General Discussion,3,3,29/6/2024,21:21
Best roster in the world,General Discussion,0,15,30/6/2024,20:24
KRU's IGL situation according to keznit,General Discussion,0,7,2/7/2024,9:23
prx chances of winning internationally w playstyle,General Discussion,1,11,3/7/2024,12:43
Why not play something on neon??,General Discussion,3,13,5/7/2024,15:30
Biggiecheese > Mindfreak,General Discussion,4,2,5/7/2024,18:05
PRX the biggest fraud,General Discussion,0,6,7/7/2024,18:58
big 3,General Discussion,0,8,8/7/2024,12:58
Top 20 Players: VLR Edition,General Discussion,4,31,8/7/2024,12:27
nature,General Discussion,0,19,9/7/2024,4:42
Who Wins [Aim Duel],General Discussion,6,71,9/7/2024,6:22
PRX REBUILD,General Discussion,0,53,9/7/2024,16:52
Abyss's meta,General Discussion,1,15,11/7/2024,21:47
BEST PLAYER IS LFT,General Discussion,0,28,12/7/2024,22:20
Honest Jinggg opinion,General Discussion,8,42,13/7/2024,16:59
VLR challenge,General Discussion,0,23,14/7/2024,12:21
Teams with multiple top 4 placements at INT LANS,General Discussion,0,17,16/7/2024,5:54
International VCT Trophy & Finals Count - Players,General Discussion,0,5,17/7/2024,6:37
Gartic Phone JOINERS,Off Topic,3,22,18/7/2024,22:43
TOP 5 PLAYERS IN CHAMPS,General Discussion,4,21,20/7/2024,2:51
Professor P Masterclass,General Discussion,3,5,20/7/2024,5:49
Franchise Orgs Come,General Discussion,0,25,20/7/2024,8:03
CHAMPS 24 PRED FORM,General Discussion,16,85,19/7/2024,9:27
Champions appearances,General Discussion,5,11,20/7/2024,18:23
kinda disappointed with jinggg this time.,General Discussion,7,27,20/7/2024,19:49
where the monyet haters at?,General Discussion,23,70,20/7/2024,19:50
PRX discourse is crazy,General Discussion,6,15,20/7/2024,21:05
Best Flex Player?,General Discussion,0,19,21/7/2024,12:15
champs top 20 players,General Discussion,0,35,21/7/2024,3:46
Alphabet roster completed,General Discussion,0,12,21/7/2024,3:32
what are your top 3 players?,General Discussion,0,29,22/7/2024,12:44
If PRX get grouped..,General Discussion,0,57,22/7/2024,10:57
Top 5 best players in each role in 2024,General Discussion,0,5,22/7/2024,17:26
Top 20 Champs Players Predictions,General Discussion,0,12,23/7/2024,1:33
best world champ at champs?,General Discussion,0,10,23/7/2024,3:14
Best Statistical Players Heading into Champs,General Discussion,0,6,23/7/2024,10:01
Least toxic valul pro,General Discussion,0,44,23/7/2024,21:06
Champs 2024 Top 10 Players,General Discussion,0,30,24/7/2024,1:54
DOES china win before PRX,General Discussion,0,6,24/7/2024,4:52
Official VLR Top 10,General Discussion,0,33,27/7/2024,1:47
prx heading into champs,General Discussion,2,18,27/7/2024,9:58
PRX Ascent Fix,General Discussion,1,22,27/7/2024,15:11
What team has the most LAN Appearances,General Discussion,0,16,31/7/2024,5:04
RieNs +27,General Discussion,8,25,1/8/2024,20:59
Which jinggg are we getting tomorrow,General Discussion,0,15,2/8/2024,22:02
Everyone shit talking boaster,General Discussion,6,21,2/8/2024,3:35
G2-PRX Script LEAKED (100% REAL) (FACT CHECKED),General Discussion,0,11,4/8/2024,14:43
PRX fix,General Discussion,0,7,4/8/2024,15:55
paper rex lineup,General Discussion,0,3,4/8/2024,16:48
PRX real talk,General Discussion,9,25,4/8/2024,17:06
Mindfreak,General Discussion,5,17,4/8/2024,17:10
Thank god Monyet left,General Discussion,0,25,4/8/2024,17:32
PRX changes,General Discussion,0,8,4/8/2024,19:20
PRX bros,General Discussion,0,15,4/8/2024,19:43
PRX Actual Fix,General Discussion,0,10,4/8/2024,21:39
First player to come to mind for every letter,General Discussion,0,40,12/9/2023,1:27
Whose 1 pro that you'll support 4L,General Discussion,5,83,8/8/2024,9:33
make your dream team,General Discussion,2,31,9/8/2024,1:15
PRX UGLY,General Discussion,0,1,11/8/2024,18:54
PRX,General Discussion,2,49,11/8/2024,19:35
Real PRX Fix,General Discussion,0,14,11/8/2024,19:50
We need brain not the W keyboard,General Discussion,1,1,11/8/2024,20:03
Real question for PRX roster change (if they will),General Discussion,0,27,11/8/2024,20:51
PRX’s Legacy (End?,General Discussion,3,31,11/8/2024,21:07
Paper Rex,General Discussion,0,20,11/8/2024,23:00
PRX rework,General Discussion,2,6,11/8/2024,23:21
PRX fix,General Discussion,0,23,12/8/2024,13:28
2025 Rebuilds,General Discussion,0,26,12/8/2024,10:43
not braindead roster ideas(for teams i like),General Discussion,0,18,12/8/2024,19:34
Realistic PRX fix,General Discussion,10,34,12/8/2024,19:49
Americas 2025:,General Discussion,0,75,12/8/2024,18:50
Best KDA in a Tier 1 Map,General Discussion,0,16,14/8/2024,7:32
VALORANT WORLD CUP,General Discussion,0,8,15/8/2024,23:29
Most punchable face,General Discussion,6,19,16/8/2024,14:44
My glorious baiter,General Discussion,0,16,21/8/2024,9:20
Who are your MVP's from each team,General Discussion,0,26,23/8/2024,8:58
Champs Top 4 Team & Player Appearances,General Discussion,2,1,24/8/2024,16:17
PRX changes,General Discussion,0,15,25/8/2024,20:37
prx,General Discussion,0,5,26/8/2024,3:53
Top 10 players of this year,General Discussion,1,16,26/8/2024,9:11
BEST PLAYERS ON EVERY AGENT (REWORK),General Discussion,0,17,27/8/2024,14:19
PRX Rebuild,General Discussion,0,6,27/8/2024,22:54
Best player for each agent in 2024,General Discussion,9,11,29/8/2024,11:25
my sister rated val pro names,General Discussion,1,18,1/9/2024,3:26
Number 8 of DDenied’s 2024: Pacific 10,General Discussion,0,1,4/9/2024,16:48
VCT pros with the smallest belly buttons?,General Discussion,0,6,8/9/2024,1:23
MINDFREAK AND JINGGG ENTER FREE AGENCY WTFF ??,General Discussion,0,6,8/9/2024,18:10
botcast,General Discussion,0,16,9/9/2024,12:38
VCT pros choosing their Wendy’s drinks,General Discussion,0,3,9/9/2024,6:19
GOAT of Every Agent,General Discussion,0,21,11/9/2024,8:05
best players ever?,General Discussion,0,89,13/9/2024,15:22
caster calls,General Discussion,1,18,14/9/2024,17:50
SHOULD GE TRY YOMAN AS IGL??,General Discussion,4,48,22/9/2024,17:00
Prx role changes,General Discussion,0,8,24/9/2024,8:28
Which current Players can become future coaches?,General Discussion,0,7,27/9/2024,14:35
If aspas went to PRX?,General Discussion,0,10,29/9/2024,12:32
RRQ Red Bull Tokyo,General Discussion,4,27,3/10/2024,17:29
Pacific fans come,General Discussion,0,6,3/10/2024,19:50
Dream PRX rebuild,General Discussion,0,3,4/10/2024,4:05
all confirmed rosters + almost complete,General Discussion,5,30,4/10/2024,4:34
2025 BLD roster would’ve been,General Discussion,0,5,4/10/2024,12:15
PRX,General Discussion,0,10,7/10/2024,7:32
Players with most aura *10-8-24*,General Discussion,0,8,7/10/2024,19:25
jessievash moving to Assistant Coach,General Discussion,0,12,7/10/2024,19:54
reduxx,General Discussion,0,37,14/10/2024,23:59
New Favourite Tier 1 Team,Off Topic,1,120,16/10/2024,5:34
Lets do this VLR,General Discussion,0,27,17/10/2024,9:00
End of prx.Altleast 3 players are getting dropped,General Discussion,0,22,16/10/2024,20:26
If I was HC of PRX...,General Discussion,2,62,18/10/2024,8:26
Best Player By Letter,General Discussion,0,63,17/10/2024,7:04
pros you cant really hate,General Discussion,0,115,20/10/2024,12:57
TOP 3 AT EVERY ROLE IN EVERY REGION NEXT YEAR,General Discussion,0,40,20/10/2024,4:28
Send ur hot takes and i will rate them,Off Topic,7,155,22/10/2024,3:34
Best oppers all time?,General Discussion,0,51,27/10/2024,14:36
PRX Map Pool X Current Map Pool,General Discussion,0,24,28/10/2024,10:06
most games played,General Discussion,0,18,29/10/2024,22:33
hot take: monyet should have stayed at prx,General Discussion,0,19,30/10/2024,6:57
Real Pacific duelist ranking,General Discussion,0,29,5/11/2024,9:04
list your top 5 respective in their roles,General Discussion,0,57,12/11/2024,21:56
goat of every role,General Discussion,0,97,20/11/2024,9:08
vct players and their ace pokemon,General Discussion,0,6,24/11/2024,12:25
Mindfreak,General Discussion,1,7,28/11/2024,18:58
PRX something sova suck,General Discussion,5,16,29/11/2024,18:00
Problem with PRX,General Discussion,1,9,29/11/2024,18:46
reactivity,General Discussion,1,25,29/11/2024,18:59
Prx truth,General Discussion,4,14,29/11/2024,19:55
Mindfreak,General Discussion,0,21,1/12/2024,17:12
-someth0ng + Leo,General Discussion,0,7,1/12/2024,18:07
Prx,General Discussion,5,17,1/12/2024,19:52
VCT Pros you cannot hate,General Discussion,1,53,4/12/2024,10:01
best player for every agent,General Discussion,0,42,6/12/2024,12:46
prx doubters come,General Discussion,1,9,6/12/2024,22:05
PRX,General Discussion,0,10,6/12/2024,23:31
NRG,General Discussion,0,42,11/12/2024,12:05
top 5 OPers itw,General Discussion,0,6,17/12/2024,6:19
GE,General Discussion,0,14,19/12/2024,17:54
3 PRX core :(,General Discussion,0,10,19/12/2024,18:45
valo2asia,General Discussion,0,12,26/12/2024,22:05
Best VCT Nicknames,General Discussion,0,26,6/1/2025,12:36
All Pacific rosters,General Discussion,3,3,6/1/2025,4:26
VCT PAC: Top 5 Players in Each Role,General Discussion,2,25,9/1/2025,7:30
Best possible teams per region imo,General Discussion,0,26,13/1/2025,13:14
PRX,General Discussion,1,1,20/1/2025,18:36
PRX truth,General Discussion,0,2,20/1/2025,18:58
prx,General Discussion,0,5,20/1/2025,21:41
Actually a PRX fix,General Discussion,1,4,22/1/2025,21:28
PRX let me cook,General Discussion,0,19,27/1/2025,12:10
PRX player contracts,General Discussion,0,30,1/2/2025,20:26
prx fix,General Discussion,0,5,1/2/2025,20:57
Paper rex fans come,General Discussion,1,23,1/2/2025,21:07
here's the thing,General Discussion,0,9,1/2/2025,21:44
PRX disband,General Discussion,0,5,1/2/2025,21:37
prx fix (real),General Discussion,0,11,1/2/2025,23:23
prx 2026,General Discussion,0,47,2/2/2025,12:33
lakers trade in valorant terms,Off Topic,0,5,2/2/2025,13:13
Explain the Luka-AD trade in valorant terms,General Discussion,0,8,2/2/2025,15:21
PRX real fix,General Discussion,0,34,2/2/2025,20:22
prx changes without actual changes,General Discussion,0,10,2/2/2025,22:56
Prx Fix?,General Discussion,0,7,4/2/2025,3:34
TOP KILL on a MAP in each INTERNATIONAL TOURNAMENT,General Discussion,2,10,8/2/2025,7:25
International appearances,General Discussion,4,4,9/2/2025,3:11
PRX,General Discussion,0,33,10/2/2025,18:18
Assembling a god squad,General Discussion,0,9,11/2/2025,2:03
Vitality: The World's Most Flexible Team,General Discussion,2,6,12/2/2025,2:22
Do PRX need big changes?,General Discussion,0,50,12/2/2025,9:25
prx real fix,General Discussion,0,2,12/2/2025,18:25
gun to your head,General Discussion,0,12,19/2/2025,10:48
wait what,Off Topic,0,10,22/2/2025,23:14
WHAT I REALISTICALLY HOPE TO SEE FOR PRX,General Discussion,1,15,23/2/2025,18:45
Create your Pacific Superteam?,General Discussion,0,20,27/2/2025,10:41
PRX patmen,General Discussion,4,50,3/3/2025,17:10
PRX Patmen,General Discussion,0,11,3/3/2025,21:22
prx is changing a player,General Discussion,0,10,4/3/2025,12:13
PRX Patmeh,General Discussion,0,40,3/3/2025,22:07
PRX,General Discussion,1,6,4/3/2025,18:24
PRX mindfreak...,General Discussion,0,7,4/3/2025,19:04
Choose your Dream team (Region-Asia Pacific),General Discussion,1,18,4/3/2025,21:59
prx patman,General Discussion,1,7,4/3/2025,21:53
if prx disbanded,General Discussion,0,4,5/3/2025,14:51
Team A B C or D?,General Discussion,0,20,5/3/2025,23:29
PRX PatMen LFG,General Discussion,0,15,6/3/2025,23:00
What would be your dream team?,General Discussion,0,15,9/3/2025,3:23
Current Top30 Player List,General Discussion,1,12,12/3/2025,23:45
Most overrated pro player,General Discussion,0,68,14/3/2025,15:27
Forsaken duelist,General Discussion,1,21,23/3/2025,19:46
PRX role fix,General Discussion,0,7,23/3/2025,23:14
best prx agents,General Discussion,0,2,25/3/2025,16:21
d4v41,Off Topic,0,1,30/3/2025,15:56
i genuinely wonder about jinggg and org,General Discussion,0,18,30/3/2025,16:02
