farewell jinggg thread,General Discussion,280,255,"August 27, 2023 at 9:31 AM AEST"
Jinggg replacement,General Discussion,0,76,"August 20, 2023 at 3:45 PM AEST"
prx would be as bad with jinggg,General Discussion,0,64,"March 24, 2024 at 5:17 AM AEDT"
life after jinggg,General Discussion,1,58,"August 18, 2023 at 8:25 PM AEST"
Jinggg Replacement for Next Year,General Discussion,0,53,"August 23, 2023 at 5:39 AM AEST"
Jinggg doubters come,General Discussion,0,51,"April 13, 2024 at 5:47 PM AEST"
LIST OF JINGGG BELIEVERS,General Discussion,0,50,"March 30, 2024 at 3:50 AM AEDT"
STOP JINGGG HATE,General Discussion,6,49,"July 20, 2024 at 11:01 PM AEST"
PRX solution for Jinggg military service next year,General Discussion,6,48,"May 29, 2023 at 2:16 PM AEST"
Jinggg IS 20???,General Discussion,1,48,"July 29, 2023 at 12:16 PM AEST"
Jinggg Military Service,General Discussion,0,47,"June 26, 2023 at 4:55 PM AEST"
Jinggg is learning to play Cypher,General Discussion,5,47,"November 1, 2024 at 3:27 PM AEDT"
Jinggg vs Alfajer,General Discussion,3,45,"July 7, 2022 at 8:37 AM AEST"
what does jinggg bring to the table,General Discussion,0,43,"November 25, 2024 at 2:19 AM AEDT"
Honest Jinggg opinion,General Discussion,8,42,"July 13, 2024 at 7:59 PM AEST"
jinggg vs tenZ,General Discussion,0,42,"August 9, 2024 at 4:11 PM AEST"
Can EDG win against PRX (with Jinggg)?,General Discussion,0,41,"May 30, 2024 at 9:54 AM AEST"
+Jinggg,General Discussion,3,38,"July 15, 2022 at 1:49 AM AEST"
Is jinggg’s mom dating PRX coach?,General Discussion,0,38,"April 4, 2024 at 7:53 AM AEDT"
Jinggg cope,General Discussion,8,37,"March 24, 2024 at 5:30 AM AEDT"
Jinggg haters come,General Discussion,4,37,"June 4, 2024 at 10:47 AM AEST"
Jinggg,General Discussion,0,36,"June 1, 2024 at 1:10 PM AEST"
Jinggg>Something AND ITS NOT CLOSE,General Discussion,0,36,"March 7, 2025 at 10:03 AM AEDT"
JINGGG MOM,General Discussion,1,36,"April 18, 2024 at 1:07 AM AEST"
Jinggg successor on prx,General Discussion,0,35,"August 25, 2023 at 4:33 PM AEST"
PRX without Jinggg,General Discussion,0,33,"June 24, 2023 at 2:57 PM AEST"
jinggg hate,General Discussion,0,33,"June 1, 2024 at 4:07 AM AEST"
Regarding all the slander on Jinggg recently,General Discussion,0,33,"July 28, 2024 at 2:55 PM AEST"
Who should replace Jinggg after champs,General Discussion,6,32,"August 18, 2023 at 11:31 PM AEST"
Jinggg or F0rsaken,General Discussion,2,30,"November 23, 2022 at 7:59 PM AEDT"
Jinggg mom is half indo?,General Discussion,0,30,"May 14, 2023 at 2:25 AM AEST"
why do ppl hate jinggg,General Discussion,0,30,"September 25, 2024 at 10:43 PM AEST"
jinggg haters,General Discussion,0,30,"December 23, 2024 at 3:14 AM AEDT"
Jinggg Fix,General Discussion,0,29,"April 21, 2024 at 10:53 PM AEST"
PRX Jinggg Smoke,General Discussion,0,29,"March 3, 2025 at 11:48 PM AEDT"
This prx> prx with jinggg,General Discussion,0,28,"February 19, 2024 at 7:33 PM AEDT"
Unwarrented Jinggg hate,General Discussion,0,28,"July 14, 2024 at 1:03 AM AEST"
I wonder WHY PRX KEEPS JINGGG?,General Discussion,0,28,"November 21, 2024 at 10:52 PM AEDT"
"Alfajer > f0rsaken, Jinggg ?",General Discussion,0,27,"June 29, 2022 at 10:07 PM AEST"
kinda disappointed with jinggg this time.,General Discussion,7,27,"July 20, 2024 at 10:49 PM AEST"
Jinggg Neon,General Discussion,1,27,"August 4, 2024 at 7:23 PM AEST"
Jinggg vs Primmie,General Discussion,0,27,"December 2, 2024 at 4:14 PM AEDT"
Jinggg vs Aspas INSANE!!!!!!,General Discussion,4,26,"April 17, 2022 at 3:29 PM AEST"
Jinggg&Forsaken > aspas&garbage1,General Discussion,0,26,"August 18, 2023 at 10:34 PM AEST"
jinggg crying after match,General Discussion,17,26,"August 27, 2023 at 2:24 PM AEST"
"PRX FANS, IF JINGGG GETS KICKED...",General Discussion,0,26,"August 11, 2024 at 11:05 PM AEST"
Why Jinggg can't be kicked,General Discussion,0,26,"March 6, 2025 at 10:22 PM AEDT"
why always jinggg?,General Discussion,0,25,"May 12, 2023 at 9:10 PM AEST"
JINGGG IS BACK,General Discussion,7,25,"March 29, 2024 at 11:03 PM AEDT"
jinggg haters come here,General Discussion,0,25,"July 23, 2024 at 4:21 AM AEST"
-jinggg +jawgemo,General Discussion,0,25,"August 5, 2024 at 12:26 AM AEST"
Is Asuna the white jinggg,Off Topic,0,24,"May 14, 2022 at 9:45 AM AEST"
juicy 4 jinggg,General Discussion,0,24,"June 29, 2023 at 5:18 PM AEST"
jinggg future,General Discussion,0,24,"June 12, 2024 at 10:47 PM AEST"
jinggg come (serious),General Discussion,2,24,"August 11, 2024 at 8:58 PM AEST"
Jinggg leaving PRX?,General Discussion,0,24,"August 31, 2024 at 4:19 PM AEST"
Will Jinggg play a new agent today?,General Discussion,2,24,"November 24, 2024 at 11:07 PM AEDT"
Jinggg'sFamilyLawyer Come,General Discussion,4,24,"August 4, 2024 at 7:26 PM AEST"
jinggg not participating 2024 season,General Discussion,8,23,"August 22, 2023 at 8:17 PM AEST"
Jinggg's aim isnt talked about nearly enough.,General Discussion,0,23,"May 12, 2024 at 10:37 AM AEST"
why everybody hate jinggg,General Discussion,0,23,"May 31, 2024 at 9:02 PM AEST"
jinggg goat,General Discussion,0,23,"July 26, 2024 at 5:23 PM AEST"
donk vs jinggg,General Discussion,6,23,"February 5, 2025 at 12:51 AM AEDT"
jinggg smoker,General Discussion,0,23,"February 20, 2025 at 8:25 PM AEDT"
W JInggg,Off Topic,4,22,"February 12, 2023 at 9:52 AM AEDT"
no Jinggg,General Discussion,0,22,"April 15, 2023 at 6:50 PM AEST"
Jawg gapping Jinggg in his last vct match is crazy,General Discussion,0,22,"November 8, 2023 at 12:26 PM AEDT"
Jinggg prob a chaebol,Off Topic,1,22,"July 30, 2024 at 9:18 AM AEST"
“Monyet for Jinggg” debunked,General Discussion,0,22,"August 4, 2024 at 8:17 PM AEST"
Jinggg will dominate 2025,General Discussion,1,22,"October 16, 2024 at 10:26 PM AEDT"
jinggg vs donk,General Discussion,0,22,"March 14, 2025 at 3:16 AM AEDT"
jinggg comments,General Discussion,1,22,"March 23, 2025 at 9:51 PM AEDT"
Best player to replace jinggg,General Discussion,0,21,"September 6, 2023 at 11:29 PM AEST"
"""PRX don't need Jinggg""",General Discussion,1,21,"March 24, 2024 at 3:07 AM AEDT"
Jinggg laugh thread,General Discussion,0,21,"June 3, 2024 at 6:16 PM AEST"
Monyet>Jinggg,General Discussion,1,21,"February 2, 2025 at 3:21 AM AEDT"
Asspiss or Pissmie? Jinggg clears.,General Discussion,0,21,"July 29, 2024 at 2:25 AM AEST"
Jinggg on Omen,General Discussion,6,21,"March 30, 2025 at 7:54 PM AEDT"
Jinggg's future,General Discussion,8,20,"July 20, 2022 at 4:23 PM AEST"
F0rsaken asking Jinggg,General Discussion,34,20,"August 24, 2023 at 2:22 PM AEST"
Jinggg hate is crazy,General Discussion,6,20,"April 13, 2024 at 7:22 PM AEST"
Alecks says Jinggg is working on a different role,General Discussion,6,20,"July 13, 2024 at 8:49 PM AEST"
do jinggg or something go?,General Discussion,0,20,"February 3, 2025 at 3:45 AM AEDT"
PRX JINGGG,General Discussion,0,20,"March 23, 2025 at 9:28 PM AEDT"
WHO REPLACE JINGGG???,General Discussion,0,20,"August 27, 2023 at 5:18 AM AEST"
Jinggg stream title is fucked no?,General Discussion,0,20,"April 28, 2024 at 12:08 AM AEST"
Clueless ppl talking about jinggg,General Discussion,0,20,"July 13, 2024 at 7:24 PM AEST"
what is going on with jinggg?,General Discussion,0,19,"July 20, 2022 at 5:24 PM AEST"
JINGGG,General Discussion,0,19,"July 25, 2022 at 2:33 AM AEST"
Derke vs Jinggg,General Discussion,3,19,"February 2, 2023 at 1:42 PM AEDT"
Angel on the Shoulder: Monyet,General Discussion,27,67,"March 24, 2024 at 7:17 AM AEDT"
jinggg playing kj on stream!!!,General Discussion,2,19,"August 18, 2024 at 12:29 AM AEST"
Jinggg?,General Discussion,0,19,"December 19, 2024 at 9:26 PM AEDT"
Jinggg > f0rsaken,General Discussion,1,18,"March 26, 2022 at 9:10 PM AEDT"
skrossi > jinggg/f0rsaken/mixwell/zeek,General Discussion,0,18,"December 8, 2022 at 3:58 PM AEDT"
i genuinely wonder about jinggg and org,General Discussion,0,18,"March 30, 2025 at 8:02 PM AEDT"
Jinggg still positive,General Discussion,2,17,"July 22, 2022 at 5:46 PM AEST"
Jinggg vs F0rsaken,General Discussion,0,17,"August 25, 2022 at 1:58 PM AEST"
who can realistically replace jinggg,General Discussion,0,17,"August 27, 2023 at 10:51 AM AEST"
jinggg not that impressive?,General Discussion,0,17,"March 30, 2024 at 5:36 AM AEDT"
Jinggg to military,General Discussion,0,17,"July 13, 2024 at 7:55 PM AEST"
My king jinggg>kk,General Discussion,0,17,"November 25, 2024 at 7:24 AM AEDT"
Jinggg Indonesian?,General Discussion,1,17,"July 23, 2022 at 8:42 PM AEST"
Jinggg problem,General Discussion,4,17,"June 21, 2023 at 7:05 PM AEST"
jinggg,General Discussion,4,16,"August 20, 2023 at 5:18 AM AEST"
jinggg on it being his last tournament,General Discussion,4,16,"August 25, 2023 at 9:30 AM AEST"
jawgemo > jinggg,General Discussion,0,16,"July 13, 2024 at 7:17 PM AEST"
Jinggg’s situation,General Discussion,0,16,"August 27, 2023 at 5:06 PM AEST"
Jinggg agent pool,General Discussion,0,16,"June 3, 2024 at 6:14 PM AEST"
Happy for Jinggg,General Discussion,2,16,"November 25, 2024 at 12:37 AM AEDT"
Alfajer < Jinggg,General Discussion,0,15,"July 15, 2022 at 4:01 AM AEST"
Jinggg birthday ?,General Discussion,0,15,"July 30, 2023 at 12:54 AM AEST"
Jinggg and Khan,General Discussion,2,15,"August 25, 2023 at 10:06 PM AEST"
Jinggg’s Last Dance,General Discussion,2,15,"August 26, 2023 at 9:50 PM AEST"
was jinggg really the best raze last year?,General Discussion,0,15,"March 30, 2024 at 4:20 AM AEDT"
"""jinggg wont be as good as monyet!!!""",General Discussion,0,15,"April 14, 2024 at 5:38 AM AEST"
yay>jinggg,General Discussion,0,15,"July 13, 2024 at 9:29 PM AEST"
28 days till Jinggg wins Champions ?,General Discussion,0,15,"July 29, 2024 at 2:46 AM AEST"
Which jinggg are we getting tomorrow,General Discussion,0,15,"August 3, 2024 at 1:02 AM AEST"
Jinggg theory,General Discussion,3,15,"August 5, 2024 at 8:15 AM AEST"
prx jinggg,General Discussion,3,15,"August 27, 2023 at 10:04 AM AEST"
Juicy and jinggg,General Discussion,2,15,"April 27, 2024 at 10:17 PM AEST"
If I was HC of PRX...,General Discussion,2,62,"October 18, 2024 at 12:26 PM AEDT"
Prx Jinggg,General Discussion,0,15,"November 28, 2024 at 10:58 PM AEDT"
Polvi vs Jinggg agent pool comparison,General Discussion,4,14,"August 4, 2024 at 7:57 PM AEST"
Jinggg aura,General Discussion,0,14,"December 2, 2024 at 6:43 PM AEDT"
Come PRX Jinggg Fan,General Discussion,0,14,"February 10, 2025 at 2:37 AM AEDT"
Fav players from Reykjavik,General Discussion,3,47,"April 17, 2022 at 10:00 PM AEST"
Top 3 Best Raze Players Worldwide,General Discussion,1,46,"July 21, 2023 at 10:06 PM AEST"
Replacement for Jinggg,General Discussion,0,14,"September 13, 2023 at 5:09 PM AEST"
Yay Victor > F0rsaken Jinggg,General Discussion,0,13,"July 18, 2022 at 9:29 PM AEST"
Why Derke raze> Jinggg raze,General Discussion,0,13,"June 24, 2023 at 2:22 PM AEST"
Jinggg parent,General Discussion,0,13,"August 27, 2023 at 9:45 PM AEST"
JINGGG'S FINAL TOURNAMENT,General Discussion,0,13,"December 10, 2023 at 7:23 PM AEDT"
jinggg medical issue,General Discussion,24,13,"February 2, 2025 at 2:54 AM AEDT"
Jinggg mom,General Discussion,1,13,"March 3, 2025 at 10:23 PM AEDT"
JINGGG EGO,General Discussion,0,13,"August 27, 2023 at 9:07 AM AEST"
PRX next year,General Discussion,1,44,"September 15, 2023 at 10:19 PM AEST"
KR Raze GOD - Jinggg 2.0 ?,General Discussion,5,13,"September 27, 2023 at 2:53 AM AEST"
Paper Rex,General Discussion,1,50,"October 7, 2024 at 2:35 PM AEDT"
Jinggg national service,General Discussion,10,13,"March 6, 2025 at 9:17 PM AEDT"
Tenz vs Jinggg,General Discussion,0,12,"August 27, 2022 at 2:35 AM AEST"
KICK JINGGG FRAUD,General Discussion,0,12,"April 21, 2024 at 10:17 PM AEST"
McDonalds Jinggg,General Discussion,0,12,"June 5, 2024 at 11:43 PM AEST"
Jinggg need to learn kj/cypher,General Discussion,0,12,"July 14, 2024 at 5:16 PM AEST"
Jinggg has been horrendous so far,General Discussion,5,12,"August 4, 2024 at 7:43 PM AEST"
-Jinggg +rb?,General Discussion,0,12,"August 26, 2024 at 7:12 PM AEST"
Forsaken express interest to join FNATIC/M3C,General Discussion,8,96,"July 6, 2022 at 11:22 PM AEST"
APAC Come,General Discussion,1,86,"October 24, 2022 at 1:53 AM AEDT"
f0rsaken,General Discussion,2,40,"August 4, 2024 at 11:13 PM AEST"
Jinggg Tweet,General Discussion,0,11,"August 23, 2022 at 4:48 PM AEST"
jinggg aim,General Discussion,0,11,"September 2, 2022 at 8:08 AM AEST"
Met jinggg unrated today,General Discussion,0,11,"January 3, 2023 at 12:09 AM AEDT"
JINGGG ON PHOENIX,General Discussion,1,11,"August 20, 2023 at 7:04 AM AEST"
People saying Monyet is better than Jinggg,General Discussion,0,11,"March 24, 2024 at 3:01 AM AEDT"
The return of Jinggg,General Discussion,0,11,"April 1, 2024 at 11:07 PM AEDT"
Jinggg>midyet,General Discussion,0,11,"April 8, 2024 at 12:45 AM AEST"
Yay or Jinggg?,General Discussion,0,11,"April 8, 2024 at 5:34 AM AEST"
Wo0t is no throw version of jinggg??,General Discussion,0,11,"June 8, 2024 at 5:47 PM AEST"
EDG Jinggg,General Discussion,2,11,"August 14, 2024 at 10:01 PM AEST"
Do PRX even need Jinggg?,General Discussion,0,11,"September 28, 2024 at 1:08 AM AEST"
JINGGG VS MONYET,General Discussion,9,11,"November 21, 2024 at 9:35 PM AEDT"
im so sad for jinggg man,General Discussion,13,11,"August 27, 2023 at 9:25 AM AEST"
Every agent GOAT,General Discussion,0,108,"September 19, 2023 at 7:21 AM AEST"
best phoenix,General Discussion,1,48,"October 22, 2023 at 2:01 PM AEDT"
Zekken raze vs Jinggs raze for #1,General Discussion,8,115,"March 30, 2024 at 3:20 AM AEDT"
Rank These Razes,General Discussion,0,31,"July 12, 2024 at 9:07 AM AEST"
What is limiting PRX?,General Discussion,1,73,"July 13, 2024 at 8:39 PM AEST"
jinggg replacement,General Discussion,0,11,"July 20, 2024 at 9:17 PM AEST"
"Prx: good, bad and the ugly",General Discussion,1,30,"July 21, 2024 at 11:19 PM AEST"
PRX Jinggg tested positive :c,General Discussion,0,10,"July 17, 2022 at 11:12 PM AEST"
Jinggg brain dead?,General Discussion,0,9,"July 23, 2022 at 2:53 AM AEST"
We can't let the Singapore government take Jinggg,General Discussion,7,10,"June 24, 2023 at 3:05 PM AEST"
Jinggg Female?,Off Topic,0,10,"August 16, 2023 at 10:07 AM AEST"
Jinggg..,General Discussion,0,10,"February 19, 2024 at 6:26 PM AEDT"
ZEKKEN VS JINGGG,General Discussion,0,10,"March 30, 2024 at 2:23 AM AEDT"
Is Jinggg better than Zekken?,General Discussion,0,10,"March 30, 2024 at 9:57 AM AEDT"
JINGGG & MONYET,General Discussion,18,10,"April 13, 2024 at 7:15 PM AEST"
I worked for Jinggg and he is a fraud,General Discussion,3,10,"September 3, 2024 at 2:53 AM AEST"
jinggg can lift trophy,General Discussion,0,10,"November 26, 2024 at 1:54 AM AEDT"
Pray everyday for Jinggg to comeback in form,General Discussion,2,10,"February 27, 2025 at 2:03 AM AEDT"
",,Updated"" TOP 20 PLAYERS OF THE YEAR",General Discussion,0,49,"August 28, 2023 at 2:44 AM AEST"
Jinggg really is jesus christ,General Discussion,9,10,"December 5, 2023 at 9:59 PM AEDT"
fan message to jinggg,General Discussion,5,10,"December 10, 2023 at 10:59 PM AEDT"
Who is the best raze player?,General Discussion,0,58,"March 22, 2024 at 1:02 AM AEDT"
Is Miniboo Trying Hard to Be jinggg?,General Discussion,0,10,"June 27, 2024 at 4:02 AM AEST"
Jingg,General Discussion,42,90,"July 13, 2024 at 6:28 PM AEST"
where the monyet haters at?,General Discussion,23,70,"July 20, 2024 at 10:50 PM AEST"
PRX Roster Rankings,General Discussion,0,25,"January 27, 2025 at 11:48 AM AEDT"
Jinggg Twitter comments,General Discussion,2,10,"March 30, 2025 at 10:23 PM AEDT"
JINGGG SURPASS TENZ???,General Discussion,0,9,"June 20, 2023 at 10:53 AM AEST"
Jinggg > something,General Discussion,0,9,"August 25, 2023 at 11:03 AM AEST"
Jinggg !!!!!!!,General Discussion,1,9,"August 27, 2023 at 3:22 AM AEST"
We Found Jinggg Replacement,General Discussion,2,9,"August 29, 2023 at 6:52 PM AEST"
is Jinggg jesus christ?,General Discussion,6,9,"December 5, 2023 at 8:53 PM AEDT"
jinggg and yay,General Discussion,0,9,"February 20, 2024 at 11:42 PM AEDT"
prx and jinggg,General Discussion,0,9,"March 19, 2024 at 6:36 PM AEDT"
Jinggg is prx as player,General Discussion,0,9,"July 21, 2024 at 1:17 AM AEST"
JINGGG the KINGGG,General Discussion,2,9,"November 25, 2024 at 4:46 AM AEDT"
Jinggg Omen,General Discussion,6,9,"March 30, 2025 at 8:21 PM AEDT"
Life and KangKang = Forsaken and Jinggg ?,General Discussion,0,9,"August 12, 2022 at 9:23 PM AEST"
GAME: Pro players skins,General Discussion,0,21,"May 31, 2023 at 7:37 AM AEST"
This or that ? (2),General Discussion,0,29,"June 30, 2023 at 4:51 PM AEST"
is kangkang the best asian player ever?,General Discussion,0,46,"July 20, 2023 at 10:36 AM AEST"
Zekken imo is the best duelist in the world,General Discussion,0,55,"December 16, 2023 at 6:14 AM AEDT"
"Jinggg back to roste, how this affect c9 legacy??",General Discussion,0,9,"March 29, 2024 at 11:50 PM AEDT"
monyet derangement syndrome,General Discussion,12,34,"April 3, 2024 at 1:36 PM AEDT"
Jinggg about to become jonggg,General Discussion,7,9,"July 20, 2024 at 6:05 PM AEST"
PRX thoughts?,General Discussion,1,54,"July 20, 2024 at 11:50 PM AEST"
Jinggg deadlock,General Discussion,0,9,"November 25, 2024 at 12:02 AM AEDT"
prx player ranking,General Discussion,5,45,"November 25, 2024 at 7:07 AM AEDT"
Demon1 vs Jinggg?,General Discussion,0,9,"February 2, 2025 at 2:10 AM AEDT"
Jinggg best raze itw,Off Topic,0,8,"May 20, 2023 at 10:12 PM AEST"
Jinggg's dad,General Discussion,0,8,"May 27, 2023 at 2:17 PM AEST"
JINGGG JUDGE,General Discussion,0,8,"August 20, 2023 at 5:22 AM AEST"
Jinggg the type of guy,General Discussion,0,8,"August 27, 2023 at 2:59 AM AEST"
“Jinggg help us!”,General Discussion,0,8,"December 5, 2023 at 8:13 PM AEDT"
Jinggg & zellsis,General Discussion,0,8,"March 16, 2024 at 4:38 AM AEDT"
jinggg or something,General Discussion,0,8,"April 8, 2024 at 4:10 AM AEST"
"role, aimstyle, and jinggg",General Discussion,0,8,"December 22, 2024 at 3:15 AM AEDT"
Is Jinggg the Best in the WORLD?,General Discussion,3,8,"September 2, 2022 at 5:59 AM AEST"
Xccurate to PRX?,General Discussion,0,43,"September 24, 2022 at 2:41 AM AEST"
APAC fans come,General Discussion,0,98,"November 2, 2022 at 11:22 PM AEDT"
Rank These 10 Pacific Players,General Discussion,0,13,"March 3, 2023 at 6:17 PM AEDT"
the future of PRX,General Discussion,7,94,"March 8, 2023 at 2:16 AM AEDT"
jinggg :(,General Discussion,1,8,"June 22, 2023 at 2:44 PM AEST"
Top 10 duelists rn,General Discussion,5,62,"July 25, 2023 at 2:34 AM AEST"
"Something Fraud , But Jinggg",General Discussion,0,8,"August 20, 2023 at 5:32 AM AEST"
All-VCT Team Voting,General Discussion,2,87,"August 26, 2023 at 3:48 PM AEST"
prx are better?,General Discussion,0,26,"September 21, 2023 at 3:54 PM AEST"
Demon1 vs Aspas,General Discussion,0,44,"January 12, 2024 at 3:16 AM AEDT"
lets be honest (prx fans and haters come),General Discussion,11,26,"February 25, 2024 at 9:26 PM AEDT"
PRX glazers come,General Discussion,0,38,"March 30, 2024 at 2:39 AM AEDT"
jinggg is back,General Discussion,1,8,"March 30, 2024 at 3:07 AM AEDT"
Top 5 Favorite Players,General Discussion,1,56,"May 11, 2024 at 10:11 AM AEST"
Jinggg res,General Discussion,0,8,"June 3, 2024 at 8:15 PM AEST"
It's not about Jinggg vs Monyet,General Discussion,1,8,"June 3, 2024 at 8:54 PM AEST"
Why is jinggg on iso?,General Discussion,0,8,"June 22, 2024 at 10:42 PM AEST"
Why Couldnt Jinggg Stay In Military,General Discussion,0,8,"July 13, 2024 at 8:06 PM AEST"
I love you ? jinggg ?,Off Topic,4,8,"July 26, 2024 at 5:08 PM AEST"
Jinggg Pi,General Discussion,2,8,"August 4, 2024 at 7:36 PM AEST"
HOLYY ICY DOING JINGGG'S PLAY,General Discussion,0,8,"August 7, 2024 at 11:40 PM AEST"
PRX COPE,General Discussion,0,31,"October 24, 2024 at 8:34 PM AEDT"
Jinggg and Benkai,General Discussion,1,7,"April 19, 2022 at 7:53 AM AEST"
Jinggg Covid Update,General Discussion,0,7,"July 24, 2022 at 7:15 PM AEST"
PRX jinggg trashtalk mr fallin,General Discussion,0,7,"August 14, 2023 at 11:47 AM AEST"
"Jinggg, Something, f0rsaken",General Discussion,0,7,"August 20, 2023 at 7:31 AM AEST"
Jinggg could have been the best duelist in 2024 :(,General Discussion,5,7,"August 26, 2023 at 5:22 AM AEST"
Texture is the new Jinggg,General Discussion,0,7,"March 15, 2024 at 7:17 AM AEDT"
Jinggg in change for Xccurate??,General Discussion,0,7,"August 6, 2024 at 5:42 PM AEST"
Jinggg Deadlock is back,General Discussion,1,7,"November 28, 2024 at 8:07 PM AEDT"
Jinggg KJ,General Discussion,1,7,"December 1, 2024 at 1:20 AM AEDT"
world no.1 roster,General Discussion,3,63,"April 18, 2022 at 7:19 AM AEST"
"TOP 5 CURRENTLY ON MASTERS, BY PERFORMANCE.",General Discussion,0,21,"April 19, 2022 at 5:01 PM AEST"
OpTic anime arc,General Discussion,6,17,"July 13, 2022 at 1:21 AM AEST"
-JINGGG,General Discussion,0,7,"September 1, 2022 at 2:51 AM AEST"
Jinggg Reyna,General Discussion,0,7,"September 8, 2022 at 12:54 AM AEST"
Players u love and hate the most,General Discussion,0,75,"September 27, 2022 at 6:10 AM AEST"
Overhyping patiphan???,General Discussion,8,58,"October 26, 2022 at 2:18 AM AEDT"
Best org and top 3 players in EU/NA/APAC next year,General Discussion,2,12,"October 26, 2022 at 2:51 PM AEDT"
Jinggg and F0rsaken,General Discussion,0,7,"November 20, 2022 at 10:32 PM AEDT"
Rank These 10 Duelists,General Discussion,0,31,"March 27, 2023 at 4:13 PM AEDT"
Best Raze itw,General Discussion,0,34,"May 28, 2023 at 8:53 PM AEST"
PRX fans come,General Discussion,6,15,"June 11, 2023 at 2:03 AM AEST"
Jinggg 0.96,General Discussion,0,7,"June 20, 2023 at 7:45 PM AEST"
Jinggg exposed,Off Topic,-13,7,"June 24, 2023 at 5:41 PM AEST"
TOP 3 ENTRY FRAGGER IN CHAMPS 2023,General Discussion,0,49,"August 2, 2023 at 4:21 PM AEST"
early EG/Demon1/Boostio LAUGH THREAD,General Discussion,0,12,"August 27, 2023 at 5:30 AM AEST"
Who do you think will replace Jinggg?,General Discussion,0,7,"August 27, 2023 at 10:06 PM AEST"
The player you love-like-dislike-hate,General Discussion,0,53,"August 28, 2023 at 12:34 AM AEST"
First player to come to mind for every letter,General Discussion,0,40,"September 12, 2023 at 4:27 AM AEST"
Jinggg is an ex-SMG player,General Discussion,0,7,"November 29, 2023 at 8:06 PM AEDT"
VLR 2023 VCT Vote,General Discussion,8,75,"December 20, 2023 at 3:46 PM AEDT"
I have a Complaint / Issue about Jinggg,Off Topic,0,7,"March 8, 2024 at 9:24 PM AEDT"
best raze each region,General Discussion,0,29,"March 14, 2024 at 5:17 AM AEDT"
Zekken and jingss raze,General Discussion,1,22,"March 17, 2024 at 4:12 AM AEDT"
Best duelist in each league,General Discussion,0,10,"April 15, 2024 at 11:52 AM AEST"
Best raze player,General Discussion,1,79,"May 2, 2024 at 11:48 PM AEST"
Davaii is incredible,General Discussion,2,37,"July 5, 2024 at 8:45 PM AEST"
CHAMPS 24 PRED FORM,General Discussion,16,85,"July 19, 2024 at 12:27 PM AEST"
Jinggg 28/14 on neon,General Discussion,1,7,"July 20, 2024 at 7:55 PM AEST"
repping monyet cus of flag,General Discussion,0,25,"July 20, 2024 at 11:32 PM AEST"
prx changes?,General Discussion,0,35,"July 21, 2024 at 3:32 AM AEST"
prx ascent comp,General Discussion,2,35,"July 27, 2024 at 3:23 PM AEST"
does jinggg have the worst neon,General Discussion,0,7,"August 4, 2024 at 7:19 PM AEST"
WHY YALL MFS SINGLING OUT J0NGGG?,General Discussion,1,31,"August 4, 2024 at 8:06 PM AEST"
PRX,General Discussion,0,19,"August 6, 2024 at 12:30 AM AEST"
PRX RIYAL FIX,General Discussion,1,29,"August 17, 2024 at 10:37 AM AEST"
WHO HAS BETTER AIM SAME SENS EDITION,General Discussion,0,29,"December 1, 2024 at 6:21 AM AEDT"
Can PRX's flexibility win them master in vct 2025,General Discussion,2,39,"December 2, 2024 at 11:20 PM AEDT"
What PRX will do,General Discussion,0,28,"March 5, 2025 at 12:04 AM AEDT"
What i would change in prx as a fan,General Discussion,0,37,"March 17, 2025 at 10:22 PM AEDT"
PRX jinggg,General Discussion,0,6,"May 1, 2023 at 10:31 PM AEST"
Jinggg...,General Discussion,0,6,"August 27, 2023 at 8:24 AM AEST"
jinggg changed his res?,General Discussion,0,6,"December 6, 2023 at 5:17 AM AEDT"
Jinggg toxic,General Discussion,0,6,"December 7, 2023 at 7:07 PM AEDT"
jinggg if you can hear me,General Discussion,0,6,"March 18, 2024 at 6:31 AM AEDT"
PRX Jinggg Replacement,General Discussion,2,6,"March 18, 2024 at 6:58 AM AEDT"
the difference between moneyYt and Jinggg .,General Discussion,0,6,"May 12, 2024 at 10:51 PM AEST"
Jinggg NEON PTSD,General Discussion,0,6,"July 5, 2024 at 6:15 PM AEST"
JINGGG PI?,General Discussion,1,6,"July 20, 2024 at 10:37 PM AEST"
Jinggg and aspas trialing with EG,General Discussion,4,6,"September 28, 2024 at 2:44 AM AEST"
SMTH/JINGGG Problem same as Tenz Case?,General Discussion,1,6,"February 4, 2025 at 12:46 AM AEDT"
Hottest prospects for 2022?,General Discussion,1,72,"January 4, 2022 at 11:36 PM AEDT"
F0rsaken and Jing vs Derke and Alfajer,General Discussion,0,85,"June 25, 2022 at 9:25 PM AEST"
FNATIC L...LOST ? TF ?,General Discussion,0,27,"July 18, 2022 at 4:46 AM AEST"
Best valorant player,General Discussion,0,45,"July 25, 2022 at 11:45 PM AEST"
Plat Chat Top 10 players at Champions Istanbul,General Discussion,3,100,"August 25, 2022 at 4:33 AM AEST"
PRX LOSE TO THIS?,General Discussion,0,12,"September 12, 2022 at 5:02 AM AEST"
KellyS #1 Duelist Pacific,General Discussion,0,23,"October 8, 2022 at 3:23 PM AEDT"
Best Reyna Pro,General Discussion,2,15,"November 4, 2022 at 4:11 AM AEDT"
The Top 30 Players in Valorant Franchising,General Discussion,0,86,"January 7, 2023 at 3:59 AM AEDT"
Top 10 players heading into the 2023 VCT,General Discussion,6,54,"February 26, 2023 at 4:42 AM AEDT"
PRX something,Off Topic,40,113,"March 4, 2023 at 12:00 AM AEDT"
PRX something roles?,General Discussion,0,29,"March 22, 2023 at 11:20 PM AEDT"
All-APAC team?,General Discussion,0,33,"April 12, 2023 at 5:48 AM AEST"
Best raze itw?,General Discussion,2,28,"June 17, 2023 at 7:46 PM AEST"
whos the best player that hasn't won a major yet,General Discussion,1,28,"July 17, 2023 at 1:29 PM AEST"
Come watch some exclusive JINGGG BRIMSTONE,General Discussion,1,6,"July 17, 2023 at 10:03 PM AEST"
Sayf is a top 3 duelist itw,General Discussion,0,61,"July 25, 2023 at 2:44 AM AEST"
keznit gonna raze diff jinggg,General Discussion,0,6,"August 10, 2023 at 5:09 AM AEST"
Something overrated AF,General Discussion,0,32,"August 15, 2023 at 6:40 AM AEST"
Jinggg elite Raze,General Discussion,0,6,"August 25, 2023 at 7:00 AM AEST"
PRX Players Ranked,General Discussion,1,10,"August 25, 2023 at 11:15 AM AEST"
Jinggg Replacement!!,General Discussion,4,6,"September 1, 2023 at 3:19 PM AEST"
prx truth next year,General Discussion,0,24,"September 15, 2023 at 6:43 AM AEST"
top 10 duelists in the world current,General Discussion,0,46,"October 13, 2023 at 11:42 AM AEDT"
APAC FINISHED,General Discussion,0,77,"October 18, 2023 at 7:36 PM AEDT"
Rosters that DOWNGRADED,General Discussion,0,38,"October 28, 2023 at 1:46 AM AEDT"
vlr stat scraper ^-^,Off Topic,104,1471,"November 22, 2023 at 4:01 PM AEDT"
mfs NEEDED JINGG,General Discussion,0,56,"December 5, 2023 at 8:54 PM AEDT"
Dear SEN fans,General Discussion,9,14,"December 5, 2023 at 10:14 PM AEDT"
Just sent jinggg to military already,General Discussion,0,6,"December 10, 2023 at 10:40 PM AEDT"
o7 JINGGG,General Discussion,0,6,"December 10, 2023 at 10:54 PM AEDT"
Who is the GOAT of Valorant?,General Discussion,0,63,"March 7, 2024 at 11:17 AM AEDT"
PRX are the most toxic team in VCT (reminder),General Discussion,0,198,"March 18, 2024 at 8:41 AM AEDT"
Jingg return PRX is real good thing?,General Discussion,0,14,"March 31, 2024 at 7:26 AM AEDT"
Pacific matches,General Discussion,0,37,"April 6, 2024 at 3:39 AM AEDT"
Top 3 Favorite Players for Every Region,General Discussion,0,20,"April 8, 2024 at 3:15 PM AEST"
Keznit + Heat,General Discussion,1,22,"April 9, 2024 at 9:33 AM AEST"
PRX Breeze,General Discussion,0,17,"April 19, 2024 at 6:25 PM AEST"
Jingg fans,General Discussion,18,34,"April 21, 2024 at 9:40 PM AEST"
what does this mean for jinggg,General Discussion,0,6,"April 22, 2024 at 2:41 AM AEST"
emea has the best player for almost every agent...,General Discussion,0,61,"April 25, 2024 at 10:24 AM AEST"
"I will give 10,000 v bucks",General Discussion,1,91,"May 18, 2024 at 3:09 PM AEST"
Bring back Monyet? is Jinggg the problem?,General Discussion,0,6,"May 31, 2024 at 8:44 PM AEST"
Deeply disappointed in PRX,General Discussion,67,84,"June 4, 2024 at 1:45 AM AEST"
PRX Comp Change Suggestions,General Discussion,1,24,"June 7, 2024 at 1:13 PM AEST"
PRX COMP ON ICEBOX,General Discussion,1,9,"July 13, 2024 at 7:15 PM AEST"
PRX problem right now,General Discussion,1,23,"July 14, 2024 at 8:33 PM AEST"
j0nng girl suckers come,General Discussion,10,46,"July 26, 2024 at 5:04 PM AEST"
jingggsfamilylawyer come,General Discussion,7,72,"July 30, 2024 at 7:36 AM AEST"
PRX comps,General Discussion,0,18,"August 11, 2024 at 9:27 PM AEST"
MINDFREAK AND JINGGG ENTER FREE AGENCY WTFF ??,General Discussion,0,6,"September 8, 2024 at 9:10 PM AEST"
prx roster,General Discussion,0,27,"September 10, 2024 at 3:21 PM AEST"
PRX Hyunminn,General Discussion,0,31,"September 12, 2024 at 1:26 AM AEST"
J0nggg is not as good on Raze as you think,General Discussion,12,42,"September 21, 2024 at 2:28 AM AEST"
PRX something initiator,General Discussion,1,22,"September 24, 2024 at 11:30 PM AEST"
Jinggg and Mindfreak announce free agency,General Discussion,0,6,"October 7, 2024 at 4:53 PM AEDT"
J0nggg,General Discussion,11,31,"November 19, 2024 at 6:36 PM AEDT"
goat of every role,General Discussion,0,97,"November 20, 2024 at 1:08 PM AEDT"
PRX can win everything,General Discussion,0,8,"November 21, 2024 at 11:15 PM AEDT"
my formal apology to jinggg,Off Topic,4,6,"November 21, 2024 at 11:25 PM AEDT"
hynix pacific player tier list,General Discussion,0,51,"January 3, 2025 at 4:27 AM AEDT"
PRX let me cook,General Discussion,0,19,"January 27, 2025 at 4:10 AM AEDT"
prx 2026,General Discussion,0,47,"February 2, 2025 at 4:33 AM AEDT"
PRX real fix,General Discussion,0,34,"February 3, 2025 at 12:22 AM AEDT"
does prx need a team change or a playstyle change?,General Discussion,0,44,"February 11, 2025 at 9:26 PM AEDT"
new prx roles,General Discussion,1,12,"February 19, 2025 at 10:02 PM AEDT"
build the ultimate player,General Discussion,0,23,"February 23, 2025 at 1:18 AM AEDT"
who is PRX kicking,General Discussion,4,33,"March 4, 2025 at 9:42 PM AEDT"
2026 predictions for the prx players,General Discussion,0,16,"March 30, 2025 at 9:18 PM AEDT"
"Ever heard of Jinggg, Mixwell?",General Discussion,2,5,"April 18, 2022 at 8:47 AM AEST"
Prx jinggg thrower,General Discussion,0,5,"April 22, 2023 at 8:15 PM AEST"
Jinggg twerking,General Discussion,0,5,"September 16, 2023 at 10:13 PM AEST"
Without jinggg,General Discussion,0,5,"March 18, 2024 at 8:23 AM AEDT"
jinggg song,General Discussion,0,5,"November 28, 2024 at 9:30 PM AEDT"
jinggg reyna wow,General Discussion,0,5,"April 16, 2022 at 3:12 AM AEST"
Jinggg and f0rsakeN,General Discussion,0,5,"April 19, 2022 at 2:42 PM AEST"
is jinggg still gonnna play?,General Discussion,0,5,"May 5, 2022 at 8:35 AM AEST"
Plat Chat - Rank Best Player in Copenhagen,General Discussion,0,13,"July 19, 2022 at 7:32 PM AEST"
if i get a dollar everytime jinggg hit a raze ult,General Discussion,0,5,"July 25, 2022 at 3:42 AM AEST"
i guess the team you hate,General Discussion,0,226,"August 22, 2022 at 5:26 AM AEST"
Paper Rex :(,General Discussion,38,55,"September 8, 2022 at 3:36 AM AEST"
Best raze,General Discussion,1,49,"September 9, 2022 at 9:48 PM AEST"
Valorant World Cup 2023,General Discussion,0,107,"November 13, 2022 at 7:07 PM AEDT"
PRX vs GE,General Discussion,0,45,"November 19, 2022 at 2:26 AM AEDT"
JINGGG?,General Discussion,0,5,"February 15, 2023 at 11:14 AM AEDT"
Your top 5 favourite Val players?,General Discussion,3,120,"March 29, 2023 at 11:07 PM AEDT"
Wholesome Jinggg Content w/ his mother :D,Off Topic,0,5,"April 7, 2023 at 12:36 AM AEST"
Best pro for every agent,General Discussion,0,37,"May 7, 2023 at 1:07 PM AEST"
Who is ur top 10 favorite players,General Discussion,0,44,"June 1, 2023 at 5:14 AM AEST"
Jawgemo styling on Jinggg,General Discussion,0,5,"June 24, 2023 at 5:49 PM AEST"
vlr users who are your top 10 pro valorant players,General Discussion,0,51,"June 27, 2023 at 3:44 PM AEST"
Best region in SEA,General Discussion,0,28,"July 9, 2023 at 11:07 PM AEST"
PRX Monyet,General Discussion,1,24,"July 19, 2023 at 10:20 PM AEST"
PRX fans and haters come,General Discussion,2,54,"July 27, 2023 at 12:35 PM AEST"
TMV Top 10 Players,General Discussion,0,47,"July 29, 2023 at 1:23 AM AEST"
what is your top 10 favorite players this event?,General Discussion,0,17,"July 31, 2023 at 2:56 AM AEST"
Best raze itw,General Discussion,0,36,"July 31, 2023 at 4:10 AM AEST"
VLR Choice for Best Aimer,General Discussion,0,49,"August 11, 2023 at 4:55 PM AEST"
Indians come,General Discussion,0,9,"August 19, 2023 at 4:09 PM AEST"
Your top 10 players,General Discussion,0,30,"August 20, 2023 at 2:59 AM AEST"
PRX best bet,General Discussion,2,43,"August 22, 2023 at 10:09 PM AEST"
Drop your,General Discussion,0,33,"August 24, 2023 at 1:44 AM AEST"
top players so far,General Discussion,1,37,"August 26, 2023 at 10:29 AM AEST"
Jinggg GIGACHAD,General Discussion,0,5,"August 27, 2023 at 7:32 AM AEST"
jingggs jett vs forsakens raze,General Discussion,0,11,"October 23, 2023 at 11:55 PM AEDT"
Top 5 razes ITW?,General Discussion,0,61,"October 27, 2023 at 11:53 AM AEDT"
comparing the emea league vs pacific league,General Discussion,1,36,"November 16, 2023 at 7:29 PM AEDT"
Nicest player,Off Topic,0,30,"November 26, 2023 at 7:14 PM AEDT"
Prx having is bad or is just showing mist side,General Discussion,0,34,"December 10, 2023 at 11:47 PM AEDT"
let’s play a game,General Discussion,0,98,"December 12, 2023 at 11:22 AM AEDT"
Super TEAM in every region,General Discussion,2,65,"December 20, 2023 at 9:45 PM AEDT"
APAC SUPER TEAM,General Discussion,0,33,"December 25, 2023 at 12:20 PM AEDT"
Best player on each agent,General Discussion,0,85,"January 22, 2024 at 1:59 PM AEDT"
PRX JAWGEMO,General Discussion,0,36,"January 28, 2024 at 11:07 PM AEDT"
Disgusting,General Discussion,2,14,"March 18, 2024 at 5:39 AM AEDT"
INDO MASUK,General Discussion,7,46,"March 18, 2024 at 7:18 AM AEDT"
Monyet???,Off Topic,7,29,"March 24, 2024 at 2:59 AM AEDT"
Forsaken is mad on Monyet?,General Discussion,9,89,"March 24, 2024 at 5:33 AM AEDT"
Monyet Haters,General Discussion,4,43,"March 24, 2024 at 6:24 AM AEDT"
Jinggg really said,General Discussion,1,5,"March 29, 2024 at 11:24 PM AEDT"
indo fans come (PRX),General Discussion,1,55,"April 13, 2024 at 3:10 PM AEST"
prx fans come,General Discussion,7,15,"April 13, 2024 at 8:57 PM AEST"
if PRX disband,General Discussion,0,98,"April 17, 2024 at 4:37 AM AEST"
top 5 in each role(at their peak),General Discussion,0,130,"April 24, 2024 at 12:27 AM AEST"
TH fans come real quick,General Discussion,0,56,"May 10, 2024 at 5:22 PM AEST"
I fear jingggs future,General Discussion,1,25,"June 1, 2024 at 1:26 PM AEST"
PRX breeze,General Discussion,1,24,"June 3, 2024 at 6:41 PM AEST"
Why is Jingg being blamed??,General Discussion,0,49,"June 3, 2024 at 8:51 PM AEST"
valorant men id trust with my drink,General Discussion,23,64,"June 17, 2024 at 4:05 AM AEST"
PRX REBUILD,General Discussion,0,53,"July 9, 2024 at 7:52 PM AEST"
Aspas and Jinggg on which region,General Discussion,0,5,"August 4, 2024 at 3:06 AM AEST"
PRX main problem,General Discussion,1,25,"August 4, 2024 at 7:06 PM AEST"
prx icebox,General Discussion,0,15,"August 4, 2024 at 10:53 PM AEST"
Why does everyone hate PRX now,General Discussion,0,40,"August 5, 2024 at 12:46 PM AEST"
PRX roster changes,General Discussion,2,40,"August 11, 2024 at 10:34 PM AEST"
"if you are PRX coach, would you rather",General Discussion,0,36,"August 11, 2024 at 11:14 PM AEST"
not braindead roster ideas(for teams i like),General Discussion,0,18,"August 12, 2024 at 10:34 PM AEST"
ChatGPT talking about you,General Discussion,15,406,"October 10, 2024 at 11:31 PM AEDT"
pros you cant really hate,General Discussion,0,115,"October 20, 2024 at 4:57 AM AEDT"
PRX fix,General Discussion,0,31,"October 22, 2024 at 2:20 PM AEDT"
GOAT of Every Agent,General Discussion,0,124,"October 29, 2024 at 4:49 PM AEDT"
jinggg's health,Off Topic,0,5,"November 24, 2024 at 6:58 PM AEDT"
Prx,General Discussion,5,17,"December 1, 2024 at 11:52 PM AEDT"
fraud teams,General Discussion,0,53,"December 8, 2024 at 8:28 PM AEDT"
Goat of Every Agent,General Discussion,0,88,"December 20, 2024 at 9:38 PM AEDT"
PRX Primmie,General Discussion,1,17,"February 22, 2025 at 1:08 PM AEDT"
JAWGEMO VS JINGG,General Discussion,0,29,"February 26, 2025 at 5:37 PM AEDT"
my personal prx,General Discussion,0,17,"March 5, 2025 at 5:25 AM AEDT"
PRX FANS UNITE,General Discussion,4,49,"March 23, 2025 at 6:40 PM AEDT"
karon vs jinggg,General Discussion,2,5,"March 30, 2025 at 7:51 PM AEDT"
Jinggg added to paper Rex before lcq,General Discussion,0,4,"September 29, 2021 at 12:33 AM AEST"
AOE xing > PRX jinggg,General Discussion,0,4,"May 6, 2022 at 9:04 AM AEST"
Lev Kingg > PRX Jinggg,General Discussion,0,4,"July 16, 2022 at 4:43 PM AEST"
JINGGG FINALLY DID IT,General Discussion,1,4,"June 24, 2023 at 2:58 PM AEST"
better raze than jinggg,General Discussion,0,4,"July 8, 2023 at 9:38 PM AEST"
Jinggg the best raze outside Indonesia,General Discussion,0,4,"August 25, 2023 at 5:39 AM AEST"
Jinggg back truth...,General Discussion,0,4,"March 29, 2024 at 11:40 PM AEDT"
Jinggg's Raze,General Discussion,0,4,"April 3, 2024 at 6:34 PM AEDT"
jinggg plush,Off Topic,0,4,"April 7, 2024 at 10:32 PM AEST"
Jinggg contract,General Discussion,0,4,"August 4, 2024 at 8:04 PM AEST"
Jinggg & d4v4i,General Discussion,0,4,"November 23, 2024 at 12:50 AM AEDT"
This is why Jinggg is GOAT,General Discussion,0,4,"December 1, 2024 at 11:48 PM AEDT"
who is the best SEA player/aimer?,General Discussion,1,23,"January 8, 2022 at 11:56 PM AEDT"
Prx are just like ge??,General Discussion,0,88,"March 27, 2022 at 8:33 PM AEDT"
Ranking the Remaining Players at Masters,General Discussion,0,18,"April 20, 2022 at 7:40 AM AEST"
Best secondary duelists in the world,General Discussion,0,48,"April 29, 2022 at 9:52 PM AEST"
best of each agent,General Discussion,0,26,"May 5, 2022 at 1:40 AM AEST"
Top 5 fraggers WORLD,General Discussion,0,39,"May 12, 2022 at 3:29 PM AEST"
Make your Global Super Team,General Discussion,1,51,"May 16, 2022 at 1:18 PM AEST"
PRX f0rsakeN,General Discussion,0,31,"May 19, 2022 at 6:41 PM AEST"
Top 20 2022,General Discussion,1,36,"June 8, 2022 at 4:57 PM AEST"
Team with the most firepower?,General Discussion,0,55,"June 13, 2022 at 2:35 AM AEST"
top 5 flex players itw,General Discussion,0,30,"June 29, 2022 at 7:46 AM AEST"
PRX salary,General Discussion,4,99,"June 29, 2022 at 7:25 PM AEST"
Top aimers in Copenhagen,General Discussion,0,50,"July 20, 2022 at 12:14 AM AEST"
PRX gonna fall apart next year? :((((,General Discussion,0,42,"July 20, 2022 at 1:26 PM AEST"
BLEED offered 2.6 M to forsaken,General Discussion,4,38,"July 23, 2022 at 8:28 PM AEST"
Agent pool of Paper Rex,General Discussion,0,25,"July 24, 2022 at 7:02 PM AEST"
Top 5 players WORLD,General Discussion,0,37,"July 25, 2022 at 5:59 AM AEST"
Top 3 best players in the world rn,General Discussion,1,51,"July 25, 2022 at 5:02 PM AEST"
real TOP 10 APAC player (individual),General Discussion,0,32,"July 28, 2022 at 4:37 PM AEST"
Top 10 most skilled players of your region,General Discussion,6,114,"July 29, 2022 at 11:09 AM AEST"
ODER so bad,General Discussion,0,22,"August 2, 2022 at 7:18 PM AEST"
bleed = money cant buy success,General Discussion,5,43,"August 6, 2022 at 10:19 PM AEST"
Best player with each agent?,General Discussion,0,101,"August 7, 2022 at 9:45 AM AEST"
SEA franchising teams,General Discussion,0,37,"August 10, 2022 at 1:56 AM AEST"
Your top 5 players,General Discussion,0,19,"August 16, 2022 at 1:00 PM AEST"
What would your VAL Roster be,General Discussion,0,73,"August 23, 2022 at 11:11 PM AEST"
What regions makes the best players,General Discussion,0,69,"August 27, 2022 at 10:41 PM AEST"
Banger,General Discussion,2,21,"September 5, 2022 at 9:49 AM AEST"
Liquid vs prx,General Discussion,1,28,"September 5, 2022 at 2:16 PM AEST"
drop your Dream Team till date here,General Discussion,0,40,"September 7, 2022 at 1:53 PM AEST"
Which team has cutest player ?,General Discussion,0,44,"September 7, 2022 at 3:13 PM AEST"
TOP 5 PLAYERS ITW,General Discussion,0,64,"September 10, 2022 at 4:08 AM AEST"
dream team?,General Discussion,0,60,"September 10, 2022 at 10:56 AM AEST"
best player from each region? (this year),General Discussion,0,14,"September 19, 2022 at 6:32 AM AEST"
Tenz,General Discussion,8,30,"September 23, 2022 at 6:41 AM AEST"
Who’s in your top 5 for each role?,General Discussion,2,26,"September 27, 2022 at 11:16 PM AEST"
patiphan vs f0rsakeN,General Discussion,0,28,"October 26, 2022 at 2:52 AM AEDT"
skrossi + LF vs f0rsaken right now!,General Discussion,0,123,"October 29, 2022 at 12:39 AM AEDT"
Best mechanical skilled player?,General Discussion,0,59,"November 4, 2022 at 3:44 AM AEDT"
why sen > the world,General Discussion,0,36,"November 8, 2022 at 2:28 PM AEDT"
Top 3 players from each league,General Discussion,3,74,"November 10, 2022 at 9:50 AM AEDT"
Ranking Valorant Teams with NBA 2k ratings pt.1,General Discussion,1,63,"November 14, 2022 at 2:10 PM AEDT"
top 50 players in vct main,General Discussion,0,59,"November 23, 2022 at 2:01 PM AEDT"
enerii is so cute ^_^,Off Topic,-1,34,"November 24, 2022 at 5:47 AM AEDT"
Your Dream Valorant Team,General Discussion,0,60,"January 5, 2023 at 11:24 PM AEDT"
Something's Jett vs f0rsaken's Jett,General Discussion,0,35,"March 4, 2023 at 5:30 PM AEDT"
Best AIM in Val,General Discussion,0,61,"March 7, 2023 at 8:40 AM AEDT"
Top 5 duelists in the world right now? (In order),General Discussion,0,17,"April 11, 2023 at 4:25 AM AEST"
PRX SO SHIT,General Discussion,0,17,"April 15, 2023 at 9:08 PM AEST"
-mindfreak -forsaken,General Discussion,0,59,"April 15, 2023 at 9:47 PM AEST"
Most representative player by agent,General Discussion,0,38,"May 16, 2023 at 10:21 AM AEST"
Top 10 Duelists in the world,General Discussion,0,34,"May 20, 2023 at 6:13 AM AEST"
VCT MASTERS TOKYO 2023 PLAYERS TIER LIST,General Discussion,0,169,"June 1, 2023 at 10:18 PM AEST"
cgrs to coach,General Discussion,0,23,"June 22, 2023 at 1:20 PM AEST"
Top 10 players of Master tokyo,General Discussion,0,20,"June 24, 2023 at 3:28 AM AEST"
More teams should run Phoenix,General Discussion,0,8,"June 24, 2023 at 4:18 PM AEST"
what player comes to mind when u think of a agent,General Discussion,0,25,"July 31, 2023 at 3:17 PM AEST"
eg and paper rex,General Discussion,0,66,"August 1, 2023 at 10:04 AM AEST"
PRX + Monyet,General Discussion,0,16,"August 5, 2023 at 3:52 PM AEST"
13-0,General Discussion,0,13,"August 17, 2023 at 8:36 AM AEST"
"Best ace,clutch, and flick of Champs so far?",General Discussion,0,17,"August 22, 2023 at 3:46 AM AEST"
is there a fourth MVP candidate?,General Discussion,0,47,"August 22, 2023 at 10:12 AM AEST"
Jinggg best GC player,General Discussion,0,4,"August 22, 2023 at 8:42 PM AEST"
Best raze all the time in VCT,General Discussion,0,16,"August 24, 2023 at 1:55 AM AEST"
neutral fans come,General Discussion,0,23,"August 25, 2023 at 3:47 AM AEST"
Out of the remaining 4 teams,General Discussion,0,6,"August 25, 2023 at 5:02 AM AEST"
I'm gonna miss this team so much,General Discussion,1,11,"August 25, 2023 at 7:04 AM AEST"
EMEA come ( no hate thread ),General Discussion,0,14,"August 25, 2023 at 2:56 PM AEST"
Top 20 players of the year + some tier 2 players,General Discussion,0,63,"August 26, 2023 at 12:55 PM AEST"
Best players of 2023,General Discussion,1,13,"August 26, 2023 at 5:26 PM AEST"
damn nobody is rooting for EG,General Discussion,9,80,"August 27, 2023 at 3:28 AM AEST"
Jinggg in 2 years,General Discussion,2,4,"August 27, 2023 at 5:20 AM AEST"
PRX respect thread,General Discussion,35,33,"August 27, 2023 at 9:25 AM AEST"
Is PRX done,General Discussion,1,23,"August 27, 2023 at 10:28 AM AEST"
something raze,General Discussion,0,15,"August 28, 2023 at 12:05 AM AEST"
2023 Player Ranking Survey,General Discussion,11,22,"August 28, 2023 at 2:08 AM AEST"
TOP 20 players of this year.,General Discussion,5,18,"August 29, 2023 at 12:30 AM AEST"
"ACTUAL TOP 20 2023 (NO TROLL, SERIOUS, NO FRAUD)",General Discussion,0,42,"August 31, 2023 at 12:30 AM AEST"
Monyet,General Discussion,0,14,"September 10, 2023 at 8:08 PM AEST"
PRX NEED MORE AIM POWERS,General Discussion,0,56,"September 10, 2023 at 10:59 PM AEST"
best player each agent,General Discussion,3,46,"September 11, 2023 at 5:25 PM AEST"
Favourite PRO?,General Discussion,0,26,"September 26, 2023 at 1:09 AM AEST"
cutest pro player,General Discussion,0,54,"October 20, 2023 at 1:00 PM AEDT"
Pacific Roster Upgrade or downgrades,General Discussion,0,47,"October 25, 2023 at 8:11 PM AEDT"
Assific hater come,General Discussion,0,29,"October 26, 2023 at 12:30 PM AEDT"
TOP 5 GREATEST DUELISTS OF ALL TIME,General Discussion,12,96,"October 31, 2023 at 9:15 AM AEDT"
GOAT duelist,General Discussion,0,42,"November 14, 2023 at 3:22 AM AEDT"
Ray4c satchel playstyle,General Discussion,3,36,"November 25, 2023 at 1:34 PM AEDT"
Midnyet,General Discussion,1,18,"December 5, 2023 at 7:26 PM AEDT"
Where is the W gaming,General Discussion,0,8,"December 5, 2023 at 7:57 PM AEDT"
Bang monyet is not the problem,General Discussion,0,7,"December 5, 2023 at 9:28 PM AEDT"
PRX was trolling ya?,General Discussion,6,30,"December 6, 2023 at 12:22 PM AEDT"
VLR top 20 2023,General Discussion,0,23,"December 28, 2023 at 10:36 AM AEDT"
Top3 Players in the World for these Agents?,General Discussion,0,20,"January 16, 2024 at 3:43 AM AEDT"
best player on each agent(really based list),General Discussion,1,28,"January 23, 2024 at 4:10 PM AEDT"
Top 10 players in the world,General Discussion,0,40,"January 27, 2024 at 4:22 PM AEDT"
"vanity: ""buzz is the best player in asia""",General Discussion,1,34,"February 15, 2024 at 1:04 AM AEDT"
players that you miss,General Discussion,2,72,"February 15, 2024 at 6:15 AM AEDT"
"“Monyet is good for prx, more comps for prx”",General Discussion,2,12,"February 25, 2024 at 9:38 PM AEDT"
Fake prx fans leave,General Discussion,0,20,"February 25, 2024 at 9:53 PM AEDT"
what if Prx wins without monyet,General Discussion,0,17,"March 1, 2024 at 4:24 PM AEDT"
"no DRX, no Fnatic, no Navi and no Loud",General Discussion,0,15,"March 3, 2024 at 9:53 AM AEDT"
"prx ""saving strats""",General Discussion,0,36,"March 3, 2024 at 4:31 PM AEDT"
PRX vs EDG,General Discussion,1,10,"March 5, 2024 at 1:58 PM AEDT"
5 reasons why PRX should be feared in madrid.,General Discussion,28,73,"March 13, 2024 at 4:46 AM AEDT"
how did prxs bind downgrade so hard,General Discussion,3,9,"March 16, 2024 at 4:56 AM AEDT"
Forsaken and jinggg,General Discussion,3,4,"March 18, 2024 at 7:02 AM AEDT"
Jingg impact,General Discussion,1,10,"March 22, 2024 at 3:09 AM AEDT"
PRX Always Come So Short,General Discussion,0,21,"March 24, 2024 at 6:22 AM AEDT"
Jingg medical condition,General Discussion,2,43,"March 29, 2024 at 11:05 PM AEDT"
"""Unfit for military""",General Discussion,0,77,"March 30, 2024 at 5:13 AM AEDT"
top 3 razes from each region,General Discussion,1,48,"April 3, 2024 at 8:04 AM AEDT"
best duelist,General Discussion,0,39,"April 3, 2024 at 6:54 PM AEDT"
Create your ideal player,General Discussion,0,46,"April 13, 2024 at 5:21 AM AEST"
PRX laugh thread,General Discussion,0,29,"April 13, 2024 at 6:57 PM AEST"
no bias top 10 all time,General Discussion,0,39,"April 22, 2024 at 4:56 AM AEST"
Top 10 Kawaii Players !!,Off Topic,-5,30,"April 23, 2024 at 2:41 PM AEST"
"15 greatest duelists, do you agree?",General Discussion,0,28,"May 5, 2024 at 9:46 AM AEST"
PRX IGL ???,General Discussion,0,18,"May 5, 2024 at 6:37 PM AEST"
Top 5 igls of all time,General Discussion,1,46,"May 6, 2024 at 4:47 AM AEST"
who's mvp of apac,General Discussion,0,30,"May 12, 2024 at 10:50 PM AEST"
what really happened to PRX,General Discussion,1,31,"June 3, 2024 at 9:20 PM AEST"
Icy g2,General Discussion,0,48,"June 4, 2024 at 7:32 AM AEST"
Prx roster change?,General Discussion,1,25,"June 11, 2024 at 12:57 AM AEST"
PRX Ascent,General Discussion,0,17,"July 13, 2024 at 6:54 PM AEST"
Same ol' PRX,General Discussion,9,32,"July 13, 2024 at 7:51 PM AEST"
f0rsakeN PLZ,General Discussion,1,57,"July 14, 2024 at 12:29 AM AEST"
PRX discourse is crazy,General Discussion,6,15,"July 21, 2024 at 12:05 AM AEST"
Twitter Poster Apology,General Discussion,8,27,"July 26, 2024 at 4:26 PM AEST"
Paper Rex in a single year,General Discussion,11,23,"July 27, 2024 at 5:57 AM AEST"
Why BabyBoyJinggg is the greatest valorant player,General Discussion,0,21,"July 30, 2024 at 2:22 PM AEST"
DFM fix,General Discussion,0,32,"July 31, 2024 at 10:51 PM AEST"
How to spot a new VCT watcher,General Discussion,14,39,"August 3, 2024 at 11:54 PM AEST"
prx comps,General Discussion,2,9,"August 4, 2024 at 8:12 PM AEST"
PRX bros,General Discussion,0,15,"August 4, 2024 at 10:43 PM AEST"
poop rex fans excuse,General Discussion,7,26,"August 4, 2024 at 11:46 PM AEST"
i cant hold it in anymore,General Discussion,3,35,"August 4, 2024 at 7:52 PM AEST"
PRX haters dont come here,General Discussion,2,26,"August 5, 2024 at 3:45 PM AEST"
For PRX I think this need to be called,General Discussion,0,12,"August 12, 2024 at 2:27 AM AEST"
random prx rant,General Discussion,3,18,"August 15, 2024 at 1:28 PM AEST"
best players to win nothing,General Discussion,1,30,"August 26, 2024 at 3:44 AM AEST"
my dream prx roster,General Discussion,0,26,"September 9, 2024 at 6:46 AM AEST"
who is the best duelist of 2023,General Discussion,0,24,"September 20, 2024 at 5:02 AM AEST"
MIBR Jinggg,General Discussion,0,4,"October 27, 2024 at 3:42 AM AEDT"
PRX Map Pool X Current Map Pool,General Discussion,0,24,"October 28, 2024 at 2:06 PM AEDT"
hot take: monyet should have stayed at prx,General Discussion,0,19,"October 30, 2024 at 10:57 AM AEDT"
J0nggg vs KJ turret,General Discussion,5,18,"November 21, 2024 at 10:52 PM AEDT"
Why Something should be main duelist in PRX,General Discussion,0,10,"November 22, 2024 at 1:12 AM AEDT"
prx,General Discussion,1,32,"November 22, 2024 at 1:45 AM AEDT"
genuine problems with PRX,General Discussion,8,33,"November 27, 2024 at 11:57 PM AEDT"
Wtf prx,General Discussion,0,19,"November 29, 2024 at 8:53 PM AEDT"
valo2asia j0nggg,General Discussion,0,33,"December 28, 2024 at 8:40 AM AEDT"
who would u rather go perma duelist on prx,General Discussion,0,12,"February 2, 2025 at 5:26 PM AEDT"
My PRX fix,General Discussion,2,12,"February 3, 2025 at 1:53 AM AEDT"
The best player in all agent(vct),General Discussion,0,24,"February 3, 2025 at 8:35 AM AEDT"
Do PRX need changes?,General Discussion,0,13,"February 15, 2025 at 8:04 PM AEDT"
something,General Discussion,1,26,"February 20, 2025 at 8:30 PM AEDT"
PRX patmen,General Discussion,4,50,"March 3, 2025 at 9:10 PM AEDT"
prx fix,General Discussion,2,11,"March 4, 2025 at 11:37 PM AEDT"
PRX roster,General Discussion,0,13,"March 5, 2025 at 8:36 AM AEDT"
PRX PatMen LFG,General Discussion,0,15,"March 7, 2025 at 3:00 AM AEDT"
My opinion on Paper Rex,General Discussion,5,28,"March 11, 2025 at 10:53 PM AEDT"
jinggg tejo forsaken waylay,General Discussion,0,4,"March 23, 2025 at 8:00 PM AEDT"
SMG esport valorant (prx jinggg),General Discussion,2,3,"June 1, 2023 at 5:15 AM AEST"
Salute Jinggg o7,Off Topic,0,3,"August 24, 2023 at 8:00 PM AEST"
Jinggg my goat,General Discussion,0,3,"August 25, 2023 at 8:35 AM AEST"
keep jinggg on the bench,General Discussion,1,3,"March 30, 2024 at 10:53 AM AEDT"
JINGGG > m0nyet,General Discussion,0,3,"April 21, 2024 at 10:01 PM AEST"
Is Jinggg actually back?,General Discussion,1,3,"April 30, 2024 at 1:02 AM AEST"
JINGGG NEED TO BAIT MORE,General Discussion,0,3,"March 30, 2025 at 8:47 PM AEDT"
who will win 5 Jinggg or 5 Demon1?,General Discussion,0,3,"March 31, 2025 at 8:26 AM AEDT"
Jingg?,General Discussion,0,11,"October 12, 2021 at 2:15 AM AEDT"
[Stat Check] Masters 1 ACS,General Discussion,24,24,"April 3, 2022 at 8:49 AM AEST"
Most underrated pro?,General Discussion,2,68,"April 9, 2022 at 1:28 AM AEST"
juicySG LFT,General Discussion,0,8,"April 13, 2022 at 8:59 AM AEST"
PRX hype,General Discussion,0,12,"April 15, 2022 at 9:51 PM AEST"
the most overrated player is f0rsaken,General Discussion,0,80,"April 16, 2022 at 4:56 AM AEST"
SEN & PRX,General Discussion,4,23,"April 19, 2022 at 8:54 AM AEST"
Jinggg is worst palyer,General Discussion,0,3,"April 19, 2022 at 3:54 PM AEST"
What was the best play in masters so far?,General Discussion,1,14,"April 20, 2022 at 2:14 AM AEST"
Jingg's mom,General Discussion,5,91,"April 21, 2022 at 8:17 PM AEST"
Best player for each agent?,General Discussion,0,20,"April 24, 2022 at 4:33 PM AEST"
Best roster,General Discussion,1,29,"May 29, 2022 at 3:48 AM AEST"
actual take on mwzera,General Discussion,0,38,"May 31, 2022 at 7:14 AM AEST"
tesseract farming,General Discussion,0,58,"June 3, 2022 at 9:55 PM AEST"
TOP Players from APAC region,General Discussion,6,38,"June 14, 2022 at 12:54 AM AEST"
Best Raze Player and why,General Discussion,0,16,"June 14, 2022 at 8:54 AM AEST"
We need a 2° Superteam,General Discussion,0,55,"June 25, 2022 at 3:50 AM AEST"
who is the better prodigy,General Discussion,0,20,"June 25, 2022 at 8:44 PM AEST"
Curious case of PRX,General Discussion,6,20,"July 1, 2022 at 12:35 AM AEST"
BEST VALO PLAYERS NOT A BAIT,General Discussion,0,42,"July 14, 2022 at 7:22 AM AEST"
PRX will daddy fnatic,General Discussion,3,53,"July 15, 2022 at 4:08 PM AEST"
PRX covid situation,General Discussion,4,23,"July 17, 2022 at 7:47 PM AEST"
prx covid update,General Discussion,0,7,"July 17, 2022 at 10:34 PM AEST"
I can’t man,General Discussion,0,9,"July 18, 2022 at 3:22 AM AEST"
best raze?,General Discussion,0,12,"July 19, 2022 at 5:02 AM AEST"
Ranking the Remaining Players in M2,General Discussion,0,18,"July 19, 2022 at 8:38 AM AEST"
Best Raze this masters,General Discussion,5,38,"July 19, 2022 at 7:58 PM AEST"
vlr is getting boring,General Discussion,0,21,"July 20, 2022 at 11:51 AM AEST"
jing's mom,General Discussion,24,73,"July 20, 2022 at 2:49 PM AEST"
Benkai and D4v4i are mega underrated,General Discussion,0,8,"July 23, 2022 at 3:26 AM AEST"
I take the L,General Discussion,3,18,"July 23, 2022 at 7:37 AM AEST"
Jinggg sage,General Discussion,0,3,"July 25, 2022 at 2:43 AM AEST"
Showstopped,General Discussion,0,7,"July 25, 2022 at 4:27 AM AEST"
team's players ranked,General Discussion,0,16,"July 27, 2022 at 2:00 AM AEST"
BEST PLAYERS IN THE WORLD,General Discussion,0,7,"July 27, 2022 at 9:28 AM AEST"
Most loved VALORANT pros?,General Discussion,0,48,"July 28, 2022 at 5:58 AM AEST"
Paper Rex franchising,Off Topic,1,39,"August 10, 2022 at 10:23 AM AEST"
Aspas WTF,General Discussion,16,48,"August 13, 2022 at 4:33 AM AEST"
This team wins everything,General Discussion,0,11,"August 14, 2022 at 12:34 PM AEST"
Best players in the world atm,General Discussion,5,32,"August 15, 2022 at 5:38 AM AEST"
Bleed,General Discussion,0,9,"August 15, 2022 at 6:33 PM AEST"
TOP 10 players at CHAMPS,General Discussion,0,93,"August 18, 2022 at 2:40 PM AEST"
100t asuna,General Discussion,0,99,"August 19, 2022 at 12:41 AM AEST"
champions MVP,General Discussion,0,81,"August 19, 2022 at 1:37 AM AEST"
best player in champs,General Discussion,1,14,"August 19, 2022 at 11:12 PM AEST"
create BLEED superteam,General Discussion,0,18,"August 20, 2022 at 10:36 PM AEST"
Best players for each pos,General Discussion,2,26,"August 21, 2022 at 10:11 AM AEST"
FantasyVCT,Off Topic,5,35,"August 25, 2022 at 8:55 AM AEST"
Best player in champs,General Discussion,0,82,"August 28, 2022 at 1:01 PM AEST"
Lev,General Discussion,0,10,"September 3, 2022 at 2:37 PM AEST"
Liquid vs PRX,General Discussion,2,14,"September 5, 2022 at 3:42 AM AEST"
jinggg > scream,General Discussion,2,3,"September 8, 2022 at 12:41 AM AEST"
Liquid should switch their name,General Discussion,0,8,"September 8, 2022 at 1:23 AM AEST"
PRX CEO COME,General Discussion,0,23,"September 8, 2022 at 3:13 AM AEST"
The End of Paper Rex,General Discussion,2,29,"September 8, 2022 at 3:23 AM AEST"
APAC Super Team 2023,General Discussion,0,30,"September 8, 2022 at 1:35 PM AEST"
Best Players A - Z,General Discussion,0,31,"September 13, 2022 at 9:55 AM AEST"
how to fnatic wins all majors,General Discussion,0,4,"September 15, 2022 at 3:24 AM AEST"
Valorant 2022 TOTY (TEAM OF THE YEAR),General Discussion,2,44,"September 19, 2022 at 6:48 AM AEST"
no roster change teams,General Discussion,0,40,"September 23, 2022 at 8:06 PM AEST"
Benkai leaks the detail of 2023 prx roster,General Discussion,20,25,"October 4, 2022 at 1:11 AM AEDT"
GE Foxy9 Confirmed,General Discussion,2,39,"October 7, 2022 at 1:51 AM AEDT"
Who is patiphan,General Discussion,0,39,"October 14, 2022 at 7:42 AM AEDT"
Top 10 players itw rn,General Discussion,0,54,"October 27, 2022 at 11:07 AM AEDT"
Make ur countries best five,General Discussion,0,152,"October 31, 2022 at 2:26 PM AEDT"
Prx Vs Ge,General Discussion,0,22,"November 19, 2022 at 6:17 AM AEDT"
Results 2022 VCT vlr.gg Awards,General Discussion,5,27,"December 27, 2022 at 8:34 PM AEDT"
Blue Lock VLR Team,General Discussion,0,34,"January 29, 2023 at 10:58 AM AEDT"
Plat Chat Top Players For Brazil,General Discussion,0,32,"February 2, 2023 at 8:47 PM AEDT"
best duelists,General Discussion,0,53,"February 6, 2023 at 4:29 AM AEDT"
IS THIS TOP 20 LIST VALID FOR VCT LOCKIN ??,General Discussion,6,82,"February 10, 2023 at 4:08 AM AEDT"
valo movement,General Discussion,0,24,"February 17, 2023 at 3:42 AM AEDT"
Tenz isn't in the top 5 duelists,General Discussion,0,44,"February 25, 2023 at 4:44 AM AEDT"
Players with best raze ult,General Discussion,0,8,"March 15, 2023 at 12:43 AM AEDT"
Best players for every agent,General Discussion,0,91,"April 7, 2023 at 3:43 PM AEST"
Best duelist 2023 09:21,General Discussion,0,49,"April 25, 2023 at 5:30 PM AEST"
cutest valorant pro? (no gc),General Discussion,4,139,"April 28, 2023 at 4:09 PM AEST"
best in game names,General Discussion,0,109,"May 5, 2023 at 7:44 AM AEST"
Most Cringiest fan base?,General Discussion,0,31,"May 17, 2023 at 8:01 PM AEST"
Is qw1 top 5 duelist itw?,General Discussion,0,102,"May 22, 2023 at 5:40 PM AEST"
Top 5 raze in all 3 leagues combined,General Discussion,0,36,"May 23, 2023 at 1:22 AM AEST"
Ranking: Duelists - PACIFIC,General Discussion,0,10,"May 28, 2023 at 3:39 AM AEST"
Fnatic vs prx [firepower],General Discussion,3,33,"May 28, 2023 at 3:25 AM AEST"
boom come,General Discussion,3,20,"May 28, 2023 at 10:22 PM AEST"
Top Three Players At Every Agent,General Discussion,0,54,"June 3, 2023 at 1:10 AM AEST"
No MY/SG Representation,General Discussion,0,43,"June 4, 2023 at 3:41 PM AEST"
undisputed best players on every agent,General Discussion,0,11,"June 12, 2023 at 3:55 PM AEST"
Best chinese player,General Discussion,0,18,"June 20, 2023 at 7:45 PM AEST"
PRX > EG,General Discussion,22,31,"June 21, 2023 at 1:45 PM AEST"
eg vs prx,General Discussion,0,17,"June 21, 2023 at 8:02 PM AEST"
about prx,General Discussion,0,5,"June 21, 2023 at 9:02 PM AEST"
woke up to nrg losing ?,General Discussion,0,16,"June 22, 2023 at 3:00 AM AEST"
PRX 2024,General Discussion,1,40,"June 22, 2023 at 2:39 PM AEST"
PRX 2024 fix,General Discussion,0,26,"June 22, 2023 at 10:29 PM AEST"
absurd stats from PRX miracle run,General Discussion,0,12,"June 24, 2023 at 6:32 PM AEST"
When is Asia gonna win its first major?,General Discussion,0,56,"June 27, 2023 at 12:04 AM AEST"
SINGAPORE COME,General Discussion,0,24,"June 27, 2023 at 12:27 PM AEST"
you will be missed Benkai,General Discussion,0,15,"June 29, 2023 at 8:25 AM AEST"
top 20 pacific players,General Discussion,0,29,"July 3, 2023 at 4:50 PM AEST"
Best duelists of all time!,General Discussion,0,87,"July 11, 2023 at 7:14 PM AEST"
Is Trexx top 10 in the world?,General Discussion,0,52,"July 22, 2023 at 1:51 AM AEST"
Best players on each team at champs (read below),General Discussion,0,18,"July 26, 2023 at 7:32 AM AEST"
prx overhype,General Discussion,0,47,"July 27, 2023 at 2:28 AM AEST"
PRX xccurate?,General Discussion,1,8,"July 29, 2023 at 9:17 PM AEST"
top 10 players of 2023 (champs teams only),General Discussion,0,11,"July 30, 2023 at 5:11 AM AEST"
Championss 2023 predictions,General Discussion,0,38,"August 1, 2023 at 4:37 AM AEST"
Predicting PLATCHAT top 10,General Discussion,1,46,"August 2, 2023 at 11:01 PM AEST"
Franchsing Goatlist,General Discussion,4,93,"August 3, 2023 at 1:03 AM AEST"
Who will be the mvp of tokyo(vote),General Discussion,1,51,"August 4, 2023 at 8:59 PM AEST"
Players who no longer in franchise,General Discussion,0,30,"August 6, 2023 at 12:35 AM AEST"
PRX aspas 2024,General Discussion,0,14,"August 7, 2023 at 5:03 PM AEST"
2024 imports,General Discussion,0,30,"August 9, 2023 at 1:16 PM AEST"
No chances for PRX,General Discussion,0,16,"August 9, 2023 at 1:25 PM AEST"
top 5 players in every role,General Discussion,0,67,"August 11, 2023 at 12:06 PM AEST"
(QUESTION) Best players from every region?,General Discussion,0,26,"August 12, 2023 at 1:31 PM AEST"
kangkang you are just unbelievable,General Discussion,0,15,"August 14, 2023 at 5:44 AM AEST"
no one can really replace jinggg,General Discussion,0,3,"August 19, 2023 at 5:14 AM AEST"
Top 10 players itw,General Discussion,0,27,"August 20, 2023 at 6:09 PM AEST"
possible jingg replacements,General Discussion,0,58,"August 22, 2023 at 3:33 AM AEST"
Forsaken,General Discussion,0,34,"August 22, 2023 at 7:14 PM AEST"
PRX KangKang,General Discussion,2,39,"August 24, 2023 at 5:10 AM AEST"
"Optic 1,3,2 or Fnatic 1,1,4",General Discussion,0,53,"August 25, 2023 at 10:52 AM AEST"
Asians come,General Discussion,3,5,"August 26, 2023 at 12:58 PM AEST"
PRX iZu as Jingg's replacement?,General Discussion,0,23,"August 26, 2023 at 9:33 PM AEST"
champions mvp candidate,General Discussion,1,11,"August 27, 2023 at 5:55 AM AEST"
Jinggg throw,General Discussion,0,3,"August 27, 2023 at 7:26 AM AEST"
Khan and Jinggg,General Discussion,0,3,"August 27, 2023 at 9:27 AM AEST"
Post match interviews,General Discussion,7,22,"August 27, 2023 at 9:55 AM AEST"
EG should have let PRX win,General Discussion,0,12,"August 27, 2023 at 10:09 AM AEST"
"It’s ok, PRX will win Champions 2026",General Discussion,2,10,"August 27, 2023 at 10:56 AM AEST"
This grands restored me,General Discussion,0,5,"August 27, 2023 at 11:17 AM AEST"
Can we all agree,General Discussion,5,8,"August 27, 2023 at 9:02 PM AEST"
Ranking of Raze players,General Discussion,0,25,"August 29, 2023 at 1:00 AM AEST"
player that pops up in my head for every agent,General Discussion,2,24,"September 11, 2023 at 6:49 PM AEST"
bruh madrid will be free for prx,General Discussion,0,44,"September 14, 2023 at 4:51 PM AEST"
¿Which duelist opens the map best in VCT Leagues?,General Discussion,3,21,"September 19, 2023 at 6:13 PM AEST"
My hot take,General Discussion,0,7,"September 26, 2023 at 3:06 PM AEST"
another bad year for apac,General Discussion,0,36,"September 27, 2023 at 5:59 AM AEST"
Best form of PRX,General Discussion,0,25,"October 14, 2023 at 3:19 PM AEDT"
Karmine Corp 2024,General Discussion,3,37,"October 21, 2023 at 12:28 AM AEDT"
Name a pro,General Discussion,1,84,"October 23, 2023 at 3:30 AM AEDT"
TOP 5 current razes,General Discussion,0,79,"October 27, 2023 at 3:24 PM AEDT"
Most memorable team and player this year?,General Discussion,0,10,"November 6, 2023 at 5:31 PM AEDT"
about PRX,Off Topic,1,18,"December 5, 2023 at 5:54 PM AEDT"
Tenz?,General Discussion,0,11,"December 5, 2023 at 9:59 PM AEDT"
Sentinels,General Discussion,1,10,"December 5, 2023 at 10:10 PM AEDT"
sen beat prx?,General Discussion,0,19,"December 6, 2023 at 2:01 AM AEDT"
whats up with this PRX bs.,General Discussion,0,20,"December 6, 2023 at 1:09 PM AEDT"
Orangepanda come,General Discussion,0,26,"December 7, 2023 at 11:00 PM AEDT"
PRX Jinggg,General Discussion,1,3,"December 10, 2023 at 6:45 AM AEDT"
Top 5 raze players,General Discussion,0,14,"December 25, 2023 at 3:28 PM AEDT"
2023 Recap ????,General Discussion,0,16,"December 28, 2023 at 10:24 AM AEDT"
vlr.gg is lowkey EU biased?,General Discussion,1,23,"December 28, 2023 at 10:58 AM AEDT"
top 10 frauds in VCT,General Discussion,0,28,"January 5, 2024 at 6:10 AM AEDT"
top 3 players per year,General Discussion,0,19,"January 14, 2024 at 10:59 AM AEDT"
let me cook,General Discussion,0,26,"January 22, 2024 at 3:59 PM AEDT"
DSG x Bleed,General Discussion,14,32,"January 26, 2024 at 2:06 AM AEDT"
Keznit top duelists,General Discussion,3,47,"February 12, 2024 at 5:42 AM AEDT"
JINGGG CAM,General Discussion,2,3,"February 17, 2024 at 5:41 PM AEDT"
PRX era over with ...,General Discussion,0,30,"February 19, 2024 at 6:06 PM AEDT"
monyet and prx,General Discussion,2,15,"February 24, 2024 at 10:24 PM AEDT"
Jingg would have this jingg would have that,General Discussion,0,13,"February 25, 2024 at 10:09 PM AEDT"
Orangepanda clarification about monyet,General Discussion,3,22,"February 25, 2024 at 10:30 PM AEDT"
PRX FANS COME,General Discussion,1,21,"February 28, 2024 at 9:59 PM AEDT"
whos the goat of valorant?,General Discussion,0,57,"March 4, 2024 at 11:43 AM AEDT"
Are PRX underrated now?,General Discussion,0,37,"March 6, 2024 at 3:46 PM AEDT"
APAC duelists,General Discussion,2,70,"March 10, 2024 at 7:48 PM AEDT"
The truth about PRX Monyet situation,General Discussion,3,7,"March 16, 2024 at 4:53 AM AEDT"
Biggest downgrade in Valorant history,General Discussion,0,29,"March 16, 2024 at 8:31 AM AEDT"
whats wrong w prx atm,General Discussion,0,8,"March 16, 2024 at 9:39 AM AEDT"
Zekken Talk.,General Discussion,0,13,"March 17, 2024 at 11:56 AM AEDT"
Monyet believers come,General Discussion,5,31,"March 24, 2024 at 3:14 AM AEDT"
Monyet brainwashing?,General Discussion,29,86,"March 24, 2024 at 6:06 AM AEDT"
PRX vs Monyet,General Discussion,7,46,"March 24, 2024 at 5:38 PM AEDT"
MONYET BELIEVERS LIST,General Discussion,11,122,"March 29, 2024 at 3:40 AM AEDT"
I feel so bad for Monyet,General Discussion,0,25,"March 29, 2024 at 11:07 PM AEDT"
IMAGINE JINGGG CAMBEBACK SOONER,General Discussion,0,3,"March 29, 2024 at 11:15 PM AEDT"
Jinggg is back baby,General Discussion,0,3,"March 29, 2024 at 11:30 PM AEDT"
Monyet riders are so weird,General Discussion,0,17,"March 30, 2024 at 12:18 AM AEDT"
It's over for midyet lol,General Discussion,0,20,"March 30, 2024 at 12:22 AM AEDT"
PRX with jing >>>>>> Sen,General Discussion,0,14,"March 30, 2024 at 1:59 AM AEDT"
most likeable players,General Discussion,9,78,"March 31, 2024 at 4:23 PM AEDT"
singapore corruption (jinggg),General Discussion,0,3,"April 1, 2024 at 10:43 AM AEDT"
mindfreak & monyet,General Discussion,1,37,"April 3, 2024 at 9:51 PM AEDT"
Replication raze vs jett teams,General Discussion,1,37,"April 7, 2024 at 8:40 AM AEST"
PRX VS T1 PREDICTIONS?,General Discussion,1,10,"April 7, 2024 at 9:25 PM AEST"
If monyet was playing that map,General Discussion,2,9,"April 7, 2024 at 10:28 PM AEST"
monyet hate recently,General Discussion,2,9,"April 8, 2024 at 5:23 AM AEST"
Pro Players Skins,General Discussion,0,14,"April 8, 2024 at 8:11 AM AEST"
best player on each agent,General Discussion,3,14,"April 11, 2024 at 10:41 AM AEST"
Why PRX will lose,General Discussion,0,33,"April 13, 2024 at 2:46 PM AEST"
reminder about MONYET,General Discussion,15,59,"April 18, 2024 at 2:18 PM AEST"
Best Phoenix player,General Discussion,1,23,"April 21, 2024 at 3:23 AM AEST"
Jingg>moybet,General Discussion,1,18,"April 21, 2024 at 9:56 PM AEST"
Top 5 Players all time,General Discussion,0,49,"April 22, 2024 at 4:22 AM AEST"
