d4v41,General Discussion,0,26,"August 20, 2023 at 5:39 AM AEST",,,,
D4v41,General Discussion,0,18,"July 15, 2022 at 1:36 AM AEST",,,,
d4v41 and mindfreak,General Discussion,0,14,"February 19, 2024 at 5:26 PM AEDT",,,,
d4v41 yet again,General Discussion,1,12,"December 11, 2023 at 1:58 AM AEDT",,,,
monyet vs d4v41,General Discussion,9,12,"March 23, 2024 at 6:59 AM AEDT",,,,
PRX d4v41,General Discussion,4,11,"July 5, 2024 at 6:27 PM AEST",,,,
dos9 d4v41 beef?,General Discussion,10,11,"November 8, 2024 at 3:14 PM AEDT",,,,
d4v41 preparing for next year,General Discussion,0,10,"July 28, 2023 at 7:46 PM AEST",,,,
monyet vs d4v41 the rematch,General Discussion,0,10,"April 18, 2024 at 12:49 AM AEST",,,,
d4v41 ULT,General Discussion,1,10,"June 3, 2024 at 8:27 PM AEST",,,,
D4V41 Appreciation Post,General Discussion,3,9,"May 22, 2023 at 8:52 PM AEST",,,,
D4v41 underrated?,General Discussion,2,8,"September 16, 2021 at 12:04 AM AEST",,,,
WHY d4v41?????,General Discussion,1,8,"May 1, 2023 at 9:30 PM AEST",,,,
d4v41 and mta,General Discussion,1,8,"August 6, 2024 at 4:15 AM AEST",,,,
prx player ranking,General Discussion,5,45,"November 25, 2024 at 7:07 AM AEDT",,,,
OpTic anime arc,General Discussion,6,17,"July 13, 2022 at 1:21 AM AEST",,,,
Prx d4v41,General Discussion,3,7,"April 22, 2023 at 7:49 PM AEST",,,,
Top 5 initiators right now,General Discussion,0,50,"August 15, 2023 at 10:38 AM AEST",,,,
D4V41,General Discussion,0,6,"July 23, 2022 at 2:48 AM AEST",,,,
D4V41 AND FAMILY,General Discussion,1,6,"March 7, 2024 at 5:06 AM AEDT",,,,
d4v41 best player all time,General Discussion,0,6,"August 11, 2023 at 11:19 AM AEST",,,,
prx d4v41 using troll crosshair(?),General Discussion,0,5,"October 13, 2021 at 1:53 AM AEDT",,,,
d4v41 OP,General Discussion,0,5,"July 25, 2022 at 3:21 AM AEST",,,,
Top 3 Initiators from your Region,General Discussion,0,49,"January 23, 2024 at 3:28 PM AEDT",,,,
Top 5 of Each Role - All Time,General Discussion,0,108,"July 2, 2024 at 6:44 PM AEST",,,,
d4v41 savior,General Discussion,0,5,"January 21, 2025 at 12:36 AM AEDT",,,,
PRX Roster Rankings,General Discussion,0,25,"January 27, 2025 at 11:48 AM AEDT",,,,
who is PRX kicking,General Discussion,4,33,"March 4, 2025 at 9:42 PM AEDT",,,,
F0rsaken,General Discussion,5,34,"March 23, 2025 at 8:46 PM AEDT",,,,
PRX D4v41,Off Topic,0,4,"August 21, 2021 at 7:28 PM AEST",,,,
F0rsaken on jett,General Discussion,0,7,"October 13, 2021 at 1:34 PM AEDT",,,,
Best player on each agent,General Discussion,0,47,"November 5, 2021 at 1:19 AM AEDT",,,,
d4v41 crosshair,General Discussion,3,4,"July 18, 2022 at 2:34 AM AEST",,,,
SEN d4v41,Off Topic,0,4,"October 6, 2022 at 2:57 AM AEDT",,,,
PRX something,Off Topic,40,113,"March 4, 2023 at 12:00 AM AEDT",,,,
Fnatic vs prx [firepower],General Discussion,3,33,"May 28, 2023 at 3:25 AM AEST",,,,
Every agent GOAT,General Discussion,0,108,"September 19, 2023 at 7:21 AM AEST",,,,
You can create a team,General Discussion,0,42,"September 23, 2023 at 7:16 AM AEST",,,,
players better than leo rn,General Discussion,1,26,"November 12, 2023 at 9:59 AM AEDT",,,,
drafting vct pros to survive on an island,General Discussion,1,20,"May 14, 2024 at 1:20 AM AEST",,,,
d4v41 bomb,General Discussion,0,4,"June 3, 2024 at 8:21 PM AEST",,,,
d4v41 sage,General Discussion,1,4,"July 14, 2024 at 10:28 PM AEST",,,,
prx ascent comp,General Discussion,2,35,"July 27, 2024 at 3:23 PM AEST",,,,
OFFICIAL OMG VLR Top 20 Players 2024,General Discussion,0,16,"August 27, 2024 at 7:09 AM AEST",,,,
MAKE A TEAM WITH ONE PLAYER PER TEAM FOR EACH YEAR,General Discussion,6,17,"December 18, 2024 at 7:45 PM AEDT",,,,
The best player in all agent(vct),General Discussion,0,24,"February 3, 2025 at 8:35 AM AEDT",,,,
All time initiator ranking,General Discussion,0,87,"February 26, 2025 at 5:40 AM AEDT",,,,
2026 predictions for the prx players,General Discussion,0,16,"March 30, 2025 at 9:18 PM AEDT",,,,
Update on PRX d4v41,General Discussion,0,3,"August 27, 2021 at 2:52 AM AEST",,,,
Banger,General Discussion,2,21,"September 5, 2022 at 9:49 AM AEST",,,,
Best order at every role in no order,General Discussion,7,26,"December 2, 2022 at 3:31 AM AEDT",,,,
PRX Fix for Regionals,General Discussion,2,46,"March 16, 2023 at 11:39 PM AEDT",,,,
3 Best players from each region,General Discussion,1,22,"May 30, 2023 at 9:06 AM AEST",,,,
most underrated valorant player?,General Discussion,2,40,"June 19, 2023 at 5:46 PM AEST",,,,
top 10 players of 2023 (imo),General Discussion,0,41,"July 22, 2023 at 11:24 PM AEST",,,,
Your top 10 players,General Discussion,0,30,"August 20, 2023 at 2:59 AM AEST",,,,
who is the most underrated player,General Discussion,2,12,"September 16, 2023 at 8:21 PM AEST",,,,
Best form of PRX,General Discussion,0,25,"October 14, 2023 at 3:19 PM AEDT",,,,
o7 D4v41,General Discussion,0,3,"December 11, 2023 at 12:38 AM AEDT",,,,
Make a roster using the first letter of your name,General Discussion,1,99,"December 22, 2023 at 5:21 PM AEDT",,,,
TOP 20 players of vct 2023,General Discussion,0,49,"January 1, 2024 at 4:03 AM AEDT",,,,
#NAME?,General Discussion,0,125,"March 29, 2024 at 11:32 PM AEDT",,,,
if PRX disband,General Discussion,0,98,"April 17, 2024 at 4:37 AM AEST",,,,
Deserving trophies,General Discussion,0,52,"April 23, 2024 at 2:55 AM AEST",,,,
"I will give 10,000 v bucks",General Discussion,1,91,"May 18, 2024 at 3:09 PM AEST",,,,
to be 100% honest,General Discussion,0,66,"June 1, 2024 at 10:01 AM AEST",,,,
Official Unbiased Top 10 Players,General Discussion,0,31,"July 3, 2024 at 2:25 AM AEST",,,,
PRX,General Discussion,1,12,"July 13, 2024 at 7:42 PM AEST",,,,
What I Think Would be the best Team in the World,General Discussion,1,42,"July 21, 2024 at 6:06 AM AEST",,,,
All These “PRX Fix “ Threads,General Discussion,0,10,"August 12, 2024 at 7:16 PM AEST",,,,
current top 10 players 2024,General Discussion,0,39,"August 19, 2024 at 8:33 AM AEST",,,,
Top 20 Players of 2024 shortlist,General Discussion,0,42,"August 20, 2024 at 10:38 AM AEST",,,,
Top 20 players of the year,General Discussion,0,185,"August 27, 2024 at 3:25 AM AEST",,,,
Paper Rex,General Discussion,1,50,"October 7, 2024 at 2:35 PM AEDT",,,,
Something,General Discussion,0,13,"November 30, 2024 at 8:21 PM AEDT",,,,
Can PRX's flexibility win them master in vct 2025,General Discussion,2,39,"December 2, 2024 at 11:20 PM AEDT",,,,
please let my david go,General Discussion,0,24,"January 22, 2025 at 4:31 AM AEDT",,,,
Most important part of geng success.,General Discussion,0,28,"February 2, 2025 at 11:05 PM AEDT",,,,
All time senti ranking,General Discussion,0,8,"March 2, 2025 at 4:58 PM AEDT",,,,
prx is just kinda cooked,General Discussion,0,15,"March 31, 2025 at 3:01 PM AEDT",,,,
D4V41 VS KANGKANG,General Discussion,1,2,"March 5, 2024 at 7:36 AM AEDT",,,,
Paper Rex's d4v41 got his travel pass,General Discussion,0,2,"August 31, 2021 at 12:37 AM AEST",,,,
d4v41 crosshair Pog,General Discussion,5,2,"September 27, 2021 at 10:11 PM AEST",,,,
why is forsaken not in jett,General Discussion,0,24,"October 13, 2021 at 1:04 AM AEDT",,,,
PRX wanted to lose,General Discussion,0,23,"October 15, 2021 at 3:28 PM AEDT",,,,
rank players on teams 1-5,General Discussion,0,66,"November 22, 2021 at 2:32 AM AEDT",,,,
Top 5 players from your country (arguable),General Discussion,2,248,"January 27, 2022 at 12:08 AM AEDT",,,,
TOP 5 CHAMBER LIST,General Discussion,0,33,"March 29, 2022 at 5:13 PM AEDT",,,,
Weakest link in each team,General Discussion,0,78,"April 5, 2022 at 2:16 PM AEST",,,,
Streamers in Copenhagen Megathread,General Discussion,63,98,"July 6, 2022 at 2:31 AM AEST",,,,
OpTic,General Discussion,9,12,"July 12, 2022 at 11:16 AM AEST",,,,
VCT Fantasy Team,General Discussion,0,12,"July 14, 2022 at 12:49 PM AEST",,,,
D4v41 Oof,General Discussion,0,2,"July 15, 2022 at 2:44 AM AEST",,,,
Top 10 Players after 1st round BASED OFF STATS,General Discussion,1,3,"July 16, 2022 at 2:24 PM AEST",,,,
PRX would sh1t on FNC,General Discussion,0,89,"July 16, 2022 at 5:14 PM AEST",,,,
PRX covid situation,General Discussion,4,23,"July 17, 2022 at 7:47 PM AEST",,,,
Benkai Crosshair,General Discussion,0,8,"July 18, 2022 at 2:32 AM AEST",,,,
Ranking the Remaining Players in M2,General Discussion,0,18,"July 19, 2022 at 8:38 AM AEST",,,,
OpTic forsaken,General Discussion,13,29,"July 20, 2022 at 2:40 AM AEST",,,,
Mistic Gone,General Discussion,0,48,"July 23, 2022 at 7:23 AM AEST",,,,
team's players ranked,General Discussion,0,16,"July 27, 2022 at 2:00 AM AEST",,,,
real TOP 10 APAC player (individual),General Discussion,0,32,"July 28, 2022 at 4:37 PM AEST",,,,
Bleed,General Discussion,0,9,"August 15, 2022 at 6:33 PM AEST",,,,
Superteams each region,General Discussion,0,24,"August 20, 2022 at 4:10 AM AEST",,,,
create BLEED superteam,General Discussion,0,18,"August 20, 2022 at 10:36 PM AEST",,,,
Fantasy vct,Off Topic,0,16,"September 1, 2022 at 12:57 AM AEST",,,,
Liquid vs prx,General Discussion,1,28,"September 5, 2022 at 2:16 PM AEST",,,,
Skrossi,General Discussion,4,51,"September 29, 2022 at 8:27 AM AEST",,,,
APAC Come,General Discussion,1,86,"October 24, 2022 at 1:53 AM AEDT",,,,
Indo India,General Discussion,5,82,"November 20, 2022 at 7:43 PM AEDT",,,,
PRX D4V41,General Discussion,0,2,"March 4, 2023 at 1:37 PM AEDT",,,,
prx something is possible,General Discussion,0,15,"March 11, 2023 at 9:01 PM AEDT",,,,
SG Something,General Discussion,6,27,"March 12, 2023 at 10:39 PM AEDT",,,,
PRX something roles?,General Discussion,0,29,"March 22, 2023 at 11:20 PM AEDT",,,,
Franchising Fraudlist,General Discussion,42,515,"February 14, 2023 at 4:40 PM AEDT",,,,
Im a time traveller,General Discussion,42,180,"April 13, 2023 at 10:29 PM AEST",,,,
The Weakest Link,General Discussion,10,86,"May 3, 2023 at 4:38 AM AEST",,,,
Team of 5 players starting with the same letter?,General Discussion,1,78,"May 23, 2023 at 3:40 AM AEST",,,,
Why PRX is good again,General Discussion,2,2,"May 23, 2023 at 12:28 PM AEST",,,,
TRUE TIERLIST Tokyo players,General Discussion,0,18,"June 2, 2023 at 1:17 AM AEST",,,,
Paper Rex roster??????,General Discussion,1,35,"June 4, 2023 at 4:11 PM AEST",,,,
ALIENS HAVE COME TO EARTH,General Discussion,1,56,"June 13, 2023 at 4:06 AM AEST",,,,
Asian super team ...,General Discussion,3,30,"June 22, 2023 at 12:31 AM AEST",,,,
Brothers,General Discussion,0,3,"June 24, 2023 at 5:01 PM AEST",,,,
Teams better than FNATIC,General Discussion,0,24,"June 28, 2023 at 2:05 AM AEST",,,,
invy,General Discussion,3,13,"July 22, 2023 at 7:56 PM AEST",,,,
CHAMPIONS 2023 Team And Player Ranking Predictions,General Discussion,1,19,"July 28, 2023 at 2:28 AM AEST",,,,
Franchsing Goatlist,General Discussion,4,93,"August 3, 2023 at 1:03 AM AEST",,,,
The Real Top 5 Players of Each Region,General Discussion,0,19,"August 3, 2023 at 4:18 PM AEST",,,,
top 5 players in every role,General Discussion,0,67,"August 11, 2023 at 12:06 PM AEST",,,,
top 20,General Discussion,0,24,"August 11, 2023 at 10:18 PM AEST",,,,
Some takes of mine,General Discussion,0,19,"August 12, 2023 at 8:13 PM AEST",,,,
"""Cloud is top 3 initiator""",General Discussion,4,22,"August 14, 2023 at 6:25 AM AEST",,,,
All-Mid Starting 5,General Discussion,0,56,"August 17, 2023 at 2:09 PM AEST",,,,
Most underrated player rigtnow is...,General Discussion,0,44,"August 20, 2023 at 12:00 AM AEST",,,,
d4v41 Losing every duel,General Discussion,0,2,"August 20, 2023 at 5:45 AM AEST",,,,
[ALLAT] Most Improved Player 2023,General Discussion,0,23,"August 22, 2023 at 6:03 AM AEST",,,,
Drop your,General Discussion,0,33,"August 24, 2023 at 1:44 AM AEST",,,,
paper rex,General Discussion,0,9,"August 25, 2023 at 12:21 PM AEST",,,,
Best player for Each Category,General Discussion,0,42,"August 26, 2023 at 1:03 AM AEST",,,,
top players so far,General Discussion,1,37,"August 26, 2023 at 10:29 AM AEST",,,,
rough TOP 10 PLAYERS OF THE YEAR (VCT 2023),General Discussion,0,46,"August 28, 2023 at 10:49 AM AEST",,,,
Underrated player right now,Off Topic,-3,29,"September 9, 2023 at 7:24 PM AEST",,,,
My dream sea team,General Discussion,0,8,"September 15, 2023 at 11:03 PM AEST",,,,
Valorant TOTY (thoughts?),General Discussion,3,23,"October 10, 2023 at 9:59 PM AEDT",,,,
Superteam for each ‘region’,General Discussion,1,60,"October 14, 2023 at 4:06 AM AEDT",,,,
TOP 5 PLAYERS OF EACH REGION,General Discussion,0,63,"October 22, 2023 at 9:13 PM AEDT",,,,
CHOOSE your team,General Discussion,0,59,"October 29, 2023 at 12:18 AM AEDT",,,,
Build Chinese Superteam,General Discussion,0,29,"November 16, 2023 at 7:28 PM AEDT",,,,
Predicted overall MVP,General Discussion,0,9,"December 10, 2023 at 9:10 PM AEDT",,,,
APAC SUPER TEAM,General Discussion,0,33,"December 25, 2023 at 12:20 PM AEDT",,,,
APAC Hot Takes?,General Discussion,0,26,"January 17, 2024 at 4:09 PM AEDT",,,,
Top 10 players in the world,General Discussion,0,40,"January 27, 2024 at 4:22 PM AEDT",,,,
"Monstrous, unbiased eyetest, top 5 itw list",General Discussion,0,29,"January 29, 2024 at 3:34 AM AEDT",,,,
PRX IGL,General Discussion,0,20,"February 18, 2024 at 5:38 PM AEDT",,,,
Monyet brainwashing?,General Discussion,29,86,"March 24, 2024 at 6:06 AM AEDT",,,,
mindfreak & monyet,General Discussion,1,37,"April 3, 2024 at 9:51 PM AEDT",,,,
Wanna talk kda? d4v41 has 12.5 kda,General Discussion,0,2,"May 3, 2024 at 8:50 PM AEST",,,,
FNS X D4v41,General Discussion,2,2,"May 4, 2024 at 11:28 PM AEST",,,,
PRX IGL ???,General Discussion,0,18,"May 5, 2024 at 6:37 PM AEST",,,,
Top 5 Favorite Players,General Discussion,1,56,"May 11, 2024 at 10:11 AM AEST",,,,
Smartest players,General Discussion,0,29,"May 13, 2024 at 1:44 PM AEST",,,,
(Probably Incorrect) Shanghai Rankings,General Discussion,0,5,"May 14, 2024 at 3:10 AM AEST",,,,
Stage 1's All-Valorant teams,General Discussion,11,58,"May 15, 2024 at 10:12 PM AEST",,,,
top 5 players at Shanghai,General Discussion,1,39,"May 16, 2024 at 4:12 AM AEST",,,,
PRX players are massively overrated,General Discussion,0,26,"June 1, 2024 at 1:37 AM AEST",,,,
Do we need mindfreak?,General Discussion,5,25,"June 3, 2024 at 8:41 PM AEST",,,,
International appearances,General Discussion,8,11,"June 9, 2024 at 8:37 AM AEST",,,,
Prx roster change?,General Discussion,1,25,"June 11, 2024 at 12:57 AM AEST",,,,
valorant men id trust with my drink,General Discussion,23,64,"June 17, 2024 at 4:05 AM AEST",,,,
if you could,General Discussion,1,34,"July 4, 2024 at 1:37 PM AEST",,,,
Monyet > mindfreak,General Discussion,0,18,"July 5, 2024 at 8:45 PM AEST",,,,
Davaii is incredible,General Discussion,2,37,"July 5, 2024 at 8:45 PM AEST",,,,
Best team of every region,General Discussion,0,15,"July 10, 2024 at 11:15 AM AEST",,,,
CURRENT TOP 5 PLAYERS EVERY ROLE,General Discussion,0,53,"July 11, 2024 at 11:24 AM AEST",,,,
Jinggg is prx as player,General Discussion,0,9,"July 21, 2024 at 1:17 AM AEST",,,,
jinggg haters come here,General Discussion,0,25,"July 23, 2024 at 4:21 AM AEST",,,,
Trexx,General Discussion,2,10,"August 9, 2024 at 6:37 PM AEST",,,,
"if you are PRX coach, would you rather",General Discussion,0,36,"August 11, 2024 at 11:14 PM AEST",,,,
PRX Fix,General Discussion,0,4,"August 12, 2024 at 12:09 PM AEST",,,,
random prx rant,General Discussion,3,18,"August 15, 2024 at 1:28 PM AEST",,,,
region all-star/dream teams?,General Discussion,0,43,"August 15, 2024 at 4:47 PM AEST",,,,
best player from each country,General Discussion,0,59,"September 11, 2024 at 5:08 PM AEST",,,,
I Become Analyst,General Discussion,4,51,"September 23, 2024 at 5:45 AM AEST",,,,
Prx something role switch?,General Discussion,1,19,"September 24, 2024 at 7:45 AM AEST",,,,
PRX something initiator,General Discussion,1,22,"September 24, 2024 at 11:30 PM AEST",,,,
Create your own all time roster for your region,General Discussion,0,38,"October 21, 2024 at 10:55 AM AEDT",,,,
Create Your Dream Team,General Discussion,0,53,"October 22, 2024 at 1:42 PM AEDT",,,,
GOAT of Every Agent,General Discussion,0,124,"October 29, 2024 at 4:49 PM AEDT",,,,
Dos9 vs davai,General Discussion,1,20,"November 8, 2024 at 9:51 PM AEDT",,,,
TOP 20 PLAYERS APAC,General Discussion,2,25,"November 12, 2024 at 12:56 AM AEDT",,,,
Best Regional Role Player 2025,General Discussion,2,28,"December 11, 2024 at 1:25 PM AEDT",,,,
Top 5 Handsome Val Players,General Discussion,0,51,"December 15, 2024 at 8:45 PM AEDT",,,,
GE FANS,General Discussion,0,17,"December 23, 2024 at 12:33 AM AEDT",,,,
Most underrated player,General Discussion,3,46,"January 31, 2025 at 2:38 AM AEDT",,,,
Forsaken,General Discussion,0,13,"February 2, 2025 at 12:51 AM AEDT",,,,
ALL OF PRX PROBLEMS,General Discussion,2,6,"February 2, 2025 at 7:30 AM AEDT",,,,
PRX Rossy,General Discussion,1,27,"February 2, 2025 at 8:47 PM AEDT",,,,
My PRX fix,General Discussion,2,12,"February 3, 2025 at 1:53 AM AEDT",,,,
do jinggg or something go?,General Discussion,0,20,"February 3, 2025 at 3:45 AM AEDT",,,,
prx fix,General Discussion,2,11,"March 4, 2025 at 11:37 PM AEDT",,,,
my personal prx,General Discussion,0,17,"March 5, 2025 at 5:25 AM AEDT",,,,
My opinion on Paper Rex,General Discussion,5,28,"March 11, 2025 at 10:53 PM AEDT",,,,
prx roles,General Discussion,0,6,"March 30, 2025 at 7:32 PM AEDT",,,,
WASHED,General Discussion,0,5,"March 30, 2025 at 9:07 PM AEDT",,,,
feels bad for prx(esp jing),General Discussion,2,6,"March 30, 2025 at 10:31 PM AEDT",,,,
Patmen...,General Discussion,2,4,"March 31, 2025 at 3:24 PM AEDT",,,,
if d4v41 wakes up now then its BYE BYE herectics,General Discussion,0,1,"March 18, 2024 at 6:38 AM AEDT",,,,
How would you create the strongest squad from your,General Discussion,1,141,"July 13, 2021 at 8:55 PM AEST",,,,
Fav player from each team?,General Discussion,1,29,"July 28, 2021 at 12:40 PM AEST",,,,
Wholesome,Off Topic,0,4,"August 26, 2021 at 8:39 PM AEST",,,,
Legit Berlin Rankings.,Off Topic,-8,25,"August 28, 2021 at 4:33 AM AEST",,,,
Have the teams left for berlin?,General Discussion,1,27,"September 1, 2021 at 10:32 AM AEST",,,,
F0rsaken OP compared to his brother Xccurate,General Discussion,1,2,"September 12, 2021 at 2:41 AM AEST",,,,
Teams that have stood out for me till now,General Discussion,3,7,"September 12, 2021 at 5:38 AM AEST",,,,
NEW RECORDS,General Discussion,4,9,"September 12, 2021 at 9:32 AM AEST",,,,
Underrated Players,General Discussion,0,17,"September 13, 2021 at 5:26 PM AEST",,,,
Wow,General Discussion,3,9,"September 15, 2021 at 10:15 PM AEST",,,,
BREN / Team Secret make Champions,General Discussion,5,35,"September 16, 2021 at 2:15 AM AEST",,,,
BEST FLEX PLAYER,General Discussion,0,23,"September 18, 2021 at 2:15 AM AEST",,,,
Jinggg added to paper Rex before lcq,General Discussion,0,4,"September 29, 2021 at 12:33 AM AEST",,,,
Jingg?,General Discussion,0,11,"October 12, 2021 at 2:15 AM AEDT",,,,
prx comp,General Discussion,1,20,"October 13, 2021 at 12:29 AM AEDT",,,,
9-Mar,General Discussion,0,16,"October 13, 2021 at 1:14 AM AEDT",,,,
COPY PASTA,Off Topic,1,20,"October 14, 2021 at 6:26 PM AEDT",,,,
Underrated pros,General Discussion,2,88,"October 19, 2021 at 10:30 AM AEDT",,,,
LESGOOOOOOOOOO,General Discussion,0,3,"November 14, 2021 at 9:25 PM AEDT",,,,
Best Pro Player IGN?,Off Topic,1,37,"November 22, 2021 at 7:34 AM AEDT",,,,
SEA Superteam based on countries,General Discussion,2,14,"December 10, 2021 at 12:09 AM AEDT",,,,
Favorite and least favorite player?,General Discussion,0,49,"December 28, 2021 at 4:28 AM AEDT",,,,
Skrossi and Vibhorr vs APH guys,General Discussion,0,116,"January 7, 2022 at 12:19 AM AEDT",,,,
Who is the best player in your country,General Discussion,1,76,"January 21, 2022 at 2:57 AM AEDT",,,,
Group B of APAC Playoffs: Group Stage,General Discussion,19,11,"March 5, 2022 at 9:30 PM AEDT",,,,
APAC Regions Ranked,General Discussion,0,31,"March 17, 2022 at 2:59 AM AEDT",,,,
APAC are the best at IGN,General Discussion,3,12,"March 24, 2022 at 5:05 AM AEDT",,,,
LOUD owns japan,General Discussion,0,61,"March 28, 2022 at 6:25 PM AEDT",,,,
[Stat Check] Masters 1 ACS,General Discussion,24,24,"April 3, 2022 at 8:49 AM AEST",,,,
Player rankings by Role,General Discussion,13,22,"April 10, 2022 at 8:31 AM AEST",,,,
playoffs tease,General Discussion,0,5,"April 14, 2022 at 10:59 PM AEST",,,,
Loud x PRX Grand Final?,General Discussion,0,31,"April 16, 2022 at 4:36 AM AEST",,,,
PRX player mousepad,General Discussion,1,12,"April 16, 2022 at 6:20 AM AEST",,,,
comparing the top4,General Discussion,3,9,"April 19, 2022 at 9:22 AM AEST",,,,
HLTV's CSGO Rating in VALORANT,General Discussion,47,38,"April 20, 2022 at 4:57 AM AEST",,,,
Ranking the Remaining Players at Masters,General Discussion,0,18,"April 20, 2022 at 7:40 AM AEST",,,,
Who is the best site anchor???,General Discussion,0,19,"April 26, 2022 at 5:06 PM AEST",,,,
Reykjavik by HLTV Rating (approximation),General Discussion,13,17,"April 28, 2022 at 11:13 AM AEST",,,,
Make your Global Super Team,General Discussion,1,51,"May 16, 2022 at 1:18 PM AEST",,,,
Worst usernames vs best usernames,General Discussion,3,30,"May 17, 2022 at 2:35 PM AEST",,,,
Valorant World Cup,General Discussion,7,78,"May 17, 2022 at 8:45 AM AEST",,,,
ASIA-PACIFIC REGIONAL DEBATE,General Discussion,0,121,"May 21, 2022 at 4:30 PM AEST",,,,
Top 10 most underrated players,General Discussion,1,18,"May 22, 2022 at 8:42 PM AEST",,,,
How to fix sentinels,General Discussion,8,32,"May 25, 2022 at 5:59 PM AEST",,,,
SMARTEST RANKINGS NA AND EMEA,General Discussion,0,10,"May 28, 2022 at 8:56 AM AEST",,,,
Your dream world team,General Discussion,0,64,"June 12, 2022 at 12:19 AM AEST",,,,
Dear TS_ChedZ,General Discussion,0,12,"June 20, 2022 at 10:39 AM AEST",,,,
Indonesia is the best APAC subregion,General Discussion,0,31,"June 20, 2022 at 9:53 PM AEST",,,,
TS fans come here,General Discussion,4,15,"June 25, 2022 at 7:36 PM AEST",,,,
Masters 2 rankings (come back after 1 month),General Discussion,21,39,"June 27, 2022 at 4:21 AM AEST",,,,
Didn't proof read L,General Discussion,6,8,"June 28, 2022 at 12:59 PM AEST",,,,
Curious case of PRX,General Discussion,6,20,"July 1, 2022 at 12:35 AM AEST",,,,
ACS OF ALL COPENHAGEN PLAYERS,General Discussion,0,2,"July 8, 2022 at 2:56 AM AEST",,,,
Copenhagen tracker.gg Megathread,General Discussion,13,24,"July 9, 2022 at 9:19 AM AEST",,,,
Rating masters IGLs,General Discussion,0,18,"July 12, 2022 at 3:14 AM AEST",,,,
OPTIC VS LOUD DAY 3 HOPIUM,General Discussion,0,13,"July 12, 2022 at 2:45 PM AEST",,,,
optic vs loud,General Discussion,0,32,"July 13, 2022 at 2:46 AM AEST",,,,
Playoffs Round 1 Predictions,General Discussion,0,10,"July 14, 2022 at 9:17 AM AEST",,,,
damn PRX looking really strong,General Discussion,0,17,"July 15, 2022 at 1:24 AM AEST",,,,
Best Chambers,General Discussion,1,7,"July 15, 2022 at 5:04 AM AEST",,,,
How SEN can win LCQ,General Discussion,0,37,"July 15, 2022 at 7:51 AM AEST",,,,
NERFING PRX,General Discussion,0,3,"July 16, 2022 at 12:15 AM AEST",,,,
Odds on PRX vs FNC,General Discussion,4,48,"July 16, 2022 at 12:59 PM AEST",,,,
NEXT ROUND PREDICTIONS,General Discussion,2,12,"July 16, 2022 at 4:08 PM AEST",,,,
champions istanbul soo hypee,General Discussion,1,8,"July 17, 2022 at 4:13 AM AEST",,,,
Each region Superteam,General Discussion,0,94,"July 17, 2022 at 12:27 PM AEST",,,,
How many bombs will Captain Derke drop today?,General Discussion,0,20,"July 17, 2022 at 4:48 PM AEST",,,,
reminder that 3 of PRX have covid,General Discussion,1,17,"July 18, 2022 at 2:58 AM AEST",,,,
PRX ARE SMART,General Discussion,13,17,"July 18, 2022 at 3:04 AM AEST",,,,
PREDICTIONS,General Discussion,0,7,"July 18, 2022 at 7:08 AM AEST",,,,
Optic vs PRX,General Discussion,0,7,"July 18, 2022 at 10:40 AM AEST",,,,
how to beat paper rex,General Discussion,0,92,"July 18, 2022 at 12:41 PM AEST",,,,
prx crowd,General Discussion,0,18,"July 19, 2022 at 1:09 AM AEST",,,,
Plz PRX win this Masters,General Discussion,0,19,"July 19, 2022 at 7:22 AM AEST",,,,
Let's be honest,General Discussion,1,30,"July 19, 2022 at 8:05 AM AEST",,,,
Adios Muchachos,General Discussion,6,12,"July 23, 2022 at 3:43 AM AEST",,,,
BEST PLAYERS IN THE WORLD,General Discussion,0,18,"July 24, 2022 at 5:47 AM AEST",,,,
Icebox,General Discussion,0,3,"July 25, 2022 at 2:12 AM AEST",,,,
W mods,General Discussion,0,9,"July 25, 2022 at 3:25 AM AEST",,,,
PRX strat,General Discussion,0,10,"July 25, 2022 at 3:33 AM AEST",,,,
GO HOME ODINOOBS,General Discussion,0,13,"July 25, 2022 at 5:36 AM AEST",,,,
FPX destroyed PRX,General Discussion,0,8,"July 25, 2022 at 10:48 PM AEST",,,,
Adios,General Discussion,0,20,"July 27, 2022 at 2:09 AM AEST",,,,
Most loved VALORANT pros?,General Discussion,0,48,"July 28, 2022 at 5:58 AM AEST",,,,
Best player with each agent?,General Discussion,0,101,"August 7, 2022 at 9:45 AM AEST",,,,
VLR.GG SUPERSTAR ROSTER,General Discussion,24,214,"August 10, 2022 at 7:19 PM AEST",,,,
List of Country representitives,General Discussion,1,12,"August 15, 2022 at 9:44 AM AEST",,,,
Blled disband,General Discussion,0,54,"August 15, 2022 at 6:11 PM AEST",,,,
Top 3 CHAMBERS.,General Discussion,1,36,"August 17, 2022 at 11:12 PM AEST",,,,
ez money when edg wins,General Discussion,0,20,"August 19, 2022 at 4:04 AM AEST",,,,
What would your VAL Roster be,General Discussion,0,73,"August 23, 2022 at 11:11 PM AEST",,,,
FantasyVCT,Off Topic,5,35,"August 25, 2022 at 8:55 AM AEST",,,,
What regions makes the best players,General Discussion,0,69,"August 27, 2022 at 10:41 PM AEST",,,,
Top 20 Players at Champs,General Discussion,0,22,"August 30, 2022 at 11:16 PM AEST",,,,
PRX vs EDG: Facts and Analysis,General Discussion,4,2,"September 1, 2022 at 3:53 AM AEST",,,,
How PRX Becoming famous,General Discussion,0,3,"September 1, 2022 at 3:21 PM AEST",,,,
PRX VS TL HEAD TO HEAD,General Discussion,3,15,"September 7, 2022 at 10:42 PM AEST",,,,
Paper Rex :(,General Discussion,38,55,"September 8, 2022 at 3:36 AM AEST",,,,
is PRX disbanding ?,General Discussion,1,25,"September 8, 2022 at 3:42 AM AEST",,,,
thank you for the best memory prx,General Discussion,5,5,"September 8, 2022 at 12:35 PM AEST",,,,
EU superteam,General Discussion,0,36,"September 8, 2022 at 10:08 PM AEST",,,,
MAKE YOUR APAC FRANCHISE TEAM,General Discussion,0,7,"September 16, 2022 at 9:41 AM AEST",,,,
your top 3 fav Val rosters,General Discussion,5,52,"September 17, 2022 at 9:26 PM AEST",,,,
What would be ypur best national team,General Discussion,3,71,"September 19, 2022 at 3:46 PM AEST",,,,
Paper new roster 2023 ?,General Discussion,0,19,"September 19, 2022 at 9:39 PM AEST",,,,
frauds exposed(RNT),General Discussion,0,33,"October 7, 2022 at 9:36 PM AEDT",,,,
VALORANT FRANCHISE TEAMS MEGATHREAD,General Discussion,11,7,"October 10, 2022 at 7:10 AM AEDT",,,,
All apac franchise rosters till now,General Discussion,0,8,"October 10, 2022 at 5:37 PM AEDT",,,,
my VCT 2023 TOP 10 ROSTER,General Discussion,0,26,"October 16, 2022 at 6:34 AM AEDT",,,,
PRX 6th man,General Discussion,0,28,"October 19, 2022 at 4:03 PM AEDT",,,,
Franchising rosters MEGA THREAD,General Discussion,4,2,"October 24, 2022 at 12:09 PM AEDT",,,,
Best player from each countries,General Discussion,0,8,"October 24, 2022 at 12:14 PM AEDT",,,,
Country Represent in Pacific League,General Discussion,1,14,"October 25, 2022 at 12:53 AM AEDT",,,,
Flex players,General Discussion,0,19,"October 29, 2022 at 12:22 PM AEDT",,,,
Make ur countries best five,General Discussion,0,152,"October 31, 2022 at 2:26 PM AEDT",,,,
VCT Pacific Roster Reveal,General Discussion,2,4,"November 15, 2022 at 7:16 AM AEDT",,,,
PRX vs GE,General Discussion,0,45,"November 19, 2022 at 2:26 AM AEDT",,,,
Prx Vs Ge,General Discussion,0,22,"November 19, 2022 at 6:17 AM AEDT",,,,
Stop Fighting on BO1,General Discussion,0,38,"November 20, 2022 at 5:14 PM AEDT",,,,
Prx Davai,General Discussion,8,18,"November 20, 2022 at 11:45 PM AEDT",,,,
PRX: Org Overview,General Discussion,20,16,"November 24, 2022 at 6:19 AM AEDT",,,,
Tier 1 Player with the largest agent pool?,General Discussion,0,57,"November 29, 2022 at 8:15 AM AEDT",,,,
TvCA - The vlr.gg Community Awards,Off Topic,23,268,"December 8, 2022 at 12:55 AM AEDT",,,,
Your Dream Valorant Team,General Discussion,0,60,"January 5, 2023 at 11:24 PM AEDT",,,,
APAC REGION OVERVIEW,Off Topic,6,26,"January 12, 2023 at 3:25 AM AEDT",,,,
Best Awpers In Asia,General Discussion,0,93,"January 25, 2023 at 8:12 PM AEDT",,,,
PRX exposed as not wholesome?,General Discussion,0,80,"February 15, 2023 at 2:28 PM AEDT",,,,
meteor > aspas,General Discussion,0,23,"February 16, 2023 at 8:33 AM AEDT",,,,
Role Rankings: Player Quality per Region,General Discussion,9,41,"March 1, 2023 at 1:55 AM AEDT",,,,
VCL SOUTH ASIA'23 // TEAMS,General Discussion,15,95,"March 6, 2023 at 9:45 PM AEDT",,,,
the future of PRX,General Discussion,7,94,"March 8, 2023 at 2:16 AM AEDT",,,,
Which pacific region is strong,General Discussion,0,46,"March 10, 2023 at 2:27 PM AEDT",,,,
f0rsaken new role?,General Discussion,2,26,"March 13, 2023 at 10:44 PM AEDT",,,,
ABC Val Players,General Discussion,0,58,"March 15, 2023 at 4:15 PM AEDT",,,,
PRX Something update?,General Discussion,0,11,"March 19, 2023 at 12:39 AM AEDT",,,,
cs2 killed val :(,Off Topic,13,78,"March 24, 2023 at 4:40 PM AEDT",,,,
xnfri,General Discussion,0,8,"March 26, 2023 at 10:02 PM AEDT",,,,
Bench Botfrek,General Discussion,0,10,"March 26, 2023 at 10:07 PM AEDT",,,,
Your top 5 favourite Val players?,General Discussion,3,120,"March 29, 2023 at 11:07 PM AEDT",,,,
Forsaken and d4v4i,General Discussion,0,24,"April 2, 2023 at 7:53 PM AEST",,,,
PRX savior,General Discussion,0,10,"April 2, 2023 at 10:52 PM AEST",,,,
no igl for prx?,General Discussion,0,19,"April 7, 2023 at 9:52 PM AEST",,,,
Something plays tomorrow,General Discussion,2,10,"April 8, 2023 at 7:47 AM AEST",,,,
OMG BENKAI IS REPLACED,General Discussion,0,10,"April 8, 2023 at 9:09 PM AEST",,,,
WTF,General Discussion,0,3,"April 8, 2023 at 9:09 PM AEST",,,,
valorant -> cs2 migration,General Discussion,0,60,"April 12, 2023 at 12:11 AM AEST",,,,
This is PRX we want to see,General Discussion,0,4,"April 15, 2023 at 8:46 PM AEST",,,,
d4v4i,General Discussion,0,6,"April 15, 2023 at 9:06 PM AEST",,,,
PRX Bruh,General Discussion,0,17,"April 15, 2023 at 9:08 PM AEST",,,,
#NAME?,General Discussion,0,59,"April 15, 2023 at 9:47 PM AEST",,,,
What is your super roster ?,General Discussion,0,70,"April 19, 2023 at 8:02 AM AEST",,,,
Cs vs Val Pros,General Discussion,0,75,"April 16, 2023 at 3:09 PM AEST",,,,
best igls from APAC?,General Discussion,0,14,"April 21, 2023 at 10:38 AM AEST",,,,
CGRS,General Discussion,0,10,"April 22, 2023 at 6:02 PM AEST",,,,
Multi Nation,General Discussion,1,3,"April 22, 2023 at 6:20 PM AEST",,,,
PRX CLOWN ORG,General Discussion,0,23,"April 22, 2023 at 6:48 PM AEST",,,,
top 3 role in each region atm(not in order),General Discussion,0,33,"April 24, 2023 at 7:12 AM AEST",,,,
WRONSKI is the best player in History of Valorant,General Discussion,24,74,"May 2, 2023 at 9:20 AM AEST",,,,
Jett players who can play other agents,General Discussion,4,74,"May 3, 2023 at 9:16 PM AEST",,,,
Obel's FaceOff 3,General Discussion,0,5,"May 9, 2023 at 8:19 AM AEST",,,,
Top 10 Sentinels So Far 2023,General Discussion,0,19,"May 9, 2023 at 9:36 AM AEST",,,,
TOP 23 PLAYERS STATISTICALLY (only tier 1),General Discussion,1,10,"May 13, 2023 at 3:15 PM AEST",,,,
each league’s superteam by rating in this split,General Discussion,5,23,"May 14, 2023 at 1:27 AM AEST",,,,
Top 5 in every role CURRENTLY,General Discussion,5,24,"May 18, 2023 at 2:41 PM AEST",,,,
Top 5 Players so far,General Discussion,0,57,"May 18, 2023 at 8:17 AM AEST",,,,
Most fragging IGL,General Discussion,0,30,"May 22, 2023 at 5:51 AM AEST",,,,
PRX masterclass,General Discussion,2,4,"May 22, 2023 at 7:40 PM AEST",,,,
PRX appreciation thread,General Discussion,0,4,"May 22, 2023 at 7:47 PM AEST",,,,
who is igl on prx,General Discussion,0,23,"May 23, 2023 at 10:00 AM AEST",,,,
goat poll,General Discussion,1,8,"May 25, 2023 at 6:15 AM AEST",,,,
PRX each year,Off Topic,3,9,"May 25, 2023 at 11:40 PM AEST",,,,
PRX real fix,General Discussion,0,5,"May 28, 2023 at 8:10 PM AEST",,,,
Take on forsaken!,General Discussion,0,18,"May 28, 2023 at 8:41 PM AEST",,,,
benkai,General Discussion,0,10,"May 28, 2023 at 9:00 PM AEST",,,,
Who's IGL'ing for PRX,General Discussion,1,8,"May 28, 2023 at 11:46 PM AEST",,,,
Lan/playoffs players,General Discussion,0,4,"May 30, 2023 at 12:13 AM AEST",,,,
S tier players RANK,General Discussion,0,163,"May 30, 2023 at 3:49 AM AEST",,,,
CN/KR are the strongest countries,General Discussion,0,26,"May 30, 2023 at 5:51 AM AEST",,,,
Who is ur top 10 favorite players,General Discussion,0,44,"June 1, 2023 at 5:14 AM AEST",,,,
best fragging igl?,General Discussion,0,88,"June 3, 2023 at 8:36 AM AEST",,,,
Obel's FaceOff 23,General Discussion,0,13,"June 7, 2023 at 2:43 AM AEST",,,,
What's YOUR top 10 players in masters Tokyo,General Discussion,3,52,"June 7, 2023 at 6:05 AM AEST",,,,
TRUE TOP 10 PLAYERS (In Tokyo),General Discussion,0,43,"June 7, 2023 at 11:22 AM AEST",,,,
PRX fans come,General Discussion,0,4,"June 10, 2023 at 6:29 PM AEST",,,,
Most underrated player Tokyo,General Discussion,1,62,"June 10, 2023 at 6:59 AM AEST",,,,
Make your Tokyo predictions,General Discussion,0,30,"June 10, 2023 at 11:37 PM AEST",,,,
Obel's FaceOff 25,General Discussion,2,7,"June 13, 2023 at 1:52 PM AEST",,,,
TOP 10 TEAMS (WORLD),General Discussion,4,30,"June 13, 2023 at 11:33 PM AEST",,,,
Yo why do ppl think fut beating drx,General Discussion,0,14,"June 14, 2023 at 5:45 AM AEST",,,,
EDG vs PRX in playoffs,General Discussion,0,9,"June 14, 2023 at 5:20 PM AEST",,,,
PRX cgrs,General Discussion,1,9,"June 15, 2023 at 2:49 AM AEST",,,,
Obel's FaceOff 27,General Discussion,1,7,"June 15, 2023 at 7:54 AM AEST",,,,
best pure 1v1 players??,General Discussion,1,50,"June 14, 2023 at 10:26 PM AEST",,,,
Benkai,General Discussion,3,17,"June 17, 2023 at 3:22 PM AEST",,,,
drx bad or,General Discussion,0,13,"June 17, 2023 at 4:04 PM AEST",,,,
Masters Tokyo Superteams,General Discussion,1,9,"June 17, 2023 at 9:25 PM AEST",,,,
If PRX win vs FNATIC,General Discussion,0,10,"June 19, 2023 at 12:01 PM AEST",,,,
PRX CGRS,General Discussion,11,21,"June 19, 2023 at 4:51 PM AEST",,,,
You can't compare alfajer with any other sentinel,General Discussion,2,34,"June 20, 2023 at 12:21 AM AEST",,,,
genuine takeaways from playoffs,General Discussion,9,21,"June 20, 2023 at 10:39 PM AEST",,,,
Todays Preds,General Discussion,0,22,"June 21, 2023 at 11:57 AM AEST",,,,
Liquid vs PRX,General Discussion,0,9,"June 21, 2023 at 5:44 PM AEST",,,,
about prx,General Discussion,0,5,"June 21, 2023 at 9:02 PM AEST",,,,
PRX 2024,General Discussion,1,40,"June 22, 2023 at 2:39 PM AEST",,,,
My SEN copium pickem,General Discussion,0,29,"June 22, 2023 at 2:40 PM AEST",,,,
superteam,General Discussion,0,23,"June 23, 2023 at 1:30 AM AEST",,,,
PRX better with CGRS?,General Discussion,0,19,"June 24, 2023 at 2:08 AM AEST",,,,
watching PRX at its finest,General Discussion,7,8,"June 24, 2023 at 4:04 PM AEST",,,,
Are PRX gonna play THAT comp,General Discussion,0,9,"June 24, 2023 at 5:07 PM AEST",,,,
Reflecting on PRX,General Discussion,5,7,"June 24, 2023 at 6:02 PM AEST",,,,
f0rsakeN appreciation,General Discussion,6,20,"June 24, 2023 at 6:13 PM AEST",,,,
The team that would destroy fnatic,General Discussion,0,37,"June 27, 2023 at 1:54 PM AEST",,,,
Pro player troll names,General Discussion,1,33,"June 27, 2023 at 4:29 PM AEST",,,,
Superteams with Alphabets,General Discussion,1,33,"June 28, 2023 at 5:36 PM AEST",,,,
Bye benkai,General Discussion,20,34,"June 28, 2023 at 11:07 PM AEST",,,,
This or that ? (2),General Discussion,0,29,"June 30, 2023 at 4:51 PM AEST",,,,
I guess ur gender,General Discussion,0,62,"July 3, 2023 at 8:44 PM AEST",,,,
BEST PLAYERS FROM YOUR COUNTRY,General Discussion,3,93,"July 4, 2023 at 2:08 PM AEST",,,,
Pickems: Pacific Ascension Playoffs,General Discussion,2,25,"July 4, 2023 at 8:23 PM AEST",,,,
hot takes,General Discussion,1,31,"July 8, 2023 at 6:02 PM AEST",,,,
Can we all agree that boom eSports,General Discussion,0,18,"July 9, 2023 at 8:55 PM AEST",,,,
Best Underrated Players?,General Discussion,0,65,"August 17, 2021 at 6:26 PM AEST",,,,
Valorant Hall of Fame,General Discussion,2,28,"July 11, 2023 at 12:27 PM AEST",,,,
Can we all agree,General Discussion,0,37,"July 13, 2023 at 4:49 AM AEST",,,,
Asia top 10 players ranked,General Discussion,0,60,"July 16, 2023 at 4:09 PM AEST",,,,
# of times players reached interregional LANs,General Discussion,13,70,"July 19, 2023 at 3:38 AM AEST",,,,
someone get monyet an actual team,General Discussion,7,21,"July 19, 2023 at 8:15 PM AEST",,,,
is kangkang the best asian player ever?,General Discussion,0,46,"July 20, 2023 at 10:36 AM AEST",,,,
PRX something potential,General Discussion,0,55,"March 9, 2023 at 12:42 PM AEDT",,,,
Is Trexx top 10 in the world?,General Discussion,0,52,"July 22, 2023 at 1:51 AM AEST",,,,
Invy,General Discussion,1,8,"July 22, 2023 at 8:51 PM AEST",,,,
actual top 10 players of 2023 list,General Discussion,0,26,"July 22, 2023 at 10:39 PM AEST",,,,
Actual top 10 players,General Discussion,3,38,"July 22, 2023 at 11:01 PM AEST",,,,
china dominant the champions,General Discussion,0,1,"July 24, 2023 at 12:31 PM AEST",,,,
Make a roster with one player from each region,Off Topic,0,26,"July 24, 2023 at 11:12 PM AEST",,,,
top 10 initiarors rn,General Discussion,1,39,"July 25, 2023 at 7:43 PM AEST",,,,
Best players on each team at champs (read below),General Discussion,0,18,"July 26, 2023 at 7:32 AM AEST",,,,
favorite pro names?,General Discussion,4,40,"July 27, 2023 at 7:36 AM AEST",,,,
PRX fans and haters come,General Discussion,2,54,"July 27, 2023 at 12:35 PM AEST",,,,
Most underrated player from each Champions team,General Discussion,1,13,"July 28, 2023 at 9:14 AM AEST",,,,
Who is overrated,General Discussion,0,89,"July 28, 2023 at 7:05 AM AEST",,,,
who do u think is the most underrated valo player,General Discussion,0,16,"July 28, 2023 at 3:31 PM AEST",,,,
TMV Top 10 Players,General Discussion,0,47,"July 29, 2023 at 1:23 AM AEST",,,,
Champions agent wise predictions,General Discussion,0,11,"August 1, 2023 at 5:00 AM AEST",,,,
eg and paper rex,General Discussion,0,66,"August 1, 2023 at 10:04 AM AEST",,,,
most underrated player itw,General Discussion,0,25,"August 2, 2023 at 2:16 AM AEST",,,,
Finals Appearances and Wins,General Discussion,1,4,"August 3, 2023 at 3:38 PM AEST",,,,
[ALLAT] all T1 teams set 2024 rosters,General Discussion,0,1,"August 4, 2023 at 4:31 AM AEST",,,,
pro temp account list,General Discussion,9,33,"August 4, 2023 at 11:21 PM AEST",,,,
Your favourite players in each role?,General Discussion,0,26,"August 7, 2023 at 3:20 AM AEST",,,,
Best playesr at their roles,General Discussion,3,19,"August 10, 2023 at 4:25 AM AEST",,,,
create a team to take down fnatic,General Discussion,0,29,"August 10, 2023 at 12:24 PM AEST",,,,
most underrated player,General Discussion,1,17,"August 10, 2023 at 9:02 PM AEST",,,,
Most Underrated Player at Champions,General Discussion,1,12,"August 11, 2023 at 1:52 AM AEST",,,,
Nickname for every players in this tournament,General Discussion,0,32,"August 11, 2023 at 3:16 AM AEST",,,,
PRX is too good.,General Discussion,1,4,"August 11, 2023 at 6:56 AM AEST",,,,
SUPER TEAM TO BEAT FNATIC,General Discussion,2,27,"August 11, 2023 at 7:47 AM AEST",,,,
something op,General Discussion,1,4,"August 11, 2023 at 11:04 AM AEST",,,,
d4v41 + forsaken,General Discussion,0,1,"August 11, 2023 at 6:36 PM AEST",,,,
best in game name,General Discussion,0,26,"August 12, 2023 at 10:14 AM AEST",,,,
THE HARSH TRUTH,General Discussion,3,18,"August 13, 2023 at 9:03 AM AEST",,,,
S-Tier Players,General Discussion,1,41,"August 13, 2023 at 9:12 AM AEST",,,,
BEST REGIONS FOR EACH ROLE,General Discussion,0,25,"August 13, 2023 at 8:13 PM AEST",,,,
Make Your Own INTERNATIONAL SUPER TEAM,General Discussion,1,57,"August 13, 2023 at 11:57 AM AEST",,,,
THEY BLEED,General Discussion,6,9,"August 17, 2023 at 6:57 AM AEST",,,,
How tf is anyone supposed to beat paper rex?,General Discussion,0,11,"August 17, 2023 at 10:35 AM AEST",,,,
Top 3 flex players,General Discussion,0,30,"August 18, 2023 at 11:55 AM AEST",,,,
ethan top 5 iniator inw rn?,General Discussion,0,27,"August 19, 2023 at 7:46 AM AEST",,,,
PRX & DRX NA Tracker score,General Discussion,0,10,"August 20, 2023 at 2:01 AM AEST",,,,
About PRX and Loud in LA,General Discussion,3,5,"August 20, 2023 at 7:37 AM AEST",,,,
best player on every team,General Discussion,0,13,"August 20, 2023 at 8:25 AM AEST",,,,
Best Shorty player,General Discussion,1,12,"August 20, 2023 at 6:02 PM AEST",,,,
Jinggg Replacement for Next Year,General Discussion,0,53,"August 23, 2023 at 5:39 AM AEST",,,,
CSGO peeps come,General Discussion,0,28,"August 24, 2023 at 4:25 AM AEST",,,,
Champs Top 4 by numbers,General Discussion,0,14,"August 24, 2023 at 8:33 PM AEST",,,,
BcJ,General Discussion,6,35,"August 24, 2023 at 11:47 AM AEST",,,,
c0m heaven 1v2,General Discussion,0,16,"August 25, 2023 at 6:10 AM AEST",,,,
botfrag on ascent got little too excited,General Discussion,0,2,"August 25, 2023 at 7:02 AM AEST",,,,
prx,General Discussion,0,9,"August 25, 2023 at 7:03 AM AEST",,,,
I DONT KNOW WHAT HAPPENED BUT NICE ROUND,General Discussion,0,9,"August 25, 2023 at 8:16 AM AEST",,,,
if PRX Winning Valorant world champions,General Discussion,3,15,"August 25, 2023 at 5:28 PM AEST",,,,
ALL-TIME INTERNATIONAL KILLS LEADERBOARD,General Discussion,16,31,"August 26, 2023 at 1:58 AM AEST",,,,
pro tip to be better,General Discussion,0,4,"August 27, 2023 at 7:32 AM AEST",,,,
LOUD 2023,General Discussion,6,15,"August 26, 2023 at 10:41 AM AEST",,,,
Paper rex roster,General Discussion,5,18,"August 27, 2023 at 11:43 AM AEST",,,,
Guaranteed hall of famers,Off Topic,9,38,"August 27, 2023 at 2:24 PM AEST",,,,
",,Updated"" TOP 20 PLAYERS OF THE YEAR",General Discussion,0,49,"August 28, 2023 at 2:44 AM AEST",,,,
VALORANT CHAMPIONS TOUR 2023 - END OF SEASON AWARD,General Discussion,1,6,"August 28, 2023 at 12:12 PM AEST",,,,
2023 Player Ranking Survey,General Discussion,11,22,"August 28, 2023 at 2:08 AM AEST",,,,
Top 20 most skilled players,General Discussion,3,3,"August 29, 2023 at 3:14 AM AEST",,,,
VRA Most Improved Player,General Discussion,3,17,"August 29, 2023 at 3:45 AM AEST",,,,
BEST EX-CSGO VALORANT ROSTER,General Discussion,0,38,"August 29, 2023 at 10:33 AM AEST",,,,
MIP Results,General Discussion,0,1,"August 30, 2023 at 3:38 AM AEST",,,,
super team made from each region,General Discussion,0,28,"September 1, 2023 at 12:54 PM AEST",,,,
soulcas scrim clips,General Discussion,3,57,"September 2, 2023 at 7:00 AM AEST",,,,
Nivera the chad best op player,General Discussion,1,15,"September 3, 2023 at 10:27 PM AEST",,,,
20 most skilled players revisted,General Discussion,6,6,"September 9, 2023 at 3:34 PM AEST",,,,
PRX an Indo Team Now?,General Discussion,0,24,"September 10, 2023 at 8:22 PM AEST",,,,
top 5 best gamesense players,General Discussion,0,15,"September 11, 2023 at 3:57 PM AEST",,,,
2024 teams,General Discussion,0,1,"September 12, 2023 at 12:16 PM AEST",,,,
PRX and DRX,General Discussion,0,63,"September 12, 2023 at 5:33 PM AEST",,,,
"""chamber is a duelist"" is dumb",General Discussion,6,50,"September 13, 2023 at 3:11 PM AEST",,,,
where are they now? (#14),General Discussion,0,4,"September 17, 2023 at 10:03 PM AEST",,,,
where are they now? (#13),General Discussion,0,10,"September 18, 2023 at 4:09 AM AEST",,,,
sentinels will win madrid!!!!,General Discussion,1,20,"September 17, 2023 at 1:14 PM AEST",,,,
if the world was right,General Discussion,4,34,"September 20, 2023 at 6:15 PM AEST",,,,
ALL T1 ROSTERS,General Discussion,3,2,"September 21, 2023 at 8:24 PM AEST",,,,
"T1, PRX and RRQ comp",General Discussion,0,22,"September 24, 2023 at 4:21 AM AEST",,,,
VCT TWITTER FOLLOWERS RANKED,General Discussion,24,44,"September 26, 2023 at 12:59 AM AEST",,,,
Fun fact about BLEED crazyguy,Off Topic,5,22,"September 28, 2023 at 7:25 AM AEST",,,,
Early Pacific 2024 rankings (not serious),General Discussion,0,5,"October 3, 2023 at 3:33 AM AEDT",,,,
best player from each game who came to,General Discussion,0,52,"October 4, 2023 at 3:29 AM AEDT",,,,
Top SOVA of VCT PACIFIC 2024 (based on rating),General Discussion,0,5,"October 4, 2023 at 10:32 AM AEDT",,,,
TOP 10 Best and Worst SOVA on VCT 2024,General Discussion,0,5,"October 4, 2023 at 11:19 AM AEDT",,,,
Top SKYE of VCT PACIFIC 2024,General Discussion,0,5,"October 5, 2023 at 4:10 AM AEDT",,,,
TOP 10 Best and Worst SKYE on VCT 2024,General Discussion,0,5,"October 5, 2023 at 4:48 AM AEDT",,,,
Top SAGE of VCT PACIFIC 2024,General Discussion,0,1,"October 5, 2023 at 9:30 AM AEDT",,,,
TOP 10 Best and Worst SAGE on VCT 2024,General Discussion,0,5,"October 5, 2023 at 9:36 AM AEDT",,,,
Best franchise team roster,General Discussion,0,68,"October 5, 2023 at 1:48 AM AEDT",,,,
Make your dream team.,General Discussion,0,81,"October 9, 2023 at 3:27 AM AEDT",,,,
zekken,General Discussion,0,34,"October 18, 2023 at 9:57 AM AEDT",,,,
APAC FINISHED,General Discussion,0,77,"October 18, 2023 at 7:36 PM AEDT",,,,
What Age Wins,General Discussion,5,39,"October 19, 2023 at 2:10 PM AEDT",,,,
Top 15 2023,General Discussion,0,35,"November 3, 2023 at 3:33 AM AEDT",,,,
Tenz,General Discussion,0,35,"November 3, 2023 at 5:31 AM AEDT",,,,
something,Off Topic,0,5,"November 3, 2023 at 7:45 AM AEDT",,,,
VCT 2023 HIGHEST KILL COUNTS,General Discussion,4,23,"November 11, 2023 at 9:58 AM AEDT",,,,
build your team,General Discussion,1,42,"November 12, 2023 at 2:26 PM AEDT",,,,
Best Players of Each Role,General Discussion,0,25,"November 29, 2023 at 1:50 AM AEDT",,,,
Sova issue on prx,General Discussion,0,22,"December 6, 2023 at 12:15 AM AEDT",,,,
whats up with this PRX bs.,General Discussion,0,20,"December 6, 2023 at 1:09 PM AEDT",,,,
Orangepanda come,General Discussion,0,26,"December 7, 2023 at 11:00 PM AEDT",,,,
PRX Split,General Discussion,0,2,"December 10, 2023 at 9:34 PM AEDT",,,,
AfreecaTV Top 10 Rated Players,General Discussion,2,11,"December 10, 2023 at 11:40 PM AEDT",,,,
Prx having is bad or is just showing mist side,General Discussion,0,34,"December 10, 2023 at 11:47 PM AEDT",,,,
We need to talk about RunneR,General Discussion,0,57,"December 15, 2023 at 2:39 AM AEDT",,,,
Countries with most players in VCT 2024 (rn),General Discussion,0,16,"December 15, 2023 at 10:02 AM AEDT",,,,
blazek1ng,General Discussion,5,23,"December 17, 2023 at 1:58 AM AEDT",,,,
Nonbiased top 5 recon itw,General Discussion,0,18,"December 18, 2023 at 9:34 AM AEDT",,,,
VLR 2023 VCT Vote,General Discussion,8,75,"December 20, 2023 at 3:46 PM AEDT",,,,
Super TEAM in every region,General Discussion,2,65,"December 20, 2023 at 9:45 PM AEDT",,,,
derke documentary,General Discussion,0,46,"December 21, 2023 at 3:00 AM AEDT",,,,
VLR top 20 2023,General Discussion,0,23,"December 28, 2023 at 10:36 AM AEDT",,,,
Top 20 players (2023) don't @ me,General Discussion,1,17,"December 28, 2023 at 2:51 PM AEDT",,,,
2024 Best Agent Players Predictions,General Discussion,0,44,"January 4, 2024 at 2:28 AM AEDT",,,,
VLR Awards & Top 20,General Discussion,1,29,"January 16, 2024 at 10:55 AM AEDT",,,,
best player on each agent(really based list),General Discussion,1,28,"January 23, 2024 at 4:10 PM AEDT",,,,
"high IQ top 5 unbiased list, nothing but the truth",General Discussion,0,28,"January 29, 2024 at 6:06 AM AEDT",,,,
Valorant world up,General Discussion,0,9,"January 30, 2024 at 2:17 AM AEDT",,,,
Top Players in Each Role in Each Region (sry china,General Discussion,0,46,"January 30, 2024 at 8:31 AM AEDT",,,,
top 3 itw list,General Discussion,3,38,"January 29, 2024 at 4:47 AM AEDT",,,,
teams and players with correct caps and flags,General Discussion,0,4,"January 31, 2024 at 2:43 PM AEDT",,,,
VCT SIMULATOR!,General Discussion,0,41,"February 3, 2024 at 5:14 AM AEDT",,,,
Screw it. Top 20 players (excluding CN),General Discussion,1,10,"February 9, 2024 at 9:07 PM AEDT",,,,
APAC Scrimbux CNY,General Discussion,17,38,"February 10, 2024 at 9:24 PM AEDT",,,,
C9 vs NRG,General Discussion,0,27,"February 12, 2024 at 11:33 PM AEDT",,,,
Longest core,General Discussion,0,19,"February 17, 2024 at 6:52 AM AEDT",,,,
Players who play 'perfect',General Discussion,5,95,"February 19, 2024 at 5:30 PM AEDT",,,,
PRX is washed,General Discussion,0,16,"February 19, 2024 at 5:47 PM AEDT",,,,
wtf,General Discussion,1,7,"February 19, 2024 at 5:56 PM AEDT",,,,
unlucky,General Discussion,0,5,"February 19, 2024 at 6:02 PM AEDT",,,,
Monyet,General Discussion,0,19,"February 19, 2024 at 7:48 PM AEDT",,,,
Pacific and China Superteam?,General Discussion,0,23,"February 20, 2024 at 5:21 PM AEDT",,,,
who would u pick to win in a region allstars game,General Discussion,3,6,"February 21, 2024 at 12:11 PM AEDT",,,,
Your top5 players from Every Regions (biased),General Discussion,0,21,"February 22, 2024 at 4:56 AM AEDT",,,,
midnyet,General Discussion,0,21,"February 25, 2024 at 10:54 PM AEDT",,,,
Players identified with their skins?,General Discussion,1,59,"March 2, 2024 at 10:56 PM AEDT",,,,
i dont understand.,General Discussion,0,7,"March 3, 2024 at 5:19 AM AEDT",,,,
Now we know the problem with PRX on final,General Discussion,1,6,"March 3, 2024 at 5:42 AM AEDT",,,,
demon1 hate,General Discussion,1,3,"March 5, 2024 at 5:08 PM AEDT",,,,
Madrid Rankings (imo),General Discussion,0,8,"March 6, 2024 at 12:07 AM AEDT",,,,
Everyone yapping so much,General Discussion,2,13,"March 6, 2024 at 5:11 AM AEDT",,,,
kinda feel like hating today,General Discussion,3,125,"March 6, 2024 at 5:22 AM AEDT",,,,
CSGO TO VALO,General Discussion,0,22,"March 6, 2024 at 6:31 PM AEDT",,,,
Top 3 in Every Role at Madrid,General Discussion,0,36,"March 7, 2024 at 1:57 AM AEDT",,,,
TOP 10 PLAYERS AT MADRID,General Discussion,0,28,"March 10, 2024 at 11:11 AM AEDT",,,,
Can you guys stop glazing Flor?,Off Topic,1,26,"March 11, 2024 at 1:23 PM AEDT",,,,
My Masters Madrid Player And Team Predictions,General Discussion,3,35,"March 12, 2024 at 5:49 PM AEDT",,,,
PRX Buzz,General Discussion,0,13,"March 14, 2024 at 3:23 AM AEDT",,,,
Paper Rex is very underrated,General Discussion,0,6,"March 15, 2024 at 7:21 AM AEDT",,,,
top 5 prx fans,General Discussion,0,16,"March 16, 2024 at 2:59 AM AEDT",,,,
TMV is not wrong!!,General Discussion,0,6,"March 16, 2024 at 4:11 AM AEDT",,,,
Paper Rex Split Comp,General Discussion,0,1,"March 16, 2024 at 5:13 AM AEDT",,,,
top 25 players from M3 Berlin and M2 Reykjavik:,General Discussion,1,1,"March 16, 2024 at 8:16 PM AEDT",,,,
JOHNQT RESPECT,General Discussion,27,33,"March 17, 2024 at 5:57 AM AEDT",,,,
can someone time travel SEN,General Discussion,0,12,"March 17, 2024 at 12:50 PM AEDT",,,,
f0rsaken raze last played 2 years ago,General Discussion,1,7,"March 18, 2024 at 6:47 AM AEDT",,,,
PRX are the most toxic team in VCT (reminder),General Discussion,0,198,"March 18, 2024 at 8:41 AM AEDT",,,,
KC PLEASE,General Discussion,0,19,"March 18, 2024 at 8:44 PM AEDT",,,,
PRX core,General Discussion,0,11,"March 19, 2024 at 12:00 AM AEDT",,,,
highest sensitivity team at playoffs,General Discussion,5,26,"March 19, 2024 at 2:52 PM AEDT",,,,
mindfreak prx captain,General Discussion,1,8,"March 20, 2024 at 6:29 AM AEDT",,,,
guess the valorant pro(s) by the tweet day one,General Discussion,1,6,"March 20, 2024 at 10:58 AM AEDT",,,,
Paper Rex downfall,General Discussion,0,2,"March 22, 2024 at 4:03 AM AEDT",,,,
Which players have the best smile,Off Topic,2,16,"March 22, 2024 at 3:54 PM AEDT",,,,
GE best valorant academy,General Discussion,1,9,"March 23, 2024 at 2:51 AM AEDT",,,,
Mindfreak is invaluable,General Discussion,0,3,"March 23, 2024 at 6:35 AM AEDT",,,,
she doin something to my Monyet made my mindfreak,General Discussion,0,1,"March 23, 2024 at 9:00 AM AEDT",,,,
Pooper rekt problem,General Discussion,0,8,"March 24, 2024 at 4:20 AM AEDT",,,,
hey guys lets talk,General Discussion,0,3,"March 24, 2024 at 5:33 AM AEDT",,,,
Who are your top 10 players now?,General Discussion,1,44,"March 24, 2024 at 5:38 AM AEDT",,,,
Why PRX has low ratings?,General Discussion,0,3,"March 24, 2024 at 9:01 AM AEDT",,,,
Did Zellsis get the most classic kills,General Discussion,0,6,"March 25, 2024 at 3:39 PM AEDT",,,,
Masters Madrid - Full Players Rankings,General Discussion,4,14,"March 26, 2024 at 8:15 AM AEDT",,,,
Who is PRX IGL?,General Discussion,0,4,"March 27, 2024 at 4:25 PM AEDT",,,,
VCT aim tierlist,General Discussion,0,48,"March 28, 2024 at 3:30 AM AEDT",,,,
Top 20 Players,General Discussion,0,86,"March 30, 2024 at 7:56 AM AEDT",,,,
champs winning team concept,General Discussion,1,6,"March 30, 2024 at 11:13 AM AEDT",,,,
most likeable players,General Discussion,9,78,"March 31, 2024 at 4:23 PM AEDT",,,,
FNatic FICS,General Discussion,0,6,"April 5, 2024 at 8:30 AM AEDT",,,,
top 3 phantom players,General Discussion,0,24,"April 6, 2024 at 2:01 AM AEDT",,,,
GE has the best lineup,General Discussion,1,7,"April 6, 2024 at 9:39 PM AEDT",,,,
top 20 hottest pros,General Discussion,0,37,"April 9, 2024 at 1:44 AM AEST",,,,
top 10 players itw,General Discussion,0,24,"April 11, 2024 at 10:29 PM AEST",,,,
Is Chichoo top 10 player itw?,General Discussion,0,29,"April 13, 2024 at 12:14 AM AEST",,,,
TOP 5 PLAYERS WITH MOST MVP IN FRACHISING,General Discussion,10,71,"April 16, 2024 at 11:33 AM AEST",,,,
My French brothas come,General Discussion,0,17,"April 18, 2024 at 12:52 AM AEST",,,,
Who is the best Initiator? in pro play,General Discussion,1,8,"April 20, 2024 at 8:47 PM AEST",,,,
top 5 in each role(at their peak),General Discussion,0,130,"April 24, 2024 at 12:27 AM AEST",,,,
Top 5 per role based on peak.,General Discussion,2,17,"April 24, 2024 at 2:37 AM AEST",,,,
dream team,General Discussion,0,43,"March 26, 2024 at 4:32 PM AEDT",,,,
international superteam,General Discussion,0,13,"April 25, 2024 at 7:59 AM AEST",,,,
"I""M EXCITED",General Discussion,0,9,"April 27, 2024 at 11:24 AM AEST",,,,
What team would give you the best success in VCT,General Discussion,0,7,"April 27, 2024 at 12:11 PM AEST",,,,
PRX honest opinion,General Discussion,5,10,"April 27, 2024 at 6:47 PM AEST",,,,
y0y officially washed,General Discussion,0,3,"April 28, 2024 at 4:33 AM AEST",,,,
APAC superteam this split,General Discussion,0,28,"April 29, 2024 at 12:48 AM AEST",,,,
Top 5 vct players in every stat,General Discussion,0,13,"April 29, 2024 at 3:48 AM AEST",,,,
From champs to chumps,General Discussion,1,26,"April 29, 2024 at 6:00 AM AEST",,,,
Message to kaplan,General Discussion,0,12,"April 29, 2024 at 5:04 PM AEST",,,,
Who is the most replaceable on sentinels?,General Discussion,0,12,"April 29, 2024 at 5:09 PM AEST",,,,
If you are Kaplan what do you do?,General Discussion,0,12,"April 29, 2024 at 5:28 PM AEST",,,,
fav roster ever?,General Discussion,5,68,"April 30, 2024 at 5:46 AM AEST",,,,
who are the best players right now?,General Discussion,0,86,"April 30, 2024 at 12:53 AM AEST",,,,
Prx > NRG,General Discussion,2,71,"May 1, 2024 at 3:58 AM AEST",,,,
best IGL kd based on the last 5 championships,General Discussion,1,16,"May 1, 2024 at 7:17 AM AEST",,,,
BEST OP IN APAC ?,General Discussion,0,16,"May 1, 2024 at 8:46 PM AEST",,,,
when will everyone accept,General Discussion,0,25,"May 4, 2024 at 9:44 PM AEST",,,,
Davai,General Discussion,0,7,"May 4, 2024 at 10:04 PM AEST",,,,
Sacy,General Discussion,6,29,"May 4, 2024 at 6:04 PM AEST",,,,
PRX best form?,General Discussion,0,24,"May 6, 2024 at 5:45 PM AEST",,,,
top 10 highest rating in regular season,General Discussion,0,6,"May 7, 2024 at 11:47 AM AEST",,,,
Shanghai Winner,General Discussion,0,26,"May 7, 2024 at 2:44 PM AEST",,,,
goat team,General Discussion,0,22,"May 7, 2024 at 3:17 PM AEST",,,,
i got the script,General Discussion,1,13,"May 7, 2024 at 4:20 PM AEST",,,,
best valorant players of all time imo,General Discussion,0,17,"May 8, 2024 at 12:07 AM AEST",,,,
players with the most aura,General Discussion,0,53,"May 8, 2024 at 12:24 AM AEST",,,,
most absurd statlines,General Discussion,0,28,"May 8, 2024 at 1:01 AM AEST",,,,
Strongest Teams in Each Region rn,General Discussion,3,23,"May 8, 2024 at 1:45 AM AEST",,,,
Top 5 for every agent (VERY LONG),General Discussion,0,66,"May 8, 2024 at 4:32 AM AEST",,,,
Why is apac weak?,General Discussion,0,44,"May 8, 2024 at 4:30 PM AEST",,,,
This is why TenZ Is the Greatest Of all Time,General Discussion,0,9,"May 9, 2024 at 3:18 AM AEST",,,,
I'm scared now,General Discussion,0,31,"May 10, 2024 at 3:12 AM AEST",,,,
Fut haters come,General Discussion,0,17,"May 10, 2024 at 5:58 AM AEST",,,,
FNS team with ScreaM?,General Discussion,0,19,"May 10, 2024 at 9:43 PM AEST",,,,
TOP5 PRE-MASTERS BEST/WORST,General Discussion,0,16,"May 11, 2024 at 12:42 PM AEST",,,,
My Shanghai top 10 players,General Discussion,0,27,"May 13, 2024 at 4:00 AM AEST",,,,
Is Leo the goat?,General Discussion,0,6,"May 13, 2024 at 6:48 AM AEST",,,,
Country Representing (Master Shanghai),General Discussion,0,18,"May 13, 2024 at 2:23 PM AEST",,,,
Top 10 Players at Shanghai,General Discussion,1,2,"May 13, 2024 at 2:38 PM AEST",,,,
d4v41 posture,General Discussion,0,1,"May 13, 2024 at 4:52 PM AEST",,,,
Top 5 Sentinels All Time,General Discussion,0,30,"May 13, 2024 at 4:03 PM AEST",,,,
Which pair would you rather start a team with?,General Discussion,0,7,"May 14, 2024 at 10:37 AM AEST",,,,
BEAT MY SHANGHAI SUPERTEAM (IMPOSSIBLE),General Discussion,0,23,"May 14, 2024 at 6:06 PM AEST",,,,
VCT STAGE 1 AWARDS,General Discussion,11,25,"May 15, 2024 at 9:51 AM AEST",,,,
Pros With Aura,General Discussion,0,39,"May 17, 2024 at 8:51 PM AEST",,,,
Most Underrated Players in Shanghai,General Discussion,0,18,"May 18, 2024 at 12:40 AM AEST",,,,
Top 10 Players at Wuhan,General Discussion,0,16,"May 18, 2024 at 4:59 AM AEST",,,,
Top 5 kayos,General Discussion,2,40,"May 18, 2024 at 5:37 AM AEST",,,,
Masters Shanghai script leaked? (Sorry FNC fans),General Discussion,0,4,"May 21, 2024 at 12:17 PM AEST",,,,
Shanghai Press Conference (LIVE NOW),General Discussion,6,19,"May 22, 2024 at 3:01 PM AEST",,,,
VCT Stage-1 Analysis,General Discussion,4,5,"May 23, 2024 at 6:17 AM AEST",,,,
Players with the most matches won in international,General Discussion,16,34,"May 25, 2024 at 3:39 AM AEST",,,,
PRX VCT Records,General Discussion,1,5,"May 27, 2024 at 4:34 PM AEST",,,,
OCE come,General Discussion,1,14,"May 27, 2024 at 9:24 PM AEST",,,,
playoffs rankings,General Discussion,4,29,"May 28, 2024 at 3:38 AM AEST",,,,
All Playoff Makers RANKED (40 People),General Discussion,0,18,"May 29, 2024 at 1:24 AM AEST",,,,
Who are your fav players?,General Discussion,1,9,"May 29, 2024 at 2:32 AM AEST",,,,
Make your alphabet roster,General Discussion,1,38,"May 29, 2024 at 2:05 PM AEST",,,,
G2 Win Con tomorrow,General Discussion,1,5,"May 31, 2024 at 2:02 AM AEST",,,,
All VCT dream teams,General Discussion,0,4,"May 31, 2024 at 7:00 PM AEST",,,,
PRX should go full indo roster,General Discussion,0,12,"May 31, 2024 at 8:57 PM AEST",,,,
Do we really live in a world where,General Discussion,1,17,"June 1, 2024 at 11:12 AM AEST",,,,
I fear jingggs future,General Discussion,1,25,"June 1, 2024 at 1:26 PM AEST",,,,
if all franchised pros,General Discussion,0,57,"June 3, 2024 at 12:38 PM AEST",,,,
F0rsaken 1 vs 9,General Discussion,2,3,"June 3, 2024 at 7:21 PM AEST",,,,
davai,General Discussion,0,10,"June 3, 2024 at 8:41 PM AEST",,,,
"Create a Roaster for Furia ($15,000 budget)",General Discussion,0,27,"June 4, 2024 at 3:17 AM AEST",,,,
Deeply disappointed in PRX,General Discussion,67,84,"June 4, 2024 at 1:45 AM AEST",,,,
biggest team vs biggest team,General Discussion,0,7,"June 4, 2024 at 8:16 PM AEST",,,,
PRX threw icebox,General Discussion,0,18,"June 5, 2024 at 2:31 AM AEST",,,,
operation prx win an event,General Discussion,4,7,"June 5, 2024 at 7:36 AM AEST",,,,
Miniboo,General Discussion,5,27,"June 7, 2024 at 7:56 AM AEST",,,,
are PRX players salty about GENG win?,General Discussion,0,65,"June 10, 2024 at 11:54 PM AEST",,,,
Haven meta pred?,General Discussion,0,39,"June 13, 2024 at 2:31 AM AEST",,,,
vct igl tierlist (mechanics),General Discussion,0,49,"June 15, 2024 at 8:01 AM AEST",,,,
Regional All stars team,General Discussion,0,16,"June 17, 2024 at 3:43 PM AEST",,,,
PRX vs DRX (Players League Performances),General Discussion,0,1,"June 22, 2024 at 12:18 PM AEST",,,,
Who is BULB?,General Discussion,0,6,"June 23, 2024 at 8:05 PM AEST",,,,
PRO 10 MANS RN,General Discussion,3,3,"June 30, 2024 at 12:21 AM AEST",,,,
Best roster in the world,General Discussion,0,15,"June 30, 2024 at 11:24 PM AEST",,,,
KRU's IGL situation according to keznit,General Discussion,0,7,"July 2, 2024 at 12:23 PM AEST",,,,
prx chances of winning internationally w playstyle,General Discussion,1,11,"July 3, 2024 at 3:43 PM AEST",,,,
Why not play something on neon??,General Discussion,3,13,"July 5, 2024 at 6:30 PM AEST",,,,
Biggiecheese > Mindfreak,General Discussion,4,2,"July 5, 2024 at 9:05 PM AEST",,,,
PRX the biggest fraud,General Discussion,0,6,"July 7, 2024 at 9:58 PM AEST",,,,
big 3,General Discussion,0,8,"July 8, 2024 at 3:58 AM AEST",,,,
Top 20 Players: VLR Edition,General Discussion,4,31,"July 8, 2024 at 3:27 PM AEST",,,,
nature,General Discussion,0,19,"July 9, 2024 at 7:42 AM AEST",,,,
Who Wins [Aim Duel],General Discussion,6,71,"July 9, 2024 at 9:22 AM AEST",,,,
PRX REBUILD,General Discussion,0,53,"July 9, 2024 at 7:52 PM AEST",,,,
Abyss's meta,General Discussion,1,15,"July 12, 2024 at 12:47 AM AEST",,,,
BEST PLAYER IS LFT,General Discussion,0,28,"July 13, 2024 at 1:20 AM AEST",,,,
Honest Jinggg opinion,General Discussion,8,42,"July 13, 2024 at 7:59 PM AEST",,,,
VLR challenge,General Discussion,0,23,"July 14, 2024 at 3:21 PM AEST",,,,
Teams with multiple top 4 placements at INT LANS,General Discussion,0,17,"July 16, 2024 at 8:54 AM AEST",,,,
International VCT Trophy & Finals Count - Players,General Discussion,0,5,"July 17, 2024 at 9:37 AM AEST",,,,
Gartic Phone JOINERS,Off Topic,3,22,"July 19, 2024 at 1:43 AM AEST",,,,
TOP 5 PLAYERS IN CHAMPS,General Discussion,4,21,"July 20, 2024 at 5:51 AM AEST",,,,
Professor P Masterclass,General Discussion,3,5,"July 20, 2024 at 8:49 AM AEST",,,,
Franchise Orgs Come,General Discussion,0,25,"July 20, 2024 at 11:03 AM AEST",,,,
CHAMPS 24 PRED FORM,General Discussion,16,85,"July 19, 2024 at 12:27 PM AEST",,,,
Champions appearances,General Discussion,5,11,"July 20, 2024 at 9:23 PM AEST",,,,
kinda disappointed with jinggg this time.,General Discussion,7,27,"July 20, 2024 at 10:49 PM AEST",,,,
where the monyet haters at?,General Discussion,23,70,"July 20, 2024 at 10:50 PM AEST",,,,
PRX discourse is crazy,General Discussion,6,15,"July 21, 2024 at 12:05 AM AEST",,,,
Best Flex Player?,General Discussion,0,19,"July 21, 2024 at 3:15 AM AEST",,,,
champs top 20 players,General Discussion,0,35,"July 21, 2024 at 6:46 AM AEST",,,,
Alphabet roster completed,General Discussion,0,12,"July 21, 2024 at 6:32 AM AEST",,,,
what are your top 3 players?,General Discussion,0,29,"July 22, 2024 at 3:44 AM AEST",,,,
If PRX get grouped..,General Discussion,0,57,"July 22, 2024 at 1:57 PM AEST",,,,
Top 5 best players in each role in 2024,General Discussion,0,5,"July 22, 2024 at 8:26 PM AEST",,,,
Top 20 Champs Players Predictions,General Discussion,0,12,"July 23, 2024 at 4:33 AM AEST",,,,
best world champ at champs?,General Discussion,0,10,"July 23, 2024 at 6:14 AM AEST",,,,
Best Statistical Players Heading into Champs,General Discussion,0,6,"July 23, 2024 at 1:01 PM AEST",,,,
Least toxic valul pro,General Discussion,0,44,"July 24, 2024 at 12:06 AM AEST",,,,
Champs 2024 Top 10 Players,General Discussion,0,30,"July 24, 2024 at 4:54 AM AEST",,,,
DOES china win before PRX,General Discussion,0,6,"July 24, 2024 at 7:52 AM AEST",,,,
Official VLR Top 10,General Discussion,0,33,"July 27, 2024 at 4:47 AM AEST",,,,
prx heading into champs,General Discussion,2,18,"July 27, 2024 at 12:58 PM AEST",,,,
PRX Ascent Fix,General Discussion,1,22,"July 27, 2024 at 6:11 PM AEST",,,,
What team has the most LAN Appearances,General Discussion,0,16,"July 31, 2024 at 8:04 AM AEST",,,,
RieNs +27,General Discussion,8,25,"August 1, 2024 at 11:59 PM AEST",,,,
Which jinggg are we getting tomorrow,General Discussion,0,15,"August 3, 2024 at 1:02 AM AEST",,,,
Everyone shit talking boaster,General Discussion,6,21,"August 2, 2024 at 6:35 AM AEST",,,,
G2-PRX Script LEAKED (100% REAL) (FACT CHECKED),General Discussion,0,11,"August 4, 2024 at 5:43 PM AEST",,,,
PRX fix,General Discussion,0,7,"August 4, 2024 at 6:55 PM AEST",,,,
paper rex lineup,General Discussion,0,3,"August 4, 2024 at 7:48 PM AEST",,,,
PRX real talk,General Discussion,9,25,"August 4, 2024 at 8:06 PM AEST",,,,
Mindfreak,General Discussion,5,17,"August 4, 2024 at 8:10 PM AEST",,,,
Thank god Monyet left,General Discussion,0,25,"August 4, 2024 at 8:32 PM AEST",,,,
PRX changes,General Discussion,0,8,"August 4, 2024 at 10:20 PM AEST",,,,
PRX bros,General Discussion,0,15,"August 4, 2024 at 10:43 PM AEST",,,,
PRX Actual Fix,General Discussion,0,10,"August 5, 2024 at 12:39 AM AEST",,,,
First player to come to mind for every letter,General Discussion,0,40,"September 12, 2023 at 4:27 AM AEST",,,,
Whose 1 pro that you'll support 4L,General Discussion,5,83,"August 8, 2024 at 12:33 PM AEST",,,,
make your dream team,General Discussion,2,31,"August 9, 2024 at 4:15 AM AEST",,,,
PRX UGLY,General Discussion,0,1,"August 11, 2024 at 9:54 PM AEST",,,,
Real PRX Fix,General Discussion,0,14,"August 11, 2024 at 10:50 PM AEST",,,,
We need brain not the W keyboard,General Discussion,1,1,"August 11, 2024 at 11:03 PM AEST",,,,
Real question for PRX roster change (if they will),General Discussion,0,27,"August 11, 2024 at 11:51 PM AEST",,,,
PRX’s Legacy (End?,General Discussion,3,31,"August 12, 2024 at 12:07 AM AEST",,,,
PRX rework,General Discussion,2,6,"August 12, 2024 at 2:21 AM AEST",,,,
2025 Rebuilds,General Discussion,0,26,"August 12, 2024 at 1:43 PM AEST",,,,
not braindead roster ideas(for teams i like),General Discussion,0,18,"August 12, 2024 at 10:34 PM AEST",,,,
Realistic PRX fix,General Discussion,10,34,"August 12, 2024 at 10:49 PM AEST",,,,
Americas 2025:,General Discussion,0,75,"August 12, 2024 at 9:50 PM AEST",,,,
Best KDA in a Tier 1 Map,General Discussion,0,16,"August 14, 2024 at 10:32 AM AEST",,,,
VALORANT WORLD CUP,General Discussion,0,8,"August 16, 2024 at 2:29 AM AEST",,,,
Most punchable face,General Discussion,6,19,"August 16, 2024 at 5:44 PM AEST",,,,
My glorious baiter,General Discussion,0,16,"August 21, 2024 at 12:20 PM AEST",,,,
Who are your MVP's from each team,General Discussion,0,26,"August 23, 2024 at 11:58 AM AEST",,,,
Champs Top 4 Team & Player Appearances,General Discussion,2,1,"August 24, 2024 at 7:17 PM AEST",,,,
Top 10 players of this year,General Discussion,1,16,"August 26, 2024 at 12:11 PM AEST",,,,
BEST PLAYERS ON EVERY AGENT (REWORK),General Discussion,0,17,"August 27, 2024 at 5:19 PM AEST",,,,
PRX Rebuild,General Discussion,0,6,"August 28, 2024 at 1:54 AM AEST",,,,
Best player for each agent in 2024,General Discussion,9,11,"August 29, 2024 at 2:25 PM AEST",,,,
my sister rated val pro names,General Discussion,1,18,"September 1, 2024 at 6:26 AM AEST",,,,
Number 8 of DDenied’s 2024: Pacific 10,General Discussion,0,1,"September 4, 2024 at 7:48 PM AEST",,,,
VCT pros with the smallest belly buttons?,General Discussion,0,6,"September 8, 2024 at 4:23 AM AEST",,,,
MINDFREAK AND JINGGG ENTER FREE AGENCY WTFF ??,General Discussion,0,6,"September 8, 2024 at 9:10 PM AEST",,,,
botcast,General Discussion,0,16,"September 9, 2024 at 3:38 AM AEST",,,,
VCT pros choosing their Wendy’s drinks,General Discussion,0,3,"September 9, 2024 at 9:19 AM AEST",,,,
best players ever?,General Discussion,0,89,"September 13, 2024 at 6:22 PM AEST",,,,
caster calls,General Discussion,1,18,"September 14, 2024 at 8:50 PM AEST",,,,
Paper Rex 2025,General Discussion,0,5,"September 16, 2024 at 7:21 AM AEST",,,,
SHOULD GE TRY YOMAN AS IGL??,General Discussion,4,48,"September 22, 2024 at 8:00 PM AEST",,,,
Prx role changes,General Discussion,0,8,"September 24, 2024 at 11:28 AM AEST",,,,
Which current Players can become future coaches?,General Discussion,0,7,"September 27, 2024 at 5:35 PM AEST",,,,
If aspas went to PRX?,General Discussion,0,10,"September 29, 2024 at 3:32 AM AEST",,,,
RRQ Red Bull Tokyo,General Discussion,4,27,"October 3, 2024 at 8:29 PM AEST",,,,
Pacific fans come,General Discussion,0,6,"October 3, 2024 at 10:50 PM AEST",,,,
Dream PRX rebuild,General Discussion,0,3,"October 4, 2024 at 7:05 AM AEST",,,,
all confirmed rosters + almost complete,General Discussion,5,30,"October 4, 2024 at 7:34 AM AEST",,,,
Players with most aura *10-8-24*,General Discussion,0,8,"October 7, 2024 at 11:25 PM AEDT",,,,
jessievash moving to Assistant Coach,General Discussion,0,12,"October 7, 2024 at 11:54 PM AEDT",,,,
reduxx,General Discussion,0,37,"October 15, 2024 at 3:59 AM AEDT",,,,
New Favourite Tier 1 Team,Off Topic,1,120,"October 16, 2024 at 9:34 AM AEDT",,,,
Lets do this VLR,General Discussion,0,27,"October 17, 2024 at 1:00 PM AEDT",,,,
End of prx.Altleast 3 players are getting dropped,General Discussion,0,22,"October 17, 2024 at 12:26 AM AEDT",,,,
If I was HC of PRX...,General Discussion,2,62,"October 18, 2024 at 12:26 PM AEDT",,,,
Best Player By Letter,General Discussion,0,63,"October 17, 2024 at 11:04 AM AEDT",,,,
pros you cant really hate,General Discussion,0,115,"October 20, 2024 at 4:57 AM AEDT",,,,
TOP 3 AT EVERY ROLE IN EVERY REGION NEXT YEAR,General Discussion,0,40,"October 20, 2024 at 8:28 AM AEDT",,,,
Send ur hot takes and i will rate them,Off Topic,7,155,"October 22, 2024 at 7:34 AM AEDT",,,,
Best oppers all time?,General Discussion,0,51,"October 27, 2024 at 6:36 PM AEDT",,,,
PRX Map Pool X Current Map Pool,General Discussion,0,24,"October 28, 2024 at 2:06 PM AEDT",,,,
most games played,General Discussion,0,18,"October 30, 2024 at 2:33 AM AEDT",,,,
hot take: monyet should have stayed at prx,General Discussion,0,19,"October 30, 2024 at 10:57 AM AEDT",,,,
Real Pacific duelist ranking,General Discussion,0,29,"November 5, 2024 at 1:04 PM AEDT",,,,
list your top 5 respective in their roles,General Discussion,0,57,"November 13, 2024 at 1:56 AM AEDT",,,,
goat of every role,General Discussion,0,97,"November 20, 2024 at 1:08 PM AEDT",,,,
vct players and their ace pokemon,General Discussion,0,6,"November 24, 2024 at 4:25 AM AEDT",,,,
PRX something sova suck,General Discussion,5,16,"November 29, 2024 at 10:00 PM AEDT",,,,
Problem with PRX,General Discussion,1,9,"November 29, 2024 at 10:46 PM AEDT",,,,
reactivity,General Discussion,1,25,"November 29, 2024 at 10:59 PM AEDT",,,,
Prx truth,General Discussion,4,14,"November 29, 2024 at 11:55 PM AEDT",,,,
#NAME?,General Discussion,0,7,"December 1, 2024 at 10:07 PM AEDT",,,,
Prx,General Discussion,5,17,"December 1, 2024 at 11:52 PM AEDT",,,,
VCT Pros you cannot hate,General Discussion,1,53,"December 4, 2024 at 2:01 PM AEDT",,,,
best player for every agent,General Discussion,0,42,"December 6, 2024 at 4:46 PM AEDT",,,,
prx doubters come,General Discussion,1,9,"December 7, 2024 at 2:05 AM AEDT",,,,
NRG,General Discussion,0,42,"December 11, 2024 at 4:05 PM AEDT",,,,
top 5 OPers itw,General Discussion,0,6,"December 17, 2024 at 10:19 AM AEDT",,,,
GE,General Discussion,0,14,"December 19, 2024 at 9:54 PM AEDT",,,,
3 PRX core :(,General Discussion,0,10,"December 19, 2024 at 10:45 PM AEDT",,,,
valo2asia,General Discussion,0,12,"December 27, 2024 at 2:05 AM AEDT",,,,
Best VCT Nicknames,General Discussion,0,26,"January 6, 2025 at 4:36 AM AEDT",,,,
All Pacific rosters,General Discussion,3,3,"January 6, 2025 at 8:26 AM AEDT",,,,
VCT PAC: Top 5 Players in Each Role,General Discussion,2,25,"January 9, 2025 at 11:30 AM AEDT",,,,
Best possible teams per region imo,General Discussion,0,26,"January 13, 2025 at 5:14 PM AEDT",,,,
PRX truth,General Discussion,0,2,"January 20, 2025 at 10:58 PM AEDT",,,,
Actually a PRX fix,General Discussion,1,4,"January 23, 2025 at 1:28 AM AEDT",,,,
PRX let me cook,General Discussion,0,19,"January 27, 2025 at 4:10 AM AEDT",,,,
PRX player contracts,General Discussion,0,30,"February 2, 2025 at 12:26 AM AEDT",,,,
Paper rex fans come,General Discussion,1,23,"February 2, 2025 at 1:07 AM AEDT",,,,
here's the thing,General Discussion,0,9,"February 2, 2025 at 1:44 AM AEDT",,,,
PRX disband,General Discussion,0,5,"February 2, 2025 at 1:37 AM AEDT",,,,
prx fix (real),General Discussion,0,11,"February 2, 2025 at 3:23 AM AEDT",,,,
prx 2026,General Discussion,0,47,"February 2, 2025 at 4:33 AM AEDT",,,,
lakers trade in valorant terms,Off Topic,0,5,"February 2, 2025 at 5:13 PM AEDT",,,,
Explain the Luka-AD trade in valorant terms,General Discussion,0,8,"February 2, 2025 at 7:21 PM AEDT",,,,
prx changes without actual changes,General Discussion,0,10,"February 3, 2025 at 2:56 AM AEDT",,,,
Prx Fix?,General Discussion,0,7,"February 4, 2025 at 7:34 AM AEDT",,,,
TOP KILL on a MAP in each INTERNATIONAL TOURNAMENT,General Discussion,2,10,"February 8, 2025 at 11:25 AM AEDT",,,,
Assembling a god squad,General Discussion,0,9,"February 11, 2025 at 6:03 AM AEDT",,,,
Vitality: The World's Most Flexible Team,General Discussion,2,6,"February 12, 2025 at 6:22 AM AEDT",,,,
Do PRX need big changes?,General Discussion,0,50,"February 12, 2025 at 1:25 PM AEDT",,,,
prx real fix,General Discussion,0,2,"February 12, 2025 at 10:25 PM AEDT",,,,
gun to your head,General Discussion,0,12,"February 19, 2025 at 2:48 PM AEDT",,,,
wait what,Off Topic,0,10,"February 23, 2025 at 3:14 AM AEDT",,,,
WHAT I REALISTICALLY HOPE TO SEE FOR PRX,General Discussion,1,15,"February 23, 2025 at 10:45 PM AEDT",,,,
Create your Pacific Superteam?,General Discussion,0,20,"February 27, 2025 at 2:41 PM AEDT",,,,
PRX patmen,General Discussion,4,50,"March 3, 2025 at 9:10 PM AEDT",,,,
PRX Patmen,General Discussion,0,11,"March 4, 2025 at 1:22 AM AEDT",,,,
prx is changing a player,General Discussion,0,10,"March 4, 2025 at 4:13 AM AEDT",,,,
PRX Patmeh,General Discussion,0,40,"March 4, 2025 at 2:07 AM AEDT",,,,
PRX mindfreak...,General Discussion,0,7,"March 4, 2025 at 11:04 PM AEDT",,,,
Choose your Dream team (Region-Asia Pacific),General Discussion,1,18,"March 5, 2025 at 1:59 AM AEDT",,,,
prx patman,General Discussion,1,7,"March 5, 2025 at 1:53 AM AEDT",,,,
if prx disbanded,General Discussion,0,4,"March 5, 2025 at 6:51 PM AEDT",,,,
Team A B C or D?,General Discussion,0,20,"March 6, 2025 at 3:29 AM AEDT",,,,
PRX PatMen LFG,General Discussion,0,15,"March 7, 2025 at 3:00 AM AEDT",,,,
What would be your dream team?,General Discussion,0,15,"March 9, 2025 at 7:23 AM AEDT",,,,
Current Top30 Player List,General Discussion,1,12,"March 13, 2025 at 3:45 AM AEDT",,,,
Most overrated pro player,General Discussion,0,68,"March 14, 2025 at 7:27 PM AEDT",,,,
Forsaken duelist,General Discussion,1,21,"March 23, 2025 at 11:46 PM AEDT",,,,
PRX role fix,General Discussion,0,7,"March 24, 2025 at 3:14 AM AEDT",,,,
best prx agents,General Discussion,0,2,"March 25, 2025 at 8:21 PM AEDT",,,,
i genuinely wonder about jinggg and org,General Discussion,0,18,"March 30, 2025 at 8:02 PM AEDT",,,,
new prx??,General Discussion,1,10,"March 30, 2025 at 9:23 PM AEDT",,,,
PRX Alex might be the worst coach of all time,General Discussion,2,5,"March 30, 2025 at 10:25 PM AEDT",,,,
what is prx issue?,General Discussion,0,9,"March 31, 2025 at 12:32 AM AEDT",,,,
Watching Tarik,General Discussion,22,64,"March 31, 2025 at 12:06 AM AEDT",,,,
