skrossi + LF vs f0rsaken right now!,General Discussion,0,123,28/10/2022,20:39
"""something is still above Demon1"" - f0rsaken",General Discussion,19,96,25/8/2023,5:39
F0rsaken and Jing vs Derke and Alfajer,General Discussion,0,85,25/6/2022,18:25
the most overrated player is f0rsaken,General Discussion,0,80,16/4/2022,1:56
f0rsaken is the best.,General Discussion,56,72,18/3/2024,18:42
Chronicle >>>>> F0rsaken by far,General Discussion,0,67,13/5/2024,4:01
f0rsakeN and something lost to a GE player,General Discussion,0,62,13/3/2023,22:45
f0rsaken is shit,General Discussion,0,62,13/5/2024,10:00
f0rsaken NA franchise,General Discussion,0,59,19/7/2022,13:10
f0rsakeN PLZ,General Discussion,1,57,13/7/2024,21:29
f0rsakeN in Berlin,General Discussion,4,56,21/8/2021,16:55
SEN f0rsaken??,General Discussion,0,50,22/4/2022,1:51
something > f0rsaken,General Discussion,1,50,13/5/2024,10:23
F0rsaken little bro,General Discussion,1,47,14/7/2022,20:09
F0rsaken is the hottest valorant player,General Discussion,0,45,13/9/2023,22:04
f0rsaken,General Discussion,2,40,4/8/2024,20:13
SEN T0nz vs PRX F0rsaken,General Discussion,4,40,22/11/2023,14:33
F0rsaken about prx situation,General Discussion,25,39,11/2/2025,13:28
F0rsaken covid !?,General Discussion,0,38,13/7/2022,17:03
f0rsakeN HYPE,General Discussion,0,37,4/9/2021,16:59
F0RSAKEN YORU LOL,General Discussion,1,37,25/3/2022,13:33
Chron > f0rsaken,General Discussion,9,36,16/8/2024,17:49
Something's Jett vs f0rsaken's Jett,General Discussion,0,35,4/3/2023,13:30
F0rsaken,General Discussion,5,34,23/3/2025,16:46
indo come (f0rsaken fans),General Discussion,0,33,2/4/2023,19:05
heat and f0rsaken,General Discussion,7,32,12/9/2021,3:45
PRX f0rsakeN,General Discussion,0,31,19/5/2022,15:41
f0rsaken 18 assist,General Discussion,6,31,4/5/2024,18:52
f0rsaken and chovy?,Off Topic,-8,31,16/5/2024,16:47
lmao f0rsaken,General Discussion,0,31,29/1/2025,20:11
Jinggg or F0rsaken,General Discussion,2,30,23/11/2022,15:59
f0rsaken,General Discussion,0,30,20/5/2023,19:23
F0rsaken agent pool,General Discussion,20,30,11/8/2023,8:51
f0rsaken,General Discussion,5,29,4/3/2024,7:19
f0rsaken,General Discussion,0,28,7/9/2022,22:22
patiphan vs f0rsakeN,General Discussion,0,28,25/10/2022,22:52
PRX F0RSAKEN IS a genius,General Discussion,0,28,17/7/2023,9:30
"Alfajer > f0rsaken, Jinggg ?",General Discussion,0,27,29/6/2022,19:07
F0rsaken Interview,General Discussion,27,27,11/8/2023,9:43
F0rsaken underpaid?,General Discussion,0,26,18/4/2022,10:46
f0rsaken new role?,General Discussion,2,26,13/3/2023,18:44
f0rsakeN is the problem,General Discussion,6,26,8/4/2023,18:49
F0rsaken,General Discussion,0,26,27/4/2024,16:32
I feel bad for f0rsakeN,General Discussion,0,26,4/6/2024,12:29
F0rsakeN is a cheater,General Discussion,0,25,7/12/2023,19:48
f0rsaken thread,General Discussion,14,25,16/3/2024,12:47
Prx F0rsaken,General Discussion,1,25,6/7/2024,14:40
f0rsakeN,General Discussion,0,24,24/7/2021,13:49
HOW MUCH IS F0rsaken WORTH????,General Discussion,0,24,22/7/2022,23:03
Mindfreak and f0rsaken,General Discussion,1,24,4/4/2023,10:43
f0rsakeN,General Discussion,0,24,4/8/2024,15:52
F0rsaken 10 yo brother,General Discussion,4,23,18/12/2022,23:22
f0rsakeN and Leaf same person?,General Discussion,6,23,6/5/2023,18:38
f0rsakeN pacific MVP,General Discussion,10,23,21/6/2023,18:11
F0rsaken vs Surf vs Pati,General Discussion,0,22,24/3/2022,21:17
f0rsaken 1000000 iq strat nostradamus,General Discussion,8,22,21/11/2023,12:23
F0rsaken is on fraudwatch,General Discussion,0,22,31/5/2024,19:28
Forsaken express interest to join FNATIC/M3C,General Discussion,8,96,6/7/2022,20:22
f0rsaken > tenz ?,General Discussion,2,21,25/3/2022,14:32
f0rsaken,General Discussion,15,21,25/6/2022,18:30
F0rsaken Agent Pool,General Discussion,16,21,18/3/2024,3:08
f0rsaken,General Discussion,0,21,24/7/2022,22:40
f0rsakeN's pickems,General Discussion,0,21,6/7/2023,23:45
f0rsaken open to go to EU/NA,General Discussion,0,20,22/4/2022,17:13
f0rsakeN appreciation,General Discussion,6,20,24/6/2023,15:13
F0rsaken height,General Discussion,0,20,25/8/2023,5:25
F0rsaken asking Jinggg,General Discussion,34,20,24/8/2023,11:22
f0rsaken,General Discussion,6,20,18/3/2024,2:58
f0rsaken is the greatest VAL player of all time,General Discussion,0,20,23/3/2025,16:46
f0rsakeN,General Discussion,18,19,19/4/2022,5:21
f0rsaken aim,General Discussion,32,19,12/5/2023,18:08
F0RSAKEN,General Discussion,4,19,11/8/2023,8:43
Why f0rsaken is the undisputed GOAT,General Discussion,0,19,15/9/2023,3:27
Take f0rsaken back to duelist?,General Discussion,6,19,4/8/2024,17:09
f0rsaken and Japan,General Discussion,0,19,23/7/2023,20:18
if PRX disband,General Discussion,0,98,17/4/2024,1:37
make your world roster,General Discussion,3,100,29/5/2024,6:20
Jinggg > f0rsaken,General Discussion,1,18,26/3/2022,17:10
SEN f0rsaken,General Discussion,0,18,7/10/2022,2:26
skrossi > jinggg/f0rsaken/mixwell/zeek,General Discussion,0,18,8/12/2022,11:58
Keznit racism towards PRX F0rsaken,General Discussion,0,18,5/1/2024,17:23
f0rsakeN vs chronicle,General Discussion,0,18,20/4/2024,18:52
f0rsaken glow down,General Discussion,0,18,9/8/2024,1:30
F0RSAKEN SAYS THAT,General Discussion,1,18,23/3/2024,2:55
Jinggg vs F0rsaken,General Discussion,0,17,25/8/2022,10:58
SEN f0rsaken,General Discussion,0,14,5/10/2022,21:57
MiTH f0rsaken,General Discussion,2,17,18/10/2022,11:52
f0rsakeN one of the best flex in the world?,General Discussion,5,17,20/6/2023,15:06
f0rsaken,General Discussion,3,17,18/3/2024,1:14
f0rsaken is not pacific goat,General Discussion,0,16,21/3/2024,22:21
f0rsakeN form slump,General Discussion,0,16,4/5/2024,21:36
Flexibility is so overrated.,General Discussion,0,86,5/5/2024,16:13
forsaken or chronicle?,Off Topic,-32,103,13/5/2024,20:31
reason why f0rsaken is the goat,General Discussion,0,16,18/6/2024,21:35
f0rsaken too good,General Discussion,0,15,7/8/2021,12:42
f0rsaken,General Discussion,4,15,16/3/2024,12:34
F0rsaken,General Discussion,26,15,18/3/2024,3:21
f0rsakeN NeoN,General Discussion,3,15,20/7/2024,15:41
f0rsaken skincare routine,General Discussion,2,15,11/8/2023,10:25
Monyet - f0rsaken,General Discussion,0,15,11/9/2023,1:13
F0rsaken vs Patipan,General Discussion,1,14,11/9/2021,20:44
f0rsaken,General Discussion,1,14,25/7/2022,12:39
f0rsaken vs xccurate,General Discussion,1,14,14/9/2023,20:02
Surf is better than f0rsaken ?,General Discussion,0,14,28/4/2024,21:37
f0rsaken crying why?,General Discussion,0,14,1/6/2024,21:28
f0rsaken,General Discussion,0,14,25/11/2024,2:29
F0rsaken,General Discussion,2,14,30/3/2025,17:47
APAC fans come,General Discussion,0,98,2/11/2022,19:22
F0rsaken = best yoru in the world,General Discussion,9,14,19/11/2022,3:27
F0rsakeN,General Discussion,0,14,26/3/2023,16:34
All-VCT Team Voting,General Discussion,2,87,26/8/2023,12:48
Every agent GOAT,General Discussion,0,108,19/9/2023,4:21
f0rsaken,General Discussion,0,13,18/9/2021,14:33
Yay Victor > F0rsaken Jinggg,General Discussion,0,13,18/7/2022,18:29
f0rsaken yoru,General Discussion,4,13,26/3/2023,17:22
f0rsakeN mad,General Discussion,1,13,2/6/2023,19:20
f0rsakeN,General Discussion,2,13,5/12/2023,15:46
f0rsakeN,General Discussion,5,13,30/11/2024,18:55
F0rsaken best flex? OMEGALUL,General Discussion,0,13,20/8/2023,4:04
f0rsaken Deadlock,General Discussion,0,13,22/8/2023,12:38
f0rsaken doing revolutionary stuff again,General Discussion,6,13,19/2/2024,15:19
f0rsakeN Raze,General Discussion,2,13,18/3/2024,2:50
f0rsaken,General Discussion,6,13,18/3/2024,12:26
F0rsaken or Patiphan,General Discussion,1,12,11/9/2021,22:02
Fake F0rsaken,General Discussion,0,12,16/4/2022,1:59
F0rsaken hater,General Discussion,1,12,21/6/2023,16:29
f0rsaken come,General Discussion,2,12,30/3/2025,18:11
SG Something,General Discussion,6,27,12/3/2023,18:39
Make your own team (2),General Discussion,0,54,7/6/2023,19:52
what makes f0rsaken so good,General Discussion,1,12,21/6/2023,13:55
similarities between f0rsaken and faker,General Discussion,3,12,19/11/2023,18:44
someone save f0rsaken pls,General Discussion,0,12,16/3/2024,16:45
Create your perfect player,General Discussion,0,78,8/12/2024,12:30
f0rsakeN's role,General Discussion,2,11,9/10/2024,17:45
Fantasy League (VTT): APAC Challengers,General Discussion,2,31,2/3/2022,19:45
-f0rsakeN,General Discussion,0,11,14/7/2022,23:46
100T f0rsaken,General Discussion,0,11,8/9/2022,12:52
PRX fans come,General Discussion,0,21,20/8/2023,15:41
f0rsakeN & zekken,General Discussion,1,11,25/7/2024,19:02
START BENCH SELL (IMPOSSIBLE EDITION),General Discussion,0,30,4/10/2024,2:23
prx player ranking,General Discussion,5,45,25/11/2024,3:07
f0rsakeN rifling,General Discussion,2,10,20/4/2022,1:48
Why something > f0rsakeN on duelists,General Discussion,0,10,24/6/2023,23:26
Xcurate and F0rsaken,General Discussion,0,10,20/5/2022,19:44
Plat Chat Top 10 players at Champions Istanbul,General Discussion,3,100,25/8/2022,1:33
the future of PRX,General Discussion,7,94,7/3/2023,22:16
Rank These 10 Duelists,General Discussion,0,31,27/3/2023,12:13
F0rsaken raze,General Discussion,2,10,18/3/2024,2:18
F0rsaken cypher,General Discussion,0,10,23/3/2024,22:12
f0rsaken neon,General Discussion,1,10,28/11/2024,17:03
f0rsaken vs irons,General Discussion,2,9,17/8/2022,13:43
f0rsaken = overrated,General Discussion,0,9,26/3/2023,17:52
F0rsaken dancing Kpop,Off Topic,1,9,12/5/2023,20:47
f0rsaken on EDG,General Discussion,0,9,18/6/2023,12:55
f0rsakeN is a top 3 player itw,General Discussion,1,9,10/8/2023,22:23
f0rsaken best flex,General Discussion,0,9,20/8/2023,4:43
f0rsaken is so on form,General Discussion,7,9,27/8/2023,2:55
F0rsaken career,General Discussion,0,9,16/3/2024,1:05
F0rsaken Chamber pls,General Discussion,2,9,27/4/2024,15:40
F0rsaken,General Discussion,3,9,31/5/2024,17:03
f0rsaken tired of j0nggg video proof,General Discussion,4,9,4/8/2024,17:47
Top 5 Players to watch out for at Masters Berlin,General Discussion,3,31,1/9/2021,16:50
SEA Superteam,General Discussion,2,38,9/12/2021,9:53
F0rsaken yoru,General Discussion,0,9,16/4/2022,1:20
f0rsaken is the best player itw?,General Discussion,7,9,19/4/2022,5:39
BOOM f0rsakeN & Mindfreak,General Discussion,4,9,7/8/2022,19:11
f0rsaken = TenZ?,General Discussion,0,9,7/9/2022,22:27
Top 5 Jett's All Time,General Discussion,0,71,4/11/2022,2:26
Make your own team [MASTERS TOKYO EDITION],General Discussion,1,40,13/6/2023,4:29
Jojo (xccurate and f0rsaken's younger brother),General Discussion,0,9,15/11/2023,6:44
VLR 2023 VCT Vote,General Discussion,8,75,20/12/2023,11:46
F0rsaken (addressing Monyet),General Discussion,2,9,16/3/2024,10:02
Create your ideal player,General Discussion,0,46,13/4/2024,2:21
F0rsaken flex,General Discussion,3,9,27/4/2024,15:45
F0rsaken weird,General Discussion,0,9,2/7/2024,2:26
f0rsaken,General Discussion,12,9,24/11/2024,21:46
f0rsaken will drop 30 every map,General Discussion,0,8,14/7/2022,3:51
F0rsaken,General Discussion,2,8,22/6/2023,2:50
F0rsakeN Yoru,General Discussion,0,8,7/12/2023,20:02
f0rsakeN,General Discussion,0,8,16/5/2024,8:04
f0rsaken,General Discussion,2,8,20/7/2024,19:36
f0rsakeN,General Discussion,0,8,20/1/2025,19:30
APAC Jetts,General Discussion,3,56,30/8/2021,12:14
best asian jett?,General Discussion,0,42,11/10/2021,17:29
Top 5 fraggers WORLD,General Discussion,0,39,12/5/2022,12:29
how to beat paper rex,General Discussion,0,92,18/7/2022,9:41
Guess the vlr user.,Off Topic,16,282,15/8/2022,16:03
Banger,General Discussion,2,21,5/9/2022,6:49
TL f0rsaken,General Discussion,0,8,7/9/2022,22:23
berserx surf f0rsaken,General Discussion,0,8,7/9/2022,22:26
f0rsaken,General Discussion,1,8,8/4/2023,18:49
PRX staff,General Discussion,0,21,15/4/2023,16:35
Patiphan vs F0RSAKEN,General Discussion,0,8,1/5/2023,17:19
For the love of god f0rsaken,General Discussion,0,8,27/8/2023,4:34
F0RSAKEN YORU,General Discussion,0,8,27/8/2023,4:41
Who is the best flex player right now?,General Discussion,0,37,27/8/2023,21:31
f0rsaken raze,General Discussion,0,8,1/3/2024,13:44
F0rsaken will be absent upcoming match,General Discussion,0,8,17/3/2024,15:58
Forsaken is mad on Monyet?,General Discussion,9,89,24/3/2024,1:33
Which is better: Valorant edition,General Discussion,0,19,24/4/2024,9:43
Who Wins [Aim Duel],General Discussion,6,71,9/7/2024,6:22
If I was HC of PRX...,General Discussion,2,62,18/10/2024,8:26
Best Regional Role Player 2025,General Discussion,2,28,11/12/2024,9:25
f0rsaken and friends,General Discussion,0,8,30/3/2025,15:52
f0rsakeN and PRX,General Discussion,2,7,9/8/2021,5:33
F0rsaken on jett,General Discussion,0,7,13/10/2021,9:34
f0rsaken is bad,General Discussion,0,7,4/2/2023,19:01
f0rsakeN,General Discussion,1,7,20/5/2023,18:59
F0rsaken,General Discussion,1,7,23/7/2023,19:59
f0rsaken,General Discussion,0,7,20/8/2023,2:20
"Jinggg, Something, f0rsaken",General Discussion,0,7,20/8/2023,4:31
Is f0rsaken the goat?,General Discussion,0,7,16/3/2024,3:44
F0rsaken,General Discussion,2,7,6/4/2025,15:17
"F0rsaken is good, but overpeeks",General Discussion,1,7,15/9/2021,23:07
KennyS,General Discussion,0,17,7/10/2021,20:23
Bazzi,General Discussion,1,17,11/3/2022,16:35
forsaken,General Discussion,0,42,19/3/2022,13:42
Best Valorant Pro atm,General Discussion,0,105,15/3/2022,23:17
OpTic anime arc,General Discussion,6,17,12/7/2022,22:21
TOP 10 players at CHAMPS,General Discussion,0,93,18/8/2022,11:40
champions MVP,General Discussion,0,81,18/8/2022,22:37
f0rsaken,General Discussion,0,7,7/9/2022,21:45
Make ur countries best five,General Discussion,0,152,31/10/2022,10:26
Valorant World Cup 2023,General Discussion,0,107,13/11/2022,15:07
"PEOPLE WHO MOCK ""INDO SUPERTEAM""",General Discussion,0,22,19/11/2022,14:02
f0rsaken,General Discussion,5,7,19/11/2022,22:33
Jinggg and F0rsaken,General Discussion,0,7,20/11/2022,18:32
PRX something,Off Topic,40,113,3/3/2023,20:00
f0rsaken KJ,General Discussion,0,7,8/4/2023,18:22
im sorry f0rsaken,General Discussion,4,7,8/4/2023,19:56
F0rsaken,General Discussion,0,7,15/4/2023,16:21
That f0rsakeN 2k with the Sheriff to save the roun,General Discussion,0,7,20/5/2023,20:43
f0rsaken... fr,General Discussion,3,7,11/8/2023,8:45
f0rsaken,General Discussion,0,7,18/8/2023,20:05
"s0m, f0rsaken, etc giga brain",General Discussion,1,7,22/8/2023,3:40
f0rsaken,General Discussion,1,7,27/8/2023,4:10
players better than leo rn,General Discussion,1,26,12/11/2023,5:59
f0rsakeN,General Discussion,9,7,9/12/2023,20:21
f0rsaken?,General Discussion,1,7,16/3/2024,1:03
f0rsaken raze last played 2 years ago,General Discussion,1,7,18/3/2024,2:47
Best player itw,General Discussion,1,52,21/3/2024,11:57
top 5 in each role(at their peak),General Discussion,0,130,23/4/2024,21:27
Top 5 Favorite Players,General Discussion,1,56,11/5/2024,7:11
valorant goat contenders,General Discussion,0,35,3/7/2024,4:40
f0rsaken come,General Discussion,1,7,11/8/2024,19:34
goat of every role,General Discussion,0,97,20/11/2024,9:08
new prx roles,General Discussion,1,12,19/2/2025,18:02
What i would change in prx as a fan,General Discussion,0,37,17/3/2025,18:22
f0rsaken vs SKRossi,General Discussion,1,6,12/10/2021,20:27
Why y'all on Tenz vs F0rsaken?,General Discussion,0,6,19/3/2022,14:16
f0rsaken vs xccurate,General Discussion,1,6,17/8/2022,15:45
Happy birthday f0rsakeN,General Discussion,5,6,24/3/2023,23:17
f0rsakeN aim and sens,Off Topic,0,6,22/6/2023,12:11
f0rsaken not checking corner,General Discussion,0,6,24/6/2023,11:35
f0rsaken masterclass game,General Discussion,3,6,11/8/2023,8:45
MiTH f0rsaken,General Discussion,0,6,6/4/2024,19:04
f0rsakeN,General Discussion,1,6,7/4/2024,18:44
PRX f0rsakeN,General Discussion,0,6,29/11/2024,18:41
PRX f0rsaken COME,General Discussion,2,6,18/12/2024,15:48
paper rex is actually good,General Discussion,27,27,11/9/2021,22:15
f0rsaken on top,General Discussion,1,6,11/9/2021,22:41
f0rsaken crosshair?,General Discussion,0,6,15/9/2021,22:30
SEA play style,General Discussion,25,61,10/11/2021,20:13
Top 5 Duelists (my opinion),General Discussion,0,52,9/5/2022,23:36
YORU,General Discussion,2,32,16/7/2022,23:20
Pick Your Valorant National Team,General Discussion,0,118,21/8/2022,4:14
Face of Each Region,General Discussion,4,50,22/8/2022,11:56
GOAT recognize the GOAT,General Discussion,0,36,26/8/2022,19:08
PRX f0rsaken,General Discussion,0,6,7/9/2022,21:40
APAC Come,General Discussion,1,86,23/10/2022,21:53
BEST PRO PLAYER FROM YOUR COUNTRY,General Discussion,0,142,30/10/2022,20:29
Prx Davai,General Discussion,8,18,20/11/2022,19:45
Most overrated players list,General Discussion,0,82,24/2/2023,18:53
Forsaken and d4v4i,General Discussion,0,24,2/4/2023,16:53
-mindfreak -forsaken,General Discussion,0,59,15/4/2023,18:47
Best Flex (Not Chronicle),General Discussion,0,34,8/5/2023,1:07
Rank the Jett Players in OP and Rifling,General Discussion,0,47,15/6/2023,8:10
lan f0rsaken,General Discussion,0,6,17/6/2023,13:05
if you could clone one player....,General Discussion,1,78,15/8/2023,4:54
Who's the best flex,General Discussion,1,35,18/8/2023,7:28
Your top 10 players,General Discussion,0,30,19/8/2023,23:59
OG forsaken > forsak3n > f0rsaken,General Discussion,0,6,7/12/2023,17:06
Interregional Superteam,General Discussion,0,25,27/2/2024,3:18
Who is the GOAT of Valorant?,General Discussion,0,63,7/3/2024,7:17
HOT TAKE,General Discussion,1,17,15/3/2024,21:45
nice try f0rsaken,General Discussion,0,6,16/3/2024,12:46
F0rsaken,General Discussion,3,6,18/3/2024,2:51
Top 5 Players all time,General Discussion,0,49,22/4/2024,1:22
dream team,General Discussion,0,43,26/3/2024,12:32
2 of the top 3 players at shanghai in 1 image,General Discussion,0,37,13/5/2024,7:46
Deeply disappointed in PRX,General Discussion,67,84,3/6/2024,22:45
GOAT debate,General Discussion,1,73,19/8/2024,12:27
Team xccurate vs f0rsaken,General Discussion,0,6,29/9/2024,4:44
f0rsaken hard carried j0nggg,General Discussion,1,6,21/11/2024,18:50
kick j0nggg NOW,General Discussion,8,11,21/11/2024,19:09
RRQ F0rsaken & BME Mindfreak,General Discussion,2,6,1/2/2025,20:57
Izzy > f0rsaken,General Discussion,0,5,15/9/2021,23:15
f0rsaken's raze instead of monyet's raze,General Discussion,0,5,19/2/2024,2:30
F0rsaken Raze,General Discussion,1,5,18/3/2024,2:18
f0rsaken carrying hard,General Discussion,1,5,21/11/2024,20:20
"nAts, yay>>>>Tenz Asuna heat f0rsaken",General Discussion,0,5,19/9/2021,22:59
Best Player in ASIA?,General Discussion,1,27,5/10/2021,9:40
Cleanest aimers in every region.,Off Topic,1,55,23/11/2021,10:59
Best jett knife players?,General Discussion,0,29,28/2/2022,13:21
Build your SEA best team,General Discussion,0,27,3/3/2022,18:52
create your superteam,General Discussion,0,25,12/3/2022,17:07
best player from each region,General Discussion,0,41,25/3/2022,9:13
f0rsaken aim boost.,General Discussion,0,5,25/3/2022,14:41
VAMOS F0RSAKEN,Off Topic,0,5,15/4/2022,23:45
prx,General Discussion,0,16,16/4/2022,9:46
Jinggg and f0rsakeN,General Discussion,0,5,19/4/2022,11:42
forsaken,General Discussion,0,33,20/4/2022,16:48
Riot nerfing f0rsaken,General Discussion,0,5,20/4/2022,22:45
TOP 3 Best Players in each role ATM,General Discussion,0,30,21/4/2022,11:38
Top 5 players world,General Discussion,6,44,24/4/2022,8:29
best of each agent,General Discussion,0,26,4/5/2022,22:40
TenZ overrated duelist,General Discussion,0,84,9/5/2022,22:01
f0rsakeN,General Discussion,3,5,23/6/2022,11:14
Top 10 players in Copenhagen,General Discussion,0,39,30/6/2022,3:26
old nth vs new nth,General Discussion,0,59,10/7/2022,17:10
f0rsakeN covid nerf,General Discussion,0,5,14/7/2022,22:23
PRX will daddy fnatic,General Discussion,3,53,15/7/2022,13:08
Ange1 > f0rsaken yoru,General Discussion,1,5,18/7/2022,12:00
f0rsakeN can play on stage,General Discussion,1,5,20/7/2022,12:41
JINGGG,General Discussion,0,19,24/7/2022,23:33
Indonesian come (ID superteam),General Discussion,0,39,2/8/2022,17:31
Most overhyped player for each league?,General Discussion,1,93,23/9/2022,14:36
Best org and top 3 players in EU/NA/APAC next year,General Discussion,2,12,26/10/2022,10:51
Top 15 players in the world without order,General Discussion,0,86,22/11/2022,12:23
RRQ INDO Super team,General Discussion,0,44,29/1/2023,12:16
best duelists,General Discussion,0,53,6/2/2023,12:29
PRX something roles?,General Discussion,0,29,22/3/2023,19:20
Yay overrated,General Discussion,0,27,26/3/2023,20:40
Your top 5 favourite Val players?,General Discussion,3,120,29/3/2023,19:07
f0rsaken rn :,General Discussion,0,5,2/4/2023,19:21
F0rsaken,General Discussion,0,5,8/4/2023,19:01
All-APAC team?,General Discussion,0,33,12/4/2023,2:48
Cned laugh thread,General Discussion,0,8,6/5/2023,12:40
Lmemore Best Indo Player?,General Discussion,0,27,7/5/2023,17:55
PRX f0rsakeN back to duelist role,General Discussion,0,5,10/6/2023,12:20
f0rsakeN on Odin?,General Discussion,0,5,19/6/2023,13:00
f0rsaken,General Discussion,0,5,21/6/2023,14:02
Who is overrated,General Discussion,0,89,28/7/2023,4:05
eg and paper rex,General Discussion,0,66,1/8/2023,7:04
Your favourite players in each role?,General Discussion,0,26,7/8/2023,12:20
Site is dogshit,General Discussion,0,39,17/8/2023,4:20
Jinggg replacement,General Discussion,0,76,20/8/2023,12:45
",,Updated"" TOP 20 PLAYERS OF THE YEAR",General Discussion,0,49,27/8/2023,23:44
best player each agent,General Discussion,3,46,11/9/2023,14:25
PRX and DRX,General Discussion,0,63,12/9/2023,14:33
You can create a team,General Discussion,0,42,23/9/2023,4:16
Make your dream team.,General Discussion,0,81,8/10/2023,23:27
Top 3 Flex of all time,General Discussion,0,42,23/10/2023,2:48
No f0rsaken?,General Discussion,0,5,7/12/2023,15:02
F0rsaken is the goat,General Discussion,0,5,20/12/2023,14:30
CZDE Best flex players..,General Discussion,0,30,9/1/2024,12:46
Create ur best roster,General Discussion,1,47,13/2/2024,18:50
Top 3 players in each role,General Discussion,0,31,14/3/2024,3:05
remember that f0rsakeN is the IGL too,General Discussion,1,5,16/3/2024,12:56
whats more impressive? prx tokyo or prx madrid,General Discussion,0,22,24/3/2024,1:33
PRX only have 2 options.,General Discussion,0,19,24/3/2024,1:49
PRX ideal Fix,General Discussion,0,46,24/3/2024,2:04
build your superteam,General Discussion,0,41,25/3/2024,6:39
Drop your favourite players,General Discussion,1,91,23/4/2024,12:09
Goat debate (aspas vs forsaken),General Discussion,0,29,3/5/2024,19:23
Top 5 for every agent (VERY LONG),General Discussion,0,66,8/5/2024,1:32
SYSTEM PLAYERS,General Discussion,0,43,12/5/2024,6:48
BEAT MY SHANGHAI SUPERTEAM (IMPOSSIBLE),General Discussion,0,23,14/5/2024,15:06
Top 15 Pros (2021-24),General Discussion,0,69,22/5/2024,6:59
F0rsaken best flex,General Discussion,0,5,31/5/2024,17:37
f0rsaken duelist,General Discussion,2,5,20/7/2024,15:19
WHY YALL MFS SINGLING OUT J0NGGG?,General Discussion,1,31,4/8/2024,17:06
"if you are PRX coach, would you rather",General Discussion,0,36,11/8/2024,20:14
post your dream team,General Discussion,0,62,28/8/2024,3:10
The best team formed by 5 of the same players,General Discussion,0,56,17/10/2024,10:32
f0rsakeN,General Discussion,2,5,21/11/2024,18:36
f0rsaken might be the GOAT,General Discussion,1,5,30/11/2024,17:47
fraud teams,General Discussion,0,53,8/12/2024,16:28
CHOOSE ONE PRO,General Discussion,6,134,6/3/2025,13:45
new prx??,General Discussion,1,10,30/3/2025,17:23
@PaperRex,General Discussion,3,33,31/3/2025,19:01
F0rsaken please wake up,General Discussion,0,4,15/9/2021,21:47
why is f0rsaken so underated?,General Discussion,0,4,18/9/2021,14:41
F0RSAKEN CANT LURK,General Discussion,1,4,27/8/2023,5:54
chronicle vs f0rsaken??,General Discussion,0,4,13/5/2024,5:45
let f0rsaken play duelist,General Discussion,2,4,21/11/2024,19:10
-S1mon + f0rsaken,General Discussion,0,4,23/3/2025,16:26
Best player from each region,General Discussion,0,57,6/8/2021,21:16
f0rsaken knife kill,General Discussion,3,4,8/8/2021,13:41
top 10 acs at berlin,General Discussion,10,32,27/8/2021,4:01
VLR.gg asks the pros at Berlin,General Discussion,36,100,6/9/2021,23:13
Underrated Players,General Discussion,0,17,13/9/2021,14:26
PapeRex,General Discussion,2,23,14/9/2021,9:15
Dreamteam from each region,General Discussion,0,20,17/9/2021,15:36
Top 5 duelist in your region,General Discussion,0,52,4/10/2021,14:53
Jingg?,General Discussion,0,11,11/10/2021,22:15
prx comp,General Discussion,1,20,12/10/2021,20:29
why is forsaken not in jett,General Discussion,0,24,12/10/2021,21:04
Build your national team,General Discussion,5,103,17/10/2021,17:00
Best player on each agent,General Discussion,0,47,4/11/2021,21:19
Sinatraa,General Discussion,0,15,23/12/2021,8:32
best players for all regions,General Discussion,0,23,28/12/2021,2:19
who is the best SEA player/aimer?,General Discussion,1,23,8/1/2022,19:56
Best OPER in Asia,General Discussion,0,23,16/1/2022,16:02
Optic will never same again,General Discussion,1,25,11/2/2022,11:57
I guess your favourite valorant player,General Discussion,27,1072,20/2/2022,12:46
Stealing the name of G.O.A.T,General Discussion,0,19,5/3/2022,2:08
F0rsaken,Off Topic,0,4,25/3/2022,14:37
Prx are just like ge??,General Discussion,0,88,27/3/2022,16:33
DRX need forsaken,General Discussion,0,74,19/4/2022,4:51
G2 Copypasta ?,General Discussion,1,8,19/4/2022,15:08
PaperLex,General Discussion,0,49,28/5/2022,13:58
Top 5 players of all time in each role,General Discussion,0,16,6/6/2022,2:44
SURF,General Discussion,0,7,12/7/2022,12:02
f0rsakeN,General Discussion,0,4,14/7/2022,22:10
Is Scream still the best Aimer?,General Discussion,0,23,22/7/2022,12:10
Susanto vs Ange1 in Valorant,General Discussion,0,12,24/7/2022,17:47
team's players ranked,General Discussion,0,16,26/7/2022,23:00
real TOP 10 APAC player (individual),General Discussion,0,32,28/7/2022,13:37
SEA fps kings,General Discussion,0,55,2/8/2022,16:22
SEA franchising teams,General Discussion,0,37,9/8/2022,22:56
ZmjjKK Clears,General Discussion,38,42,13/8/2022,8:01
100t asuna,General Discussion,0,99,18/8/2022,21:41
Top 20 player ranking from last year,General Discussion,15,89,20/8/2022,19:40
f0rsaken,General Discussion,0,4,7/9/2022,22:22
Any prx news?,General Discussion,0,17,7/10/2022,3:51
Paper rex 6th man,General Discussion,4,23,12/10/2022,3:00
Ranking Valorant Teams with NBA 2k ratings pt.1,General Discussion,1,63,14/11/2022,10:10
TOP 3 Player by roles,General Discussion,0,73,1/12/2022,11:41
Best Val players A - Z,General Discussion,0,64,5/12/2022,8:59
worst player in franchising,General Discussion,2,92,8/12/2022,15:02
Best Awpers In Asia,General Discussion,0,93,25/1/2023,16:12
Plat Chat Top Players For Brazil,General Discussion,0,32,2/2/2023,16:47
Top 10 players: Sao Paulo with reasoning,General Discussion,2,25,10/2/2023,16:25
yay appreciation post,General Discussion,0,21,26/3/2023,20:25
f0rsakeN,General Discussion,1,4,8/4/2023,18:49
INDO COME,General Discussion,2,28,8/4/2023,19:59
Best aim players in league right now?,General Discussion,0,128,18/4/2023,12:15
Prx f0rsaken,General Discussion,0,4,12/5/2023,18:23
Most representative player by agent,General Discussion,0,38,16/5/2023,7:21
Who is ur top 10 favorite players,General Discussion,0,44,1/6/2023,2:14
VLR at the Masters Tokyo Press Conference,General Discussion,3,31,10/6/2023,10:12
F0rsaken on lotus,General Discussion,0,4,24/6/2023,11:25
ID superteam,General Discussion,0,34,26/6/2023,22:23
Create a superteam,General Discussion,0,44,14/7/2023,12:55
Trust in f0rsaken pickem,General Discussion,2,4,19/7/2023,17:51
Are people really hating on F0rsaken?,General Discussion,0,4,24/7/2023,4:08
Make your own team [CHAMPIONS EDITION],General Discussion,0,28,10/8/2023,21:07
best replacement for jingg,General Discussion,0,61,17/8/2023,18:18
f0rsaken is a genius,General Discussion,0,4,20/8/2023,2:49
f0rsaken is a walking highlights reel,General Discussion,1,4,20/8/2023,4:42
F0rsaken on astra,General Discussion,0,4,20/8/2023,8:45
EG and PRX fans come,General Discussion,3,27,21/8/2023,9:15
PRX best bet,General Discussion,2,43,22/8/2023,19:09
top players so far,General Discussion,1,37,26/8/2023,7:29
f0rsaken and Jinngg,General Discussion,1,4,27/8/2023,5:46
F0rsaken on Jing,General Discussion,4,4,27/8/2023,8:59
2023 Player Ranking Survey,General Discussion,11,22,27/8/2023,23:08
"Make a super team, but...",General Discussion,1,41,1/9/2023,8:08
Best 2023 lineup and worst 2023 lineup,General Discussion,0,13,2/9/2023,2:24
My new GOAT,General Discussion,0,13,28/9/2023,15:40
CHOOSE your team,General Discussion,0,59,28/10/2023,20:18
[BR] sobre o Kenzit,General Discussion,0,14,5/1/2024,9:42
APAC Hot Takes?,General Discussion,0,26,17/1/2024,12:09
combine 2 players,General Discussion,2,38,23/2/2024,18:36
Top 3 in Every Role at Madrid,General Discussion,0,36,6/3/2024,21:57
Forsaken = Faker,General Discussion,0,42,13/3/2024,8:20
ENTIRE PLAYER TIER LIST,General Discussion,0,45,14/3/2024,13:13
5 f0rsaken,General Discussion,2,4,18/3/2024,2:52
Top 3 Goat contenders,General Discussion,0,50,21/3/2024,16:34
Who better flex now?,General Discussion,0,6,23/3/2024,12:36
Angel on the Shoulder: Monyet,General Discussion,27,67,24/3/2024,3:17
Now That Madrid is Over ...,General Discussion,0,30,25/3/2024,7:58
no bias top 10 all time,General Discussion,0,39,22/4/2024,1:56
Top 25 Players OF ALL TIME (ACTUALLY TRUE LIST),General Discussion,4,58,22/4/2024,5:08
TOP 5 PLAYERS OAT,General Discussion,0,5,22/4/2024,9:13
f0rsakeN,General Discussion,2,4,23/4/2024,19:38
Rank these players (prime only and franchising),General Discussion,1,10,24/4/2024,9:35
All time best players by role,General Discussion,1,32,25/4/2024,11:39
F0rsaken's a god,General Discussion,1,4,5/5/2024,16:27
dont call someone the GOAT,General Discussion,4,25,7/5/2024,12:32
Goat of Valorant,General Discussion,1,16,13/5/2024,3:46
Goat of every role,General Discussion,0,38,13/5/2024,3:51
Regions Ranked For Shanghai,General Discussion,0,48,13/5/2024,9:12
something and f0rsaken,General Discussion,4,4,3/6/2024,16:33
Build a Roster for $15 2.0 + Challenge Gauntlet,General Discussion,5,66,4/6/2024,9:11
Debate: Being a super-flex is actually just stupid,General Discussion,0,17,15/6/2024,12:01
PRX REBUILD,General Discussion,0,53,9/7/2024,16:52
PRX thoughts?,General Discussion,1,54,20/7/2024,20:50
What I Think Would be the best Team in the World,General Discussion,1,42,21/7/2024,3:06
prx ascent comp,General Discussion,2,35,27/7/2024,12:23
Best Valorant Nations,General Discussion,0,119,30/7/2024,1:43
GENG FORSAKEN,General Discussion,1,35,12/8/2024,10:08
Realistic PRX fix,General Discussion,10,34,12/8/2024,19:49
Chronicle Goat flex,General Discussion,0,15,18/8/2024,17:07
Valorant Fantasy Draft,General Discussion,0,23,27/10/2024,11:06
Jinggg is learning to play Cypher,General Discussion,5,47,1/11/2024,11:27
7 Wonders in Valorant,General Discussion,0,86,30/11/2024,18:50
Goat of Every Agent,General Discussion,0,88,20/12/2024,17:38
Best Player Each Year Every Region,General Discussion,0,49,28/12/2024,5:11
PRX Roster Rankings,General Discussion,0,25,27/1/2025,7:48
PRX player contracts,General Discussion,0,30,1/2/2025,20:26
PRX FIX Roster,General Discussion,0,20,1/2/2025,20:55
Do PRX need big changes?,General Discussion,0,50,12/2/2025,9:25
jinggg smoker,General Discussion,0,23,20/2/2025,16:25
what is ur fav player oat,General Discussion,0,79,24/2/2025,6:48
Create your Pacific Superteam?,General Discussion,0,20,27/2/2025,10:41
global superteam go,General Discussion,0,39,28/2/2025,15:12
My opinion on Paper Rex,General Discussion,5,28,11/3/2025,18:53
prx mindfreak + jingg:),General Discussion,0,27,1/4/2025,10:30
f0rsaken > cned,General Discussion,0,3,14/9/2021,12:00
Beat F0rsaken Sova first then challenge his jett,General Discussion,1,3,12/10/2021,21:18
Jinggg and f0rsakeN,General Discussion,0,3,24/7/2022,23:10
Poor f0rsaken,General Discussion,0,3,7/9/2022,21:40
PRX f0rsaken Interview,General Discussion,3,3,17/1/2023,21:40
white f0rsaken,Off Topic,0,3,29/7/2023,10:22
xccurate vs f0rsaken,General Discussion,0,3,8/12/2023,12:08
Fav player from each team?,General Discussion,1,29,28/7/2021,9:40
Indo Masuk,General Discussion,0,23,16/8/2021,17:44
mwzera just reached #1 in ranked GLOBALLY,General Discussion,0,72,23/8/2021,21:04
Who are you most excited to see on LAN?,General Discussion,0,40,24/8/2021,1:29
Each regions super team,General Discussion,0,61,27/8/2021,8:20
Look at the bright side,General Discussion,0,6,28/8/2021,13:51
f0rsaken,General Discussion,2,3,11/9/2021,20:45
cned > tenz,General Discussion,0,27,13/9/2021,3:08
Derke duo F0rsaken rn,General Discussion,1,3,13/9/2021,8:27
I cant believe this,General Discussion,0,113,15/9/2021,23:11
Best Jett Players on Masters,General Discussion,1,15,15/9/2021,23:47
PRX wanted to lose,General Discussion,0,23,15/10/2021,11:28
Iconic Players Iconic Skins,General Discussion,4,86,28/11/2021,16:08
SEA Superteam based on countries,General Discussion,2,14,9/12/2021,20:09
Who is the best APAC Frag demon?,General Discussion,2,22,18/12/2021,19:10
Who will replace Patiphan,General Discussion,1,22,19/12/2021,13:59
Valorant World Cup,General Discussion,2,139,23/12/2021,4:24
which country/region plays best jett,General Discussion,5,47,24/1/2022,6:14
Skrossi to masters this year!,General Discussion,0,99,10/2/2022,18:26
if na continue playing like this at masters,General Discussion,0,42,21/2/2022,7:55
Johnolsen,General Discussion,1,27,13/3/2022,13:51
Top 3 duelist?,General Discussion,0,48,20/3/2022,22:43
TOP 10 PLAYERS RN,General Discussion,12,122,28/3/2022,12:11
Is Yay the best Chamber in the world right now?,General Discussion,0,72,17/4/2022,6:36
F0rsaken,General Discussion,0,3,19/4/2022,4:52
Check Forsaken's PC,General Discussion,1,5,19/4/2022,5:45
The Misunderstanding of Paper Rex,General Discussion,36,36,19/4/2022,6:33
"TOP 5 CURRENTLY ON MASTERS, BY PERFORMANCE.",General Discussion,0,21,19/4/2022,14:01
G2 thought,Off Topic,0,5,20/4/2022,2:54
Drug test before tournament?,General Discussion,0,18,20/4/2022,6:19
The most handsome guy in master,General Discussion,0,20,24/4/2022,3:23
Best player from each region,General Discussion,0,30,3/5/2022,20:45
Shahzam is insane,General Discussion,0,12,5/5/2022,7:14
Top 25 Worldwide,General Discussion,0,49,6/5/2022,4:09
tesseract farming,General Discussion,0,58,3/6/2022,18:55
PRX's kryptonite,General Discussion,0,38,6/6/2022,14:06
NA >> EU,General Discussion,0,141,9/6/2022,8:13
Most affected players by Jett nerf,General Discussion,0,19,11/6/2022,6:32
TOP Players from APAC region,General Discussion,6,38,13/6/2022,21:54
The Valorant world cup,General Discussion,5,97,18/6/2022,12:19
First thoughts of big teams in 5 words or less,General Discussion,0,47,24/6/2022,7:49
We need a 2° Superteam,General Discussion,0,55,25/6/2022,12:50
Top 10 opers in the world,General Discussion,1,45,27/6/2022,9:20
PRX salary,General Discussion,4,99,29/6/2022,16:25
who has the cleanest aim in ur opinion,General Discussion,0,83,4/7/2022,11:25
The reason why PRX win this event,General Discussion,0,47,13/7/2022,16:55
Forsaken going to EU/NA next year,General Discussion,0,28,14/7/2022,22:55
F0RSAKEN,General Discussion,0,3,14/7/2022,23:36
PRX covid situation,General Discussion,4,23,17/7/2022,16:47
ALFAJER ONLINER?,General Discussion,0,14,17/7/2022,23:11
Indonesia doesn't support Forsaken,General Discussion,0,80,18/7/2022,12:16
I can’t man,General Discussion,0,9,18/7/2022,12:22
DRX Cons,General Discussion,5,46,19/7/2022,4:35
Ranking the Remaining Players in M2,General Discussion,0,18,19/7/2022,5:38
PRX gonna fall apart next year? :((((,General Discussion,0,42,20/7/2022,10:26
f0rsaken diff,General Discussion,0,3,22/7/2022,22:41
Benkai and D4v4i are mega underrated,General Discussion,0,8,23/7/2022,12:26
I take the L,General Discussion,3,18,23/7/2022,4:37
BLEED offered 2.6 M to forsaken,General Discussion,4,38,23/7/2022,17:28
World player rankings (Discuss),General Discussion,0,24,24/7/2022,3:17
JINGG > FORSAKEN,General Discussion,0,16,24/7/2022,23:33
f0rsaken finally left the hotel,General Discussion,0,3,25/7/2022,1:20
BEST PLAYERS IN THE WORLD,General Discussion,0,7,27/7/2022,6:28
bleed = money cant buy success,General Discussion,5,43,6/8/2022,19:19
EDG vs PRX,General Discussion,0,87,8/8/2022,14:36
How good is EDG compared to EMEA and NA?,General Discussion,0,40,14/8/2022,13:58
ZMJKK GOAT !!!,General Discussion,4,16,14/8/2022,18:06
Bleed,General Discussion,0,9,15/8/2022,15:33
"If APAC + SA had a ""super team""",General Discussion,0,46,16/8/2022,5:45
Superteam,General Discussion,0,34,16/8/2022,7:09
PRX,General Discussion,0,31,16/8/2022,23:44
ez money when edg wins,General Discussion,0,20,19/8/2022,1:04
i guess the team you hate,General Discussion,0,226,22/8/2022,2:26
who better SkRossi Vs ZmmjjKK,General Discussion,0,112,21/8/2022,20:17
Only duelist players team,General Discussion,0,18,27/8/2022,12:17
How many EMEA teams make playoffs?,General Discussion,0,33,6/9/2022,4:52
drop your Dream Team till date here,General Discussion,0,40,7/9/2022,10:53
Chadkai,General Discussion,0,3,7/9/2022,22:01
APAC Super Team 2023,General Discussion,0,30,8/9/2022,10:35
Overrated players in Champs,General Discussion,0,56,13/9/2022,19:39
Imagine Korea Roster Shuffle,General Discussion,0,24,16/9/2022,9:40
What would be ypur best national team,General Discussion,3,71,19/9/2022,12:46
RRQ Roster,Off Topic,12,156,24/9/2022,11:37
aspas/yay,General Discussion,0,18,28/9/2022,15:08
Skrossi,General Discussion,4,51,29/9/2022,5:27
SEN import?,General Discussion,0,9,7/10/2022,3:10
GENG 5 MEN CONFIRMED,General Discussion,2,36,14/10/2022,22:28
SkRossi reality check by STATS,General Discussion,1,6,22/10/2022,23:54
Overhyping patiphan???,General Discussion,8,58,25/10/2022,22:18
overrated mfs,General Discussion,0,83,27/10/2022,23:14
Which league would win?,General Discussion,0,16,30/10/2022,18:50
top 50 players in vct main,General Discussion,0,59,23/11/2022,10:01
asian val world cup,General Discussion,0,80,1/12/2022,8:21
Best AWPER in Asia (REAL RANKING!),General Discussion,0,64,26/1/2023,12:05
W PRX,General Discussion,4,16,13/2/2023,21:52
best duo of all franchise teams,General Discussion,1,51,21/2/2023,22:03
Onliner Frauds,General Discussion,0,42,25/2/2023,11:56
BEST NEON PLAYERS IN THE FRANCHISE,General Discussion,0,29,1/3/2023,9:41
zmjjkk the generous goat,Off Topic,5,11,8/3/2023,18:49
Paper Rex,General Discussion,0,15,15/3/2023,20:53
PRX Fix for Regionals,General Discussion,2,46,16/3/2023,19:39
APAC Aim Gods,General Discussion,0,66,17/3/2023,23:25
PRX fix ?,General Discussion,0,13,2/4/2023,17:52
f0rsaken,General Discussion,0,3,2/4/2023,19:00
prx,General Discussion,1,4,2/4/2023,19:01
F0rsaken discipline,General Discussion,1,3,2/4/2023,20:22
FDWC come,Off Topic,2,28,3/4/2023,17:02
prx,General Discussion,0,13,6/4/2023,13:29
Best jett player,General Discussion,0,58,7/4/2023,21:51
mindfreak,General Discussion,0,46,15/4/2023,19:17
f0rsaken IGL-ing ?,General Discussion,0,3,22/4/2023,15:17
Jett players who can play other agents,General Discussion,4,74,3/5/2023,18:16
best in game names,General Discussion,0,109,5/5/2023,4:44
f0rsaken,General Discussion,0,3,6/5/2023,18:01
"leaf,f0rsaken & Jamppi",General Discussion,1,3,7/5/2023,5:22
The Best (and Worst) Roles for Each Region,General Discussion,10,41,9/5/2023,9:34
PRX confirmed 2nd seed,General Discussion,12,20,15/5/2023,17:21
Best Pacific Jett player is.....,General Discussion,3,36,16/5/2023,21:57
The weakest link on every franchised team,General Discussion,0,32,3/6/2023,12:14
Paper Rex roster??????,General Discussion,1,35,4/6/2023,13:11
What's YOUR top 10 players in masters Tokyo,General Discussion,3,52,7/6/2023,3:05
g0atsakeN,General Discussion,6,24,10/6/2023,17:43
How highly do VLR users rate Giants Cloud?,General Discussion,0,64,11/6/2023,1:24
Is sthing really important ???,General Discussion,0,28,20/6/2023,17:02
f0rsaken harbor,General Discussion,1,3,21/6/2023,16:18
nrg fix,General Discussion,0,6,21/6/2023,18:06
PRX without Jinggg,General Discussion,0,33,24/6/2023,11:57
Masters top 3 of each role,General Discussion,1,32,26/6/2023,9:13
This or that ? (2),General Discussion,0,29,30/6/2023,13:51
BEST PLAYERS FROM YOUR COUNTRY,General Discussion,3,93,4/7/2023,11:08
yoru reminder,General Discussion,0,25,17/7/2023,9:18
BEST FLEX PLAYERS ITW,General Discussion,1,40,29/7/2023,17:55
Who is the flexiest player,General Discussion,0,27,13/8/2023,12:29
Best Pro player who can play any role.,General Discussion,1,21,16/8/2023,8:51
f0rsaken sens,General Discussion,0,3,17/8/2023,5:09
Top 3 flex players,General Discussion,0,30,18/8/2023,8:55
valorant world cup,General Discussion,2,59,21/8/2023,18:57
PRX HAVEN,General Discussion,0,17,21/8/2023,20:19
PRX TenZ ???,General Discussion,0,25,22/8/2023,12:15
Top 4 teams players ranked,General Discussion,0,26,22/8/2023,2:10
is there a fourth MVP candidate?,General Discussion,0,47,22/8/2023,7:12
Jinggg Replacement for Next Year,General Discussion,0,53,23/8/2023,2:39
F0rsaken on something vs demon1,General Discussion,2,3,24/8/2023,23:57
PRX Players Ranked,General Discussion,1,10,25/8/2023,8:15
Top 20 players of the year + some tier 2 players,General Discussion,0,63,26/8/2023,9:55
f0rsaken,General Discussion,0,3,27/8/2023,3:51
Sen Zekken.,General Discussion,0,6,27/8/2023,21:48
PRX yay,General Discussion,1,17,27/8/2023,22:36
IMPORTANT EMEA LEAKS LIVE,General Discussion,59,159,30/8/2023,2:56
super team made from each region,General Discussion,0,28,1/9/2023,9:54
Give me hot valorant pros,General Discussion,0,68,14/9/2023,7:27
Valorant TOTY (thoughts?),General Discussion,3,23,10/10/2023,17:59
Superteam for each ‘region’,General Discussion,1,60,14/10/2023,12:06
Best form of PRX,General Discussion,0,25,14/10/2023,11:19
jingggs jett vs forsakens raze,General Discussion,0,11,23/10/2023,19:55
Make Your Deam Team,General Discussion,0,32,6/11/2023,10:07
Fraud list (only big names),General Discussion,0,50,11/11/2023,11:39
Top 10 players in VCT,General Discussion,0,17,15/11/2023,2:38
JohnOlsen is popping off,General Discussion,0,16,26/11/2023,15:16
best player per agent,General Discussion,0,35,2/12/2023,7:32
Sova issue on prx,General Discussion,0,22,5/12/2023,20:15
Rb's Yoru,General Discussion,0,18,6/12/2023,19:47
Yoru f0rsaken,General Discussion,0,3,7/12/2023,19:41
VLR certified actual good Yoru players,General Discussion,7,38,7/12/2023,20:01
F0rsaken second bro got banned,General Discussion,0,3,8/12/2023,12:32
Super TEAM in every region,General Discussion,2,65,20/12/2023,17:45
vlr.gg is lowkey EU biased?,General Discussion,1,23,28/12/2023,6:58
Team Jett Mains Gone Wild(tm),General Discussion,0,12,20/1/2024,5:36
Top 10 players in the world,General Discussion,0,40,27/1/2024,12:22
"high IQ top 5 unbiased list, nothing but the truth",General Discussion,0,28,29/1/2024,2:06
Sideshow just yaps,General Discussion,0,28,14/2/2024,11:27
What is a flex?,General Discussion,0,14,20/2/2024,16:21
Who are some of Valorants most talented aimers?,General Discussion,0,10,23/2/2024,22:12
f0rsaken for d0rke,General Discussion,0,3,2/3/2024,4:02
vlr stat scraper ^-^,Off Topic,104,1471,22/11/2023,12:01
WHO ARE YOUR TOP 10 FOR MADRID?,General Discussion,1,15,5/3/2024,10:23
s0mething bot,General Discussion,0,50,16/3/2024,12:47
f0rsaken first time raze,General Discussion,0,3,18/3/2024,2:19
Prx fans come,General Discussion,0,12,18/3/2024,3:00
PRX Ascent comp,General Discussion,0,11,19/3/2024,19:13
PRX vs Monyet,General Discussion,7,46,24/3/2024,13:38
Top 10 Players of Every Year,General Discussion,0,51,26/3/2024,7:03
Respect chronicle,General Discussion,2,14,26/3/2024,21:34
"truth about ""flex"" players",General Discussion,12,35,27/3/2024,21:59
RANK THE FOLLOWING DUOS,General Discussion,0,17,31/3/2024,13:50
Best Global Roster,General Discussion,0,19,5/4/2024,3:04
Chamber or I retire,General Discussion,0,35,7/4/2024,17:19
Monyet was the problem,General Discussion,0,62,7/4/2024,19:30
Top 3 Favorite Players for Every Region,General Discussion,0,20,8/4/2024,12:15
Keznit + Heat,General Discussion,1,22,9/4/2024,6:33
Players that will be in Valorant Hall of Fame ?,General Discussion,0,35,10/4/2024,3:03
goats of valorant,General Discussion,17,49,15/4/2024,1:04
Absurd teams,General Discussion,2,14,22/4/2024,4:52
Forsaken face,General Discussion,0,25,23/4/2024,19:09
CAN WE STOP USING YORU AFTER MADRID?,General Discussion,0,8,25/4/2024,22:52
f0rsaken,General Discussion,7,3,27/4/2024,15:44
Best streamers to watch for Masters Shanghai,General Discussion,0,18,28/4/2024,8:58
"Pros that has ""0"" on their name",General Discussion,0,14,29/4/2024,16:44
who are the best players right now?,General Discussion,0,86,29/4/2024,21:53
Forsaken how,General Discussion,2,22,2/5/2024,11:59
coolest pro ign?,General Discussion,1,148,2/5/2024,11:43
Aspas' ideal player,General Discussion,0,17,2/5/2024,20:44
The GOAT Of Valorant,General Discussion,2,34,4/5/2024,4:54
APAC,General Discussion,0,15,4/5/2024,19:25
benjamin fish (GLAZE WARNNING),General Discussion,0,14,12/5/2024,23:50
Which pair would you rather start a team with?,General Discussion,0,7,14/5/2024,7:37
Top 5 kayos,General Discussion,2,40,18/5/2024,2:37
Predicting Shanghai awards and stats,General Discussion,1,23,19/5/2024,22:04
vct draft,General Discussion,0,47,28/5/2024,7:24
jinggg hate,General Discussion,0,33,1/6/2024,1:07
F0rsaken 1 vs 9,General Discussion,2,3,3/6/2024,16:21
PRX Players getting lots of hate,General Discussion,0,25,4/6/2024,12:19
PRX needs Primmie to win,General Discussion,0,23,5/6/2024,10:16
Best Jett Flexes,General Discussion,0,41,10/6/2024,3:07
#INDOTHREAD,General Discussion,0,13,22/6/2024,16:43
Top 5 of Each Role - All Time,General Discussion,0,108,2/7/2024,15:44
battle of the igls,General Discussion,0,46,5/7/2024,2:36
Sen fans are challenged,General Discussion,0,44,5/7/2024,3:44
Davaii is incredible,General Discussion,2,37,5/7/2024,17:45
Players who can play any agent,General Discussion,1,38,8/7/2024,8:03
PRX Ascent,General Discussion,0,17,13/7/2024,15:54
kinda disappointed with jinggg this time.,General Discussion,7,27,20/7/2024,19:49
Least toxic valul pro,General Discussion,0,44,23/7/2024,21:06
Hot take (?),General Discussion,0,11,24/7/2024,1:33
Official VLR Top 10,General Discussion,0,33,27/7/2024,1:47
PRX took about 10 L's,General Discussion,1,79,5/8/2024,7:58
How I would fix PRX Lotus,General Discussion,0,12,6/8/2024,1:49
if PRX ran F0RSAKEN neon & J0NG on raze…,General Discussion,0,3,8/8/2024,19:44
PRX,General Discussion,2,49,11/8/2024,19:35
free forsaken,General Discussion,0,29,12/8/2024,2:28
random prx rant,General Discussion,3,18,15/8/2024,10:28
BOAT Breach players,General Discussion,0,17,18/8/2024,3:31
Top 20 Players of 2024 shortlist,General Discussion,0,42,20/8/2024,7:38
Why is forsaken in GOAT debate?,General Discussion,0,18,20/8/2024,11:03
who wins it all,General Discussion,0,13,24/8/2024,2:07
Was Fnatic Great? Come Prove it,General Discussion,0,120,17/9/2024,8:50
Whose a player you wish was better,General Discussion,3,48,18/9/2024,1:30
Prx something role switch?,General Discussion,1,19,24/9/2024,4:45
Indonesia so far,General Discussion,5,23,4/10/2024,14:32
Something,General Discussion,0,28,10/10/2024,9:13
ChatGPT's top 5,General Discussion,0,17,14/10/2024,6:56
Best Player By Letter,General Discussion,0,63,17/10/2024,7:04
Create your own all time roster for your region,General Discussion,0,38,21/10/2024,6:55
Create Your Dream Team,General Discussion,0,53,22/10/2024,9:42
Favourite players?,General Discussion,0,30,2/11/2024,21:55
best players ever without a international trophy,General Discussion,1,14,6/11/2024,14:57
TOP 10 Players to ever touch the game,General Discussion,0,78,9/11/2024,1:36
list your top 5 respective in their roles,General Discussion,0,57,12/11/2024,21:56
goat tier list,General Discussion,0,83,14/11/2024,13:21
prx,General Discussion,1,32,21/11/2024,21:45
Players from each role,General Discussion,0,9,25/11/2024,12:34
genuine problems with PRX,General Discussion,8,33,27/11/2024,19:57
Prx,General Discussion,5,17,1/12/2024,19:52
Can PRX's flexibility win them master in vct 2025,General Discussion,2,39,2/12/2024,19:20
best player for every agent,General Discussion,0,42,6/12/2024,12:46
Greatness,General Discussion,1,28,14/12/2024,22:14
2025 stars predictions,General Discussion,0,23,21/12/2024,19:10
why mako is the goat of pacific,General Discussion,0,20,28/12/2024,11:29
Apeks fix,General Discussion,0,12,25/1/2025,3:22
PRX let me cook,General Discussion,0,19,27/1/2025,12:10
PRX LAUGH THREAD,General Discussion,26,73,1/2/2025,20:48
PRX IGL,General Discussion,0,27,2/2/2025,2:35
PRX PLEASE LOST ??,General Discussion,0,12,1/2/2025,20:07
asians come,General Discussion,0,42,2/2/2025,19:56
Faces of Valorant,General Discussion,1,14,7/2/2025,21:26
Top 10 Best Players of All Time,General Discussion,0,35,7/2/2025,22:06
PRX. Who is your star player?,General Discussion,5,9,9/2/2025,21:03
How will Paper Rex recover?,General Discussion,0,33,12/2/2025,11:31
chatpgt top 20 players,General Discussion,1,28,17/2/2025,17:18
TOP 3 PAC PLAYER EACH ROLE,General Discussion,0,12,18/2/2025,9:20
Dream team,General Discussion,0,62,14/3/2025,1:37
f0rsaken weyley,General Discussion,0,3,23/3/2025,16:29
PRX,General Discussion,1,7,23/3/2025,17:22
PRX Something,General Discussion,0,26,23/3/2025,21:01
Waylay,General Discussion,0,10,28/3/2025,2:36
Prx is the worst of the worst,General Discussion,0,28,30/3/2025,15:59
f0rsakeN,General Discussion,0,3,30/3/2025,19:07
PRX solution,General Discussion,0,7,30/3/2025,23:49
are prx fans still braindead on yt as well?,General Discussion,4,17,31/3/2025,10:44
will indos dethrone koreans in pacific?,General Discussion,4,45,31/3/2025,18:47
APAC Duelist Ranking,General Discussion,1,10,2/4/2025,17:16
PRX Hot take,General Discussion,0,6,3/4/2025,9:22
PRX f0rsaken Copypasta,General Discussion,0,2,12/7/2022,16:32
TALON f0rsaken,General Discussion,0,2,25/9/2022,12:54
f0rsaken is the goat,General Discussion,3,2,18/3/2024,3:18
Patmen & F0rsaken - The New Dynamic Duo,General Discussion,0,2,9/3/2025,19:24
Will there be slot for india in upcoming events?,General Discussion,1,17,5/5/2021,11:42
Patiphan or Skrossi?,General Discussion,1,21,24/7/2021,22:18
Today's predictions,General Discussion,0,26,26/7/2021,1:07
Favorite player,General Discussion,0,26,28/7/2021,14:31
Best young talents,General Discussion,0,79,28/7/2021,16:58
Make your very own WORLD CLASS TEAM.,General Discussion,2,50,20/8/2021,10:44
SEA come,General Discussion,0,15,24/8/2021,12:07
Best Opening Matchup,General Discussion,1,26,28/8/2021,17:08
Jalebi,General Discussion,5,27,1/9/2021,1:24
Best pros at Berlin for each agent,General Discussion,1,45,8/9/2021,3:22
PREDICTION for today's matches,General Discussion,5,39,11/9/2021,15:33
F0rsaken OP compared to his brother Xccurate,General Discussion,1,2,11/9/2021,23:41
players that impressed me so far,General Discussion,10,12,12/9/2021,5:00
LAN BUFF,General Discussion,2,37,12/9/2021,9:10
Overrated or underrated berlin players until now,General Discussion,0,13,12/9/2021,22:10
PRX > ACEND,General Discussion,3,10,14/9/2021,12:16
KR/JP Scene,General Discussion,0,23,14/9/2021,12:40
DAY 5 PREDICTIONS,General Discussion,0,19,15/9/2021,3:20
Today's ELIM match,General Discussion,0,25,15/9/2021,12:29
Top 5 Berlin,General Discussion,0,10,15/9/2021,19:41
D4v41 underrated?,General Discussion,2,8,15/9/2021,21:04
Why did PRX choose Breeze?,General Discussion,1,14,15/9/2021,21:57
most impressive player so far,General Discussion,2,42,18/9/2021,11:46
what are other regions thoughts on SKROSSI?,General Discussion,0,26,18/9/2021,17:00
SkRossi,General Discussion,0,16,18/9/2021,22:41
top 3 jetts in berlin,General Discussion,4,43,20/9/2021,2:28
Thoughts about Masters and some predicts for LCQ,General Discussion,2,16,20/9/2021,7:27
SKROSSI JETT KDA vs TenZ JETT KDA,General Discussion,1,53,21/9/2021,21:28
Haters from NA/EU come,General Discussion,23,22,11/10/2021,17:23
f0rasken vs. Seoldam,General Discussion,0,7,13/10/2021,10:03
UR TOP 5 PLAYERS ITW,Off Topic,-7,97,14/10/2021,8:09
PRX throwing?,General Discussion,0,19,15/10/2021,18:17
PRX comp,General Discussion,0,7,15/10/2021,20:00
f0rsaken will not play jett??,General Discussion,0,2,15/10/2021,20:45
Best Jett's,General Discussion,0,55,3/11/2021,9:46
Best Player From Each Region,General Discussion,0,6,4/12/2021,23:54
X10C without Patiphan,General Discussion,1,48,9/12/2021,11:16
Best player each country,General Discussion,2,67,9/12/2021,15:47
X10,General Discussion,1,26,10/12/2021,12:52
Best op player?,General Discussion,0,76,20/12/2021,19:47
SKrossi,General Discussion,0,29,22/12/2021,15:18
build a superteam,General Discussion,0,61,23/1/2022,6:05
Consistent players,General Discussion,0,59,26/1/2022,19:36
Top 5 players from your country (arguable),General Discussion,2,248,26/1/2022,20:08
Forecast 2022,General Discussion,0,10,28/1/2022,12:00
Six Degrees of TenZ,General Discussion,8,163,7/2/2022,5:22
fastest ace of the year?,General Discussion,5,25,18/2/2022,19:24
The Best Player In The World,General Discussion,5,10,18/2/2022,23:58
TOP 3 JETTS,General Discussion,0,130,27/2/2022,23:27
Best player from each region,General Discussion,0,49,7/3/2022,15:27
Build your World Cup team,General Discussion,0,48,8/3/2022,23:44
Val INDO,General Discussion,6,50,12/3/2022,12:39
best apac jetts,General Discussion,0,54,12/3/2022,21:42
SEA > NA,General Discussion,0,157,14/3/2022,22:32
prx,General Discussion,0,6,17/3/2022,12:47
Asian superteam,General Discussion,3,21,20/3/2022,13:34
SBE vs PRX,General Discussion,1,18,24/3/2022,13:10
paper rex strat,General Discussion,1,8,24/3/2022,20:14
PRX best strat!!,General Discussion,2,4,24/3/2022,21:19
f0rsaken,General Discussion,0,2,25/3/2022,14:35
prx xeria match,General Discussion,0,8,25/3/2022,19:02
APAC Best Player,General Discussion,0,11,27/3/2022,20:28
best rifler at masters,General Discussion,0,32,29/3/2022,15:30
VCT APAC - Top Players for Each Role,General Discussion,2,9,1/4/2022,7:22
5 PLAYERS TO LOOK OUT FOR @ MASTERS,General Discussion,16,24,2/4/2022,10:55
PRX,General Discussion,0,128,2/4/2022,16:10
Masters 1 Teams,General Discussion,9,14,3/4/2022,7:03
Who will be the best player at Iceland.,General Discussion,3,32,4/4/2022,11:29
Top 5 individual in Masters Reykjavik 2022,General Discussion,0,26,7/4/2022,5:56
How,General Discussion,0,9,11/4/2022,4:12
Imagine Paper Rex,General Discussion,2,8,11/4/2022,5:44
King of Asian Valorant,General Discussion,1,8,15/4/2022,22:44
Who is the best YORU in the world?,General Discussion,0,5,16/4/2022,1:40
IF GuARD loses today,General Discussion,0,25,16/4/2022,10:26
Fav players from Reykjavik,General Discussion,3,47,17/4/2022,19:00
BIND AND YORU,General Discussion,0,5,19/4/2022,3:56
prx salary,General Discussion,4,57,19/4/2022,4:07
FORSAKEN POLISH PRIDE,General Discussion,5,10,19/4/2022,5:09
F0rsaken,General Discussion,1,2,19/4/2022,5:38
SEN & PRX,General Discussion,4,23,19/4/2022,5:54
world no.1 roster,General Discussion,3,63,18/4/2022,4:19
Rank the final 4,General Discussion,6,86,19/4/2022,5:56
website,Off Topic,0,9,19/4/2022,6:07
TOP 3 YORUS,General Discussion,1,8,19/4/2022,6:40
ZywOo of valorant?,General Discussion,0,44,20/4/2022,3:27
Ranking the Remaining Players at Masters,General Discussion,0,18,20/4/2022,4:40
HAHAHAHAHAHAHAHAHA BYE BYE JETT ABUSERS!,General Discussion,0,52,20/4/2022,20:46
Masters MVP,General Discussion,0,17,21/4/2022,12:11
APAC HYPE,General Discussion,0,21,22/4/2022,18:40
Best player for each agent?,General Discussion,0,20,24/4/2022,13:33
sea super-team,General Discussion,0,25,24/4/2022,19:45
My Masters Reykjavik MVP and EVPs,General Discussion,3,7,25/4/2022,21:50
Will xccurate,General Discussion,0,6,26/4/2022,18:06
epi 4 act 2 is over,General Discussion,0,12,27/4/2022,8:43
babybay PROD cosplay,General Discussion,0,7,1/5/2022,3:37
Shahzam hate,General Discussion,0,47,1/5/2022,6:46
Best val players A-Z,General Discussion,4,84,2/5/2022,9:37
Was ZETA’s master run a FLUKE?!,General Discussion,0,22,6/5/2022,2:39
top 10 jetts in the world,General Discussion,0,18,6/5/2022,3:54
Top 10 Players but MAX 2 players from each region,General Discussion,0,11,6/5/2022,4:30
The BEST player of each country,General Discussion,0,40,9/5/2022,22:57
TOP 5 Duelist in world,General Discussion,0,25,9/5/2022,21:36
Prod or Seoldam,Off Topic,0,17,10/5/2022,10:50
ANGE1 YORU SOO GOOD,General Discussion,2,7,14/5/2022,21:12
Worst usernames vs best usernames,General Discussion,3,30,17/5/2022,11:35
best aim,General Discussion,0,24,20/5/2022,16:08
Sayaplayer,General Discussion,4,11,21/5/2022,6:24
Top 5 Duelists rn (RESONABLE HUMANS COME),General Discussion,6,57,22/5/2022,3:07
When do team skins come out,General Discussion,4,16,25/5/2022,8:24
How to fix sentinels,General Discussion,8,32,25/5/2022,14:59
Rank best duos,General Discussion,0,26,6/6/2022,2:16
Top 20 2022,General Discussion,1,36,8/6/2022,13:57
Your dream world team,General Discussion,0,64,11/6/2022,21:19
