forsaken or chronicle?,Off Topic,-32,103,"May 13, 2024 at 11:31 PM AEST"
Forsaken express interest to join FNATIC/M3C,General Discussion,8,96,"July 6, 2022 at 11:22 PM AEST"
Forsaken is mad on Monyet?,General Discussion,9,89,"March 24, 2024 at 5:33 AM AEDT"
Indonesia doesn't support Forsaken,General Discussion,0,80,"July 18, 2022 at 3:16 AM AEST"
DRX need forsaken,General Discussion,0,74,"April 19, 2022 at 7:51 AM AEST"
-mindfreak -forsaken,General Discussion,0,59,"April 15, 2023 at 9:47 PM AEST"
"forsaken destroying optic, not the first time.",General Discussion,135,56,"July 23, 2022 at 1:50 AM AEST"
tenz vs forsaken,General Discussion,4,46,"December 1, 2023 at 6:10 PM AEDT"
FORSAKEN,General Discussion,0,45,"July 25, 2022 at 5:41 AM AEST"
forsaken,General Discussion,0,42,"March 19, 2022 at 5:42 PM AEDT"
Forsaken = Faker,General Discussion,0,42,"March 13, 2024 at 12:20 PM AEDT"
Forsaken is overrated,General Discussion,16,40,"May 15, 2024 at 12:39 AM AEST"
BLEED offered 2.6 M to forsaken,General Discussion,4,38,"July 23, 2022 at 8:28 PM AEST"
forsaken breach,General Discussion,2,38,"May 4, 2024 at 9:25 PM AEST"
GENG FORSAKEN,General Discussion,1,35,"August 12, 2024 at 1:08 PM AEST"
Forsaken,General Discussion,0,34,"August 22, 2023 at 7:14 PM AEST"
if forsaken and jingg leaves from prx,General Discussion,3,33,"January 5, 2023 at 10:20 PM AEDT"
Forsaken tolol anying,General Discussion,0,31,"June 24, 2023 at 1:22 PM AEST"
OpTic forsaken,General Discussion,13,29,"July 20, 2022 at 2:40 AM AEST"
Goat debate (aspas vs forsaken),General Discussion,0,29,"May 3, 2024 at 10:23 PM AEST"
free forsaken,General Discussion,0,29,"August 12, 2024 at 5:28 AM AEST"
Forsaken going to EU/NA next year,General Discussion,0,28,"July 15, 2022 at 1:55 AM AEST"
Forsaken overrated,General Discussion,0,28,"May 13, 2024 at 11:16 AM AEST"
forsaken and benkai's wish resolved,General Discussion,1,28,"July 15, 2022 at 3:20 AM AEST"
Prelude to chaos vs Forsaken Vandal,General Discussion,0,27,"September 7, 2023 at 6:12 PM AEST"
FORSAKEN GOAT FLEX,General Discussion,19,27,"August 11, 2024 at 9:50 PM AEST"
FORSAKEN HAS 67% HS,General Discussion,6,26,"July 23, 2022 at 1:59 AM AEST"
Jinggg&Forsaken > aspas&garbage1,General Discussion,0,26,"August 18, 2023 at 10:34 PM AEST"
Forsaken face,General Discussion,0,25,"April 23, 2024 at 10:09 PM AEST"
forsaken went -22 ?,General Discussion,2,25,"May 31, 2024 at 8:43 PM AEST"
why is forsaken not in jett,General Discussion,0,24,"October 13, 2021 at 1:04 AM AEDT"
Optic Ind Forsaken will be Back,Off Topic,0,24,"March 29, 2023 at 12:45 AM AEDT"
Forsaken and d4v4i,General Discussion,0,24,"April 2, 2023 at 7:53 PM AEST"
Forsaken Vandal,General Discussion,0,23,"August 1, 2022 at 6:14 PM AEST"
Forsaken gonna be the first Valorant GOAT,General Discussion,0,22,"June 24, 2023 at 6:04 PM AEST"
Forsaken how,General Discussion,2,22,"May 2, 2024 at 2:59 PM AEST"
Forsaken got kennyS approval,Off Topic,11,21,"June 28, 2022 at 12:45 AM AEST"
DRX Forsaken,General Discussion,0,21,"September 14, 2022 at 2:22 AM AEST"
Rossi New FORSAKEN???,General Discussion,1,21,"April 30, 2023 at 7:57 PM AEST"
"fns?boaster?boostio?nobody,forsaken?",General Discussion,0,21,"January 26, 2025 at 3:07 AM AEDT"
Forsaken duelist,General Discussion,1,21,"March 23, 2025 at 11:46 PM AEDT"
PRX forsaken best Jett in the world ?,General Discussion,0,20,"February 23, 2022 at 6:54 AM AEDT"
Forsaken top 10?,General Discussion,6,20,"March 18, 2024 at 7:04 AM AEDT"
why are everyone calling forsaken bad now??,General Discussion,0,20,"May 13, 2024 at 12:05 PM AEST"
Forsaken > Yay?,General Discussion,12,19,"July 23, 2022 at 1:47 AM AEST"
Forsaken Killjoy,General Discussion,0,19,"April 8, 2023 at 11:10 PM AEST"
subroza: skrossi is forsaken word.exe lan banned?,Off Topic,2,18,"July 19, 2021 at 3:25 PM AEST"
Take on forsaken!,General Discussion,0,18,"May 28, 2023 at 8:41 PM AEST"
Forsaken did more for the India than Skrossi,General Discussion,11,18,"August 26, 2023 at 2:45 PM AEST"
Why is forsaken in GOAT debate?,General Discussion,0,18,"August 20, 2024 at 2:03 PM AEST"
Tenz and forsaken,General Discussion,5,18,"February 28, 2025 at 5:45 AM AEDT"
"Drop your phantom and Vandal skin, Ill rate it.",Off Topic,1,314,"October 25, 2024 at 3:13 PM AEDT"
Forsaken playing with Something Come watch,General Discussion,1,17,"March 8, 2023 at 1:43 AM AEDT"
Forsaken DOGSHIT,General Discussion,0,16,"July 17, 2022 at 11:53 PM AEST"
Zekken and cryo > jing and forsaken,General Discussion,0,16,"September 3, 2022 at 11:21 PM AEST"
Who is forsaken’s worst agent,General Discussion,1,16,"April 28, 2024 at 5:42 PM AEST"
Sen Forsaken,General Discussion,0,16,"May 5, 2024 at 2:22 AM AEST"
JINGG > FORSAKEN,General Discussion,0,16,"July 25, 2022 at 2:33 AM AEST"
PRX (APAC) - Forsaken,General Discussion,0,15,"March 30, 2022 at 7:19 AM AEDT"
Forsaken owns S1mple,General Discussion,0,15,"June 13, 2022 at 12:27 AM AEST"
Forsaken real prodigy of Valorant?,General Discussion,0,15,"August 11, 2023 at 12:51 PM AEST"
DRX Forsaken??????,General Discussion,0,15,"September 14, 2022 at 12:32 AM AEST"
the future of PRX,General Discussion,7,94,"March 8, 2023 at 2:16 AM AEDT"
All-VCT Team Voting,General Discussion,2,87,"August 26, 2023 at 3:48 PM AEST"
Choose your skin,Off Topic,-2,43,"March 11, 2024 at 4:04 PM AEDT"
GIVE ME FORSAKEN PLEASE,General Discussion,0,14,"November 23, 2022 at 9:56 PM AEDT"
Forsaken the most valuable player to have in any t,General Discussion,0,14,"May 13, 2023 at 3:09 AM AEST"
forsaken > botster,General Discussion,0,14,"July 19, 2023 at 2:34 AM AEST"
forsaken raze,General Discussion,0,14,"March 22, 2024 at 2:53 AM AEDT"
TEKKEN > Forsaken + Jingg,General Discussion,1,13,"March 3, 2024 at 1:18 PM AEDT"
if PRX disband,General Discussion,0,98,"April 17, 2024 at 4:37 AM AEST"
forsaken is horrible,General Discussion,9,12,"July 20, 2022 at 2:28 AM AEST"
Forsaken would be top 5,General Discussion,7,12,"June 24, 2023 at 1:40 PM AEST"
Forsaken appreciation,General Discussion,9,12,"March 16, 2024 at 4:51 AM AEDT"
forsaken wtf,General Discussion,0,12,"June 1, 2024 at 9:42 PM AEST"
Ngl forsaken,General Discussion,2,12,"August 4, 2024 at 6:57 PM AEST"
Best player from each region,General Discussion,0,49,"March 7, 2022 at 7:27 PM AEDT"
PRX salary,General Discussion,4,99,"June 29, 2022 at 7:25 PM AEST"
Best vandal skin out of these 3?,General Discussion,0,20,"March 29, 2023 at 10:21 PM AEDT"
Vandal ranking,General Discussion,0,33,"April 7, 2023 at 2:25 PM AEST"
whats with forsaken,General Discussion,0,12,"May 12, 2024 at 6:54 PM AEST"
top 3 vandals?,Off Topic,0,64,"January 28, 2025 at 2:20 PM AEDT"
PRX Forsaken gonna destroy,General Discussion,0,11,"April 17, 2022 at 6:17 AM AEST"
ethan vs forsaken,General Discussion,0,11,"August 18, 2023 at 3:39 PM AEST"
FORSAKEN >>> CHRONICLE,General Discussion,0,11,"August 25, 2023 at 12:11 PM AEST"
Forsaken bundle: Worth it?,General Discussion,0,11,"April 20, 2024 at 8:30 PM AEST"
forsaken & prx,General Discussion,0,11,"March 23, 2025 at 9:43 PM AEDT"
CHOOSE your team,General Discussion,0,59,"October 29, 2023 at 12:18 AM AEDT"
Miniboo? Victor? Forsaken?,General Discussion,4,11,"June 7, 2024 at 2:00 PM AEST"
Perfect skin collection,General Discussion,0,35,"October 22, 2024 at 3:25 PM AEDT"
FORSAKEN IS COMING TO VALORANT???,General Discussion,1,10,"April 24, 2021 at 2:34 AM AEST"
reaver dagger or forsaken dagger,Off Topic,0,10,"August 19, 2021 at 9:31 PM AEST"
FORSAKEN POLISH PRIDE,General Discussion,5,10,"April 19, 2022 at 8:09 AM AEST"
yoru forsaken,General Discussion,2,10,"April 19, 2022 at 8:57 AM AEST"
Oxy ur not tenz or forsaken,General Discussion,0,10,"February 26, 2024 at 8:20 AM AEDT"
Forsaken carries PRX,General Discussion,0,10,"June 3, 2024 at 7:38 PM AEST"
Forsaken come,General Discussion,0,10,"July 20, 2024 at 6:57 PM AEST"
Smb bullying to forsaken,General Discussion,0,10,"September 15, 2021 at 11:31 PM AEST"
F0rsaken and Jing vs Derke and Alfajer,General Discussion,0,85,"June 25, 2022 at 9:25 PM AEST"
dont play yoru if your name isnt forsaken,General Discussion,2,10,"July 17, 2022 at 2:44 AM AEST"
top 5 players in the world,General Discussion,0,46,"July 17, 2022 at 10:24 AM AEST"
Rate Inventory,General Discussion,0,29,"August 31, 2022 at 12:33 AM AEST"
TenZ + Zekken > Jingg and Forsaken,General Discussion,5,10,"December 5, 2023 at 10:10 PM AEDT"
The GOAT of Valorant,General Discussion,0,54,"April 14, 2024 at 8:06 PM AEST"
Drop your valo inventory and rate ?/10,General Discussion,3,75,"May 14, 2024 at 7:33 PM AEST"
Sen fans are challenged,General Discussion,0,44,"July 5, 2024 at 6:44 AM AEST"
list your top 5 respective in their roles,General Discussion,0,57,"November 13, 2024 at 1:56 AM AEDT"
Nats playing with forsaken,General Discussion,0,9,"July 16, 2022 at 5:24 PM AEST"
JINGG AND FORSAKEN,General Discussion,7,9,"March 16, 2024 at 4:45 AM AEDT"
Zellsis vs Forsaken,General Discussion,0,9,"March 23, 2024 at 6:53 AM AEDT"
who is the best SEA player/aimer?,General Discussion,1,23,"January 8, 2022 at 11:56 PM AEDT"
Life and KangKang = Forsaken and Jinggg ?,General Discussion,0,9,"August 12, 2022 at 9:23 PM AEST"
xccurate playing with his brother forsaken,General Discussion,0,9,"October 1, 2022 at 1:40 AM AEST"
Overhyping patiphan???,General Discussion,8,58,"October 26, 2022 at 2:18 AM AEDT"
Best skin on each weapon,General Discussion,0,24,"November 16, 2022 at 5:25 PM AEDT"
TOP 5 VANDAL/PHANTOM SKINS?,Off Topic,0,42,"August 15, 2023 at 7:51 AM AEST"
Who's the best flex,General Discussion,1,35,"August 18, 2023 at 10:28 AM AEST"
Top 3 Goat contenders,General Discussion,0,50,"March 21, 2024 at 8:34 PM AEDT"
Build your roster ($15),General Discussion,0,30,"March 25, 2024 at 11:55 AM AEDT"
Top 5 players of all time,General Discussion,0,39,"April 11, 2024 at 9:57 AM AEST"
Create your ideal player,General Discussion,0,46,"April 13, 2024 at 5:21 AM AEST"
best vandal skin,General Discussion,3,54,"June 15, 2024 at 6:43 AM AEST"
Forsaken agent pool is a myth,General Discussion,0,9,"August 4, 2024 at 7:17 PM AEST"
forsaken truth,General Discussion,0,9,"August 6, 2024 at 9:55 AM AEST"
Would you rather (Skin),General Discussion,0,16,"September 14, 2024 at 12:55 PM AEST"
Create your perfect player,General Discussion,0,78,"December 8, 2024 at 4:30 AM AEDT"
Forsaken yoru,General Discussion,0,8,"March 25, 2022 at 6:20 PM AEDT"
Forsaken wtf,General Discussion,3,8,"June 25, 2022 at 9:10 PM AEST"
100t derrek on jingg and forsaken,General Discussion,0,8,"September 16, 2022 at 9:44 AM AEST"
Forsaken cypher,General Discussion,0,8,"May 20, 2023 at 9:53 PM AEST"
Best Jett's,General Discussion,0,55,"November 3, 2021 at 1:46 PM AEDT"
best vandal skin?,Off Topic,2,52,"February 13, 2022 at 4:12 PM AEDT"
top 5 skins (vandal and phantom),General Discussion,0,27,"February 20, 2022 at 11:58 PM AEDT"
skrossi + LF vs f0rsaken right now!,General Discussion,0,123,"October 29, 2022 at 12:39 AM AEDT"
Make ur countries best five,General Discussion,0,152,"October 31, 2022 at 2:26 PM AEDT"
TOP 3 VANDAL SKINS IN ORDER,General Discussion,1,65,"February 21, 2023 at 4:21 AM AEDT"
Best CSGO IGNs vs Best Valorant IGNs,Off Topic,2,80,"August 2, 2023 at 10:42 AM AEST"
Best Operator skins ?,General Discussion,0,24,"November 1, 2023 at 3:26 AM AEDT"
build your superteam,General Discussion,0,41,"March 25, 2024 at 10:39 AM AEDT"
RANK THE FOLLOWING DUOS,General Discussion,0,17,"March 31, 2024 at 5:50 PM AEDT"
Víctor Cypher,General Discussion,0,38,"April 29, 2024 at 4:28 PM AEST"
ACTUAL TOP 5 PLAYERS AT SHANGHAI,General Discussion,0,30,"May 16, 2024 at 9:02 AM AEST"
Paper Rex,General Discussion,0,20,"August 12, 2024 at 2:00 AM AEST"
prx player ranking,General Discussion,5,45,"November 25, 2024 at 7:07 AM AEDT"
Create your Pacific Superteam?,General Discussion,0,20,"February 27, 2025 at 2:41 PM AEDT"
Forsaken>cNed?,General Discussion,3,7,"September 14, 2021 at 1:55 AM AEST"
PRX Forsaken,General Discussion,9,7,"June 26, 2022 at 7:02 PM AEST"
FORSAKEN YORU,General Discussion,0,7,"September 2, 2022 at 5:41 AM AEST"
Forsaken + jingg duo,General Discussion,2,7,"June 21, 2023 at 6:54 PM AEST"
Tips for forsaken and jing to be the best players,General Discussion,6,7,"June 24, 2023 at 2:59 PM AEST"
forsaken 1v3,General Discussion,2,7,"August 20, 2023 at 8:02 AM AEST"
Forsaken is the problem,General Discussion,0,7,"February 2, 2025 at 7:32 AM AEDT"
Forsaken and something,General Discussion,0,7,"March 23, 2025 at 8:39 PM AEDT"
VANDAL SKINS,General Discussion,0,24,"June 15, 2021 at 8:23 PM AEST"
People think forsaken's yoru is good,General Discussion,1,7,"April 23, 2022 at 2:44 AM AEST"
Need help,General Discussion,0,14,"April 29, 2022 at 12:02 AM AEST"
Rank best duos,General Discussion,0,26,"June 6, 2022 at 5:16 AM AEST"
Guess the vlr user.,Off Topic,16,282,"August 15, 2022 at 7:03 PM AEST"
-will +forsaken,General Discussion,0,7,"August 17, 2022 at 2:58 AM AEST"
SG Something,General Discussion,6,27,"March 12, 2023 at 10:39 PM AEDT"
Fnatic vs prx [firepower],General Discussion,3,33,"May 28, 2023 at 3:25 AM AEST"
Boaster and Forsaken,Off Topic,2,7,"June 10, 2023 at 3:09 PM AEST"
I'm using the Forsaken Operator from now on.,General Discussion,0,7,"June 14, 2023 at 6:09 PM AEST"
Forsaken duelist suck,General Discussion,0,7,"June 20, 2023 at 5:23 PM AEST"
PRX VS NRG [ANALYSIS],General Discussion,0,21,"June 21, 2023 at 2:03 AM AEST"
BEST PLAYERS SIGNATURE SKINS,General Discussion,11,60,"July 28, 2023 at 7:36 AM AEST"
VLR answer.,General Discussion,0,41,"July 28, 2023 at 5:18 PM AEST"
Best player for Each Category,General Discussion,0,42,"August 26, 2023 at 1:03 AM AEST"
Fun fact about BLEED crazyguy,Off Topic,5,22,"September 28, 2023 at 7:25 AM AEST"
Make your dream team.,General Discussion,0,81,"October 9, 2023 at 3:27 AM AEDT"
[bug match] SEN vs PRX,General Discussion,0,40,"December 4, 2023 at 10:41 PM AEDT"
FORSAKEN???,General Discussion,5,7,"March 16, 2024 at 4:10 AM AEDT"
Best player itw,General Discussion,1,52,"March 21, 2024 at 3:57 PM AEDT"
f0rsakeN vs chronicle,General Discussion,0,18,"April 20, 2024 at 9:52 PM AEST"
who are the best players right now?,General Discussion,0,86,"April 30, 2024 at 12:53 AM AEST"
f0rsaken is shit,General Discussion,0,62,"May 13, 2024 at 1:00 PM AEST"
make your world roster,General Discussion,3,100,"May 29, 2024 at 9:20 AM AEST"
first player you think of when you see every agent,General Discussion,0,55,"July 30, 2024 at 3:41 AM AEST"
how does forsaken keep sneaking into goat debates,General Discussion,1,7,"August 19, 2024 at 6:20 AM AEST"
"let’s play a game , vlr!",General Discussion,10,44,"September 17, 2024 at 12:17 PM AEST"
top 5 overrated players go,General Discussion,0,97,"October 14, 2024 at 3:03 AM AEDT"
2024 best Ace,General Discussion,0,56,"October 29, 2024 at 2:25 AM AEDT"
Drop your Classic skin and I'll rate it.,General Discussion,0,125,"November 12, 2024 at 2:04 AM AEDT"
PRX IGL,General Discussion,0,27,"February 2, 2025 at 6:35 AM AEDT"
platchat???,General Discussion,0,28,"March 11, 2025 at 2:33 AM AEDT"
Forsaken true role is Sentinel?,General Discussion,2,6,"April 9, 2023 at 2:02 AM AEST"
Forsaken sabotage PRX,General Discussion,0,6,"June 24, 2023 at 2:37 PM AEST"
Forsaken vs Something,General Discussion,0,6,"August 27, 2023 at 1:04 PM AEST"
OG forsaken > forsak3n > f0rsaken,General Discussion,0,6,"December 7, 2023 at 9:06 PM AEDT"
Forsaken Crosshair,General Discussion,0,6,"March 24, 2024 at 4:05 AM AEDT"
"Cryo looking like 22 Xset, He this years Forsaken?",General Discussion,0,6,"May 11, 2024 at 1:04 AM AEST"
forsaken and boaster,General Discussion,0,6,"May 30, 2024 at 3:38 AM AEST"
Forsaken Breach,General Discussion,2,6,"August 11, 2024 at 9:56 PM AEST"
skrossi,General Discussion,0,32,"October 14, 2021 at 11:52 PM AEDT"
best apac jetts,General Discussion,0,54,"March 13, 2022 at 1:42 AM AEDT"
F0rsaken vs Surf vs Pati,General Discussion,0,22,"March 25, 2022 at 1:17 AM AEDT"
Who is the face of Valorant??,General Discussion,0,195,"April 9, 2022 at 12:24 AM AEST"
the most overrated player is f0rsaken,General Discussion,0,80,"April 16, 2022 at 4:56 AM AEST"
Lets Go Forsaken Baby??,General Discussion,1,6,"April 23, 2022 at 6:15 AM AEST"
Vandal,General Discussion,0,27,"May 1, 2022 at 11:50 PM AEST"
PlatChat Tierlist,General Discussion,0,30,"June 30, 2022 at 5:36 AM AEST"
PRX would sh1t on FNC,General Discussion,0,89,"July 16, 2022 at 5:14 PM AEST"
Forsaken 67% HS%,General Discussion,3,6,"July 23, 2022 at 2:01 AM AEST"
Whats the best Operator skin in your opinion?,General Discussion,0,48,"August 24, 2022 at 7:59 PM AEST"
rrq forsaken,General Discussion,0,6,"November 16, 2022 at 12:27 AM AEDT"
PRX,General Discussion,0,10,"February 16, 2023 at 2:12 AM AEDT"
APAC/PACIFIC is not so doomed after all,General Discussion,0,51,"February 18, 2023 at 4:25 PM AEDT"
Something's Jett vs f0rsaken's Jett,General Discussion,0,35,"March 4, 2023 at 5:30 PM AEDT"
f0rsakeN and something lost to a GE player,General Discussion,0,62,"March 14, 2023 at 2:45 AM AEDT"
Chamber destroyed 1 year of valorant pros...,General Discussion,43,108,"April 4, 2023 at 7:30 AM AEST"
Best duelist 2023 09:21,General Discussion,0,49,"April 25, 2023 at 5:30 PM AEST"
What skin should I buy?,General Discussion,0,25,"May 18, 2023 at 8:55 PM AEST"
Make your own team (2),General Discussion,0,54,"June 7, 2023 at 10:52 PM AEST"
f0rsakeN one of the best flex in the world?,General Discussion,5,17,"June 20, 2023 at 6:06 PM AEST"
Is sthing really important ???,General Discussion,0,28,"June 20, 2023 at 8:02 PM AEST"
Forsaken discipline,General Discussion,4,6,"June 21, 2023 at 7:03 PM AEST"
Asian super team ...,General Discussion,3,30,"June 22, 2023 at 12:31 AM AEST"
Top 10 Best Jetts?,General Discussion,0,62,"June 25, 2023 at 1:28 PM AEST"
vlr users who are your top 10 pro valorant players,General Discussion,0,51,"June 27, 2023 at 3:44 PM AEST"
This or that ? (2),General Discussion,0,29,"June 30, 2023 at 4:51 PM AEST"
PRX Subreezy,Off Topic,10,19,"July 19, 2023 at 7:55 AM AEST"
what player comes to mind when u think of a agent,General Discussion,0,25,"July 31, 2023 at 3:17 PM AEST"
Watching jing and forsaken,General Discussion,3,6,"August 4, 2023 at 2:32 PM AEST"
Who is the flexiest player,General Discussion,0,27,"August 13, 2023 at 3:29 AM AEST"
Make Your Own INTERNATIONAL SUPER TEAM,General Discussion,1,57,"August 13, 2023 at 11:57 AM AEST"
rough TOP 10 PLAYERS OF THE YEAR (VCT 2023),General Discussion,0,46,"August 28, 2023 at 10:49 AM AEST"
The TRUE OWNER,General Discussion,1,91,"November 19, 2023 at 7:26 AM AEDT"
Pacific is a 2 player region,General Discussion,0,20,"December 7, 2023 at 8:59 PM AEDT"
Forsaken Family,General Discussion,4,6,"March 18, 2024 at 3:21 PM AEDT"
Respect chronicle,General Discussion,2,14,"March 27, 2024 at 1:34 AM AEDT"
Top 5 Flex Valo History,General Discussion,0,27,"April 7, 2024 at 2:43 AM AEDT"
Sacy’s ideal player FIXED,General Discussion,0,30,"April 13, 2024 at 4:59 AM AEST"
something raze,General Discussion,0,16,"April 19, 2024 at 2:41 AM AEST"
Super Team,General Discussion,1,32,"April 22, 2024 at 11:49 PM AEST"
World's top 3 players (current),General Discussion,4,72,"April 25, 2024 at 7:18 AM AEST"
Most used vandal skins this year in pro play,General Discussion,1,20,"May 11, 2024 at 2:06 AM AEST"
2 of the top 3 players at shanghai in 1 image,General Discussion,0,37,"May 13, 2024 at 10:46 AM AEST"
Chron > f0rsaken,General Discussion,9,36,"August 16, 2024 at 8:49 PM AEST"
Chronicle Goat flex,General Discussion,0,15,"August 18, 2024 at 8:07 PM AEST"
GOAT debate,General Discussion,1,73,"August 19, 2024 at 3:27 AM AEST"
Goat List,General Discussion,0,42,"August 20, 2024 at 12:12 PM AEST"
Dream team,General Discussion,0,62,"March 14, 2025 at 5:37 AM AEDT"
better PRX roleswap,General Discussion,0,28,"March 25, 2025 at 6:44 PM AEDT"
forsaken and yay,General Discussion,1,5,"July 23, 2022 at 1:47 AM AEST"
Forsaken is a genius,General Discussion,0,5,"April 11, 2023 at 11:40 AM AEST"
Forsaken Vs Something,General Discussion,0,5,"April 15, 2023 at 7:27 PM AEST"
FUCK FORSAKEN,General Discussion,0,5,"August 25, 2023 at 6:03 AM AEST"
INDIA >> EU,General Discussion,0,59,"September 14, 2021 at 3:22 AM AEST"
Is Forsaken getting bullied,General Discussion,0,5,"September 15, 2021 at 11:31 PM AEST"
"PRX Shiba benched, Jing to play on starting roster",General Discussion,4,15,"September 28, 2021 at 9:19 PM AEST"
Who is the best APAC Frag demon?,General Discussion,2,22,"December 18, 2021 at 11:10 PM AEDT"
What is the best Vandal skin,General Discussion,0,30,"January 5, 2022 at 6:41 PM AEDT"
best player from each region,General Discussion,0,41,"March 25, 2022 at 1:13 PM AEDT"
Forsaken and jingg,Off Topic,0,5,"March 25, 2022 at 5:32 PM AEDT"
Check Forsaken's PC,General Discussion,1,5,"April 19, 2022 at 8:45 AM AEST"
The Misunderstanding of Paper Rex,General Discussion,36,36,"April 19, 2022 at 9:33 AM AEST"
Top 5 Duelists rn (RESONABLE HUMANS COME),General Discussion,6,57,"May 22, 2022 at 6:07 AM AEST"
Team with the most firepower?,General Discussion,0,55,"June 13, 2022 at 2:35 AM AEST"
Tiers of teams at masters (must read),General Discussion,0,72,"June 26, 2022 at 3:46 AM AEST"
Odds on PRX vs FNC,General Discussion,4,48,"July 16, 2022 at 12:59 PM AEST"
YORU,General Discussion,2,32,"July 17, 2022 at 2:20 AM AEST"
PRX gonna fall apart next year? :((((,General Discussion,0,42,"July 20, 2022 at 1:26 PM AEST"
Suygetsu best player of the tournament,General Discussion,0,10,"July 23, 2022 at 4:22 PM AEST"
Best players in the world atm,General Discussion,5,32,"August 15, 2022 at 5:38 AM AEST"
What would your VAL Roster be,General Discussion,0,73,"August 23, 2022 at 11:11 PM AEST"
create ur dream collection,General Discussion,0,21,"August 24, 2022 at 8:28 PM AEST"
Liquid vs prx,General Discussion,1,28,"September 5, 2022 at 2:16 PM AEST"
aspas/yay,General Discussion,0,18,"September 28, 2022 at 6:08 PM AEST"
Players - Signature Gun,General Discussion,0,42,"October 20, 2022 at 10:30 PM AEDT"
Ashamed to be Indiana.,General Discussion,2,16,"November 18, 2022 at 6:16 PM AEDT"
Jinggg or F0rsaken,General Discussion,2,30,"November 23, 2022 at 7:59 PM AEDT"
forsaken is the problem?,General Discussion,0,5,"December 24, 2022 at 5:15 PM AEDT"
best duelists,General Discussion,0,53,"February 6, 2023 at 4:29 AM AEDT"
forsaken sova,General Discussion,0,5,"April 22, 2023 at 6:06 PM AEST"
Best pro for every agent,General Discussion,0,37,"May 7, 2023 at 1:07 PM AEST"
forsaken Jett,General Discussion,1,5,"June 17, 2023 at 3:51 PM AEST"
woke up to nrg losing ?,General Discussion,0,16,"June 22, 2023 at 3:00 AM AEST"
TOP 10 PLAYERS ITW(current),General Discussion,0,49,"June 22, 2023 at 4:35 AM AEST"
superteam,General Discussion,0,23,"June 23, 2023 at 1:30 AM AEST"
Players I associate with for Every Agent,General Discussion,0,20,"June 23, 2023 at 1:59 PM AEST"
Yay should switch roles ngl,General Discussion,0,31,"July 17, 2023 at 11:13 PM AEST"
actual top 10 players of 2023 list,General Discussion,0,26,"July 22, 2023 at 10:39 PM AEST"
Teabagging forsaken,General Discussion,0,5,"August 10, 2023 at 5:23 AM AEST"
FORSAKEN ASTRA,General Discussion,1,5,"August 20, 2023 at 5:09 AM AEST"
PRX fans come,General Discussion,0,21,"August 20, 2023 at 6:41 PM AEST"
Who is the best flex player right now?,General Discussion,0,37,"August 28, 2023 at 12:31 AM AEST"
Send Nn... help!,Off Topic,0,41,"October 11, 2023 at 12:15 PM AEDT"
Urgent question,Off Topic,0,10,"December 19, 2023 at 12:18 PM AEDT"
2024 Best Agent Players Predictions,General Discussion,0,44,"January 4, 2024 at 2:28 AM AEDT"
Top3 Players in the World for these Agents?,General Discussion,0,20,"January 16, 2024 at 3:43 AM AEDT"
HOT TAKE,General Discussion,1,17,"March 16, 2024 at 1:45 AM AEDT"
feels bad for forsaken,General Discussion,1,5,"March 16, 2024 at 4:46 AM AEDT"
forsaken 1v5ed???,General Discussion,1,5,"March 16, 2024 at 6:41 AM AEDT"
Paper rex real fix,General Discussion,0,56,"March 16, 2024 at 2:34 PM AEDT"
Best clips so far,General Discussion,1,20,"March 20, 2024 at 3:10 PM AEDT"
Less is by far the best player in the world atm,General Discussion,0,19,"March 21, 2024 at 5:06 PM AEDT"
Young Aspas,General Discussion,1,30,"March 24, 2024 at 4:00 AM AEDT"
What if benkai stayed on prx?,General Discussion,0,14,"March 24, 2024 at 5:59 AM AEDT"
"truth about ""flex"" players",General Discussion,12,35,"March 28, 2024 at 1:59 AM AEDT"
Pro Players Skins,General Discussion,0,14,"April 8, 2024 at 8:11 AM AEST"
emea has the best player for almost every agent...,General Discussion,0,61,"April 25, 2024 at 10:24 AM AEST"
All time best players by role,General Discussion,1,32,"April 25, 2024 at 2:39 PM AEST"
goat team,General Discussion,0,22,"May 7, 2024 at 3:17 PM AEST"
Goat of every role,General Discussion,0,38,"May 13, 2024 at 6:51 AM AEST"
Chronicle >>>>> F0rsaken by far,General Discussion,0,67,"May 13, 2024 at 7:01 AM AEST"
"forsaken,victor,rb neon",General Discussion,0,5,"June 5, 2024 at 11:32 PM AEST"
Jingg,General Discussion,42,90,"July 13, 2024 at 6:28 PM AEST"
PRX Ascent,General Discussion,0,17,"July 13, 2024 at 6:54 PM AEST"
f0rsakeN PLZ,General Discussion,1,57,"July 14, 2024 at 12:29 AM AEST"
Paper Rex need to be less flexible,General Discussion,4,11,"July 23, 2024 at 12:31 AM AEST"
Champs VLR Fantasy League,General Discussion,14,86,"July 31, 2024 at 2:57 AM AEST"
Come make your best roster,General Discussion,0,24,"September 12, 2024 at 11:49 AM AEST"
This or That (player edition),General Discussion,0,26,"September 20, 2024 at 7:32 PM AEST"
If I was HC of PRX...,General Discussion,2,62,"October 18, 2024 at 12:26 PM AEDT"
PRX fix,General Discussion,0,31,"October 22, 2024 at 2:20 PM AEDT"
Valorant Fantasy Draft,General Discussion,0,23,"October 27, 2024 at 3:06 PM AEDT"
dream 2025 roster,General Discussion,0,33,"January 4, 2025 at 12:25 AM AEDT"
please let my david go,General Discussion,0,24,"January 22, 2025 at 4:31 AM AEDT"
PRX Roster Rankings,General Discussion,0,25,"January 27, 2025 at 11:48 AM AEDT"
Top 5 IGL all time,General Discussion,0,35,"February 2, 2025 at 3:06 PM AEDT"
asians come,General Discussion,0,42,"February 2, 2025 at 11:56 PM AEDT"
PRX real fix,General Discussion,0,34,"February 3, 2025 at 12:22 AM AEDT"
Wasted talent,General Discussion,8,23,"March 22, 2025 at 1:59 PM AEDT"
F0rsaken,General Discussion,5,34,"March 23, 2025 at 8:46 PM AEDT"
rebuild around forsaken,General Discussion,1,5,"March 30, 2025 at 7:46 PM AEDT"
prx is just kinda cooked,General Discussion,0,15,"March 31, 2025 at 3:01 PM AEDT"
forsaken meet forsaken,General Discussion,3,4,"October 13, 2021 at 12:49 AM AEDT"
Forsaken ACE,General Discussion,2,4,"July 23, 2022 at 1:41 AM AEST"
Forsaken still not clear corner,General Discussion,0,4,"June 24, 2023 at 2:35 PM AEST"
forsaken goat,General Discussion,1,4,"August 20, 2023 at 5:50 AM AEST"
TenZ needs to copy Forsaken,General Discussion,3,4,"September 29, 2023 at 7:37 PM AEST"
Forsaken family matchup,General Discussion,0,4,"April 7, 2024 at 9:42 PM AEST"
PRX Forsaken GOATED,General Discussion,2,4,"May 6, 2024 at 6:43 PM AEST"
jinggg tejo forsaken waylay,General Discussion,0,4,"March 23, 2025 at 8:00 PM AEDT"
f0rsakeN in Berlin,General Discussion,4,56,"August 21, 2021 at 7:55 PM AEST"
F0rsaken vs Patipan,General Discussion,1,14,"September 11, 2021 at 11:44 PM AEST"
skRossi - from a non indian,General Discussion,0,17,"September 11, 2021 at 11:57 PM AEST"
PRX Fans,General Discussion,0,18,"October 11, 2021 at 2:11 AM AEDT"
prx comp,General Discussion,1,20,"October 13, 2021 at 12:29 AM AEDT"
PRX :(,General Discussion,1,20,"October 18, 2021 at 1:51 AM AEDT"
SEA fans come here,General Discussion,0,13,"October 18, 2021 at 2:25 AM AEDT"
Iconic Players Iconic Skins,General Discussion,4,86,"November 28, 2021 at 8:08 PM AEDT"
Riot...,General Discussion,1,20,"December 14, 2021 at 8:01 AM AEDT"
Your favorite Vandal Skin,General Discussion,2,29,"January 1, 2022 at 7:41 PM AEDT"
RGX Vandal vs Reaper,General Discussion,0,16,"January 17, 2022 at 8:37 PM AEDT"
Top 5 players from your country (arguable),General Discussion,2,248,"January 27, 2022 at 12:08 AM AEDT"
f0rsaken > tenz ?,General Discussion,2,21,"March 25, 2022 at 6:32 PM AEDT"
Best players of Reykjavik,General Discussion,0,54,"March 31, 2022 at 1:24 AM AEDT"
If DRX vs PRX or XERXIA happened right now...,General Discussion,0,34,"April 12, 2022 at 9:37 AM AEST"
once forsaken wakes up,General Discussion,0,4,"April 16, 2022 at 4:17 AM AEST"
Fav players from Reykjavik,General Discussion,3,47,"April 17, 2022 at 10:00 PM AEST"
Ranking the Remaining Players at Masters,General Discussion,0,18,"April 20, 2022 at 7:40 AM AEST"
Top 5 Players (WORLD),General Discussion,0,51,"May 9, 2022 at 2:45 AM AEST"
DRX,General Discussion,0,75,"May 31, 2022 at 3:22 PM AEST"
Best Valorant Pro atm,General Discussion,0,105,"March 16, 2022 at 3:17 AM AEDT"
Top 20 2022,General Discussion,1,36,"June 8, 2022 at 4:57 PM AEST"
TOP Players from APAC region,General Discussion,6,38,"June 14, 2022 at 12:54 AM AEST"
about paper rex's bind,General Discussion,5,31,"June 25, 2022 at 10:01 PM AEST"
APAC super team,General Discussion,0,30,"June 26, 2022 at 7:18 PM AEST"
"Alfajer > f0rsaken, Jinggg ?",General Discussion,0,27,"June 29, 2022 at 10:07 PM AEST"
show ur best vandal skin,General Discussion,1,19,"July 11, 2022 at 6:19 PM AEST"
The reason why PRX win this event,General Discussion,0,47,"July 13, 2022 at 7:55 PM AEST"
FORSAKEN FINGERED THEM,General Discussion,1,4,"July 15, 2022 at 2:37 AM AEST"
Each region Superteam,General Discussion,0,94,"July 17, 2022 at 12:27 PM AEST"
jingg & forsaken teaching drepek how to play ?,General Discussion,0,4,"July 18, 2022 at 2:59 AM AEST"
how to beat paper rex,General Discussion,0,92,"July 18, 2022 at 12:41 PM AEST"
Top aimers in Copenhagen,General Discussion,0,50,"July 20, 2022 at 12:14 AM AEST"
Top 5 players WORLD,General Discussion,0,37,"July 25, 2022 at 5:59 AM AEST"
forsaken and mindfreak,General Discussion,1,4,"July 30, 2022 at 1:36 PM AEST"
Best player with each agent?,General Discussion,0,101,"August 7, 2022 at 9:45 AM AEST"
champions MVP,General Discussion,0,81,"August 19, 2022 at 1:37 AM AEST"
Top 5 aimers right now,General Discussion,0,28,"August 21, 2022 at 11:15 PM AEST"
Jinggg vs F0rsaken,General Discussion,0,17,"August 25, 2022 at 1:58 PM AEST"
GOAT recognize the GOAT,General Discussion,0,36,"August 26, 2022 at 10:08 PM AEST"
What regions makes the best players,General Discussion,0,69,"August 27, 2022 at 10:41 PM AEST"
Most overhyped player for each league?,General Discussion,1,93,"September 23, 2022 at 5:36 PM AEST"
APAC Come,General Discussion,1,86,"October 24, 2022 at 1:53 AM AEDT"
Top5 players of all time by roles,General Discussion,3,66,"October 27, 2022 at 9:38 AM AEDT"
how many skins do you have?,General Discussion,0,27,"January 2, 2023 at 11:32 AM AEDT"
RRQ INDO Super team,General Discussion,0,44,"January 29, 2023 at 4:16 AM AEDT"
Plat Chat Top Players For Brazil,General Discussion,0,32,"February 2, 2023 at 8:47 PM AEDT"
IS THIS TOP 20 LIST VALID FOR VCT LOCKIN ??,General Discussion,6,82,"February 10, 2023 at 4:08 AM AEDT"
Top 10 players: Sao Paulo with reasoning,General Discussion,2,25,"February 10, 2023 at 8:25 PM AEDT"
What's your Night Market?,General Discussion,1,13,"February 16, 2023 at 8:01 PM AEDT"
CS vs Valorant,General Discussion,0,149,"February 23, 2023 at 6:40 AM AEDT"
Onliner Frauds,General Discussion,0,42,"February 25, 2023 at 3:56 PM AEDT"
Gun skins that players are known for?,General Discussion,4,40,"March 1, 2023 at 2:37 PM AEDT"
Rank These 10 Duelists,General Discussion,0,31,"March 27, 2023 at 4:13 PM AEDT"
paper rex situation,General Discussion,0,33,"April 5, 2023 at 2:27 PM AEST"
Prx forsaken,General Discussion,1,4,"April 15, 2023 at 7:28 PM AEST"
f0rsakeN and Leaf same person?,General Discussion,6,23,"May 6, 2023 at 9:38 PM AEST"
Best Flex (Not Chronicle),General Discussion,0,34,"May 8, 2023 at 4:07 AM AEST"
The Best (and Worst) Roles for Each Region,General Discussion,10,41,"May 9, 2023 at 12:34 PM AEST"
Most flexible players itw,General Discussion,0,31,"May 15, 2023 at 8:34 PM AEST"
best aimer,General Discussion,2,57,"May 22, 2023 at 11:54 PM AEST"
TRUE TOP 10 PLAYERS (In Tokyo),General Discussion,0,43,"June 7, 2023 at 11:22 AM AEST"
Make your own team [MASTERS TOKYO EDITION],General Discussion,1,40,"June 13, 2023 at 7:29 AM AEST"
DRX vs PRX,General Discussion,0,5,"June 15, 2023 at 2:32 AM AEST"
Best skin for each weapon,General Discussion,0,28,"June 19, 2023 at 10:51 PM AEST"
PRX VS EG [ ANALYSIS],General Discussion,0,25,"June 22, 2023 at 4:20 AM AEST"
Forsaken still not checking corners,General Discussion,0,4,"June 24, 2023 at 1:22 PM AEST"
Xccurate playing with his brother ForsakeN (LIVE),General Discussion,0,4,"July 1, 2023 at 6:16 PM AEST"
Best region in SEA,General Discussion,0,28,"July 9, 2023 at 11:07 PM AEST"
Asia top 10 players ranked,General Discussion,0,60,"July 16, 2023 at 4:09 PM AEST"
Asking the real questions...,General Discussion,0,6,"July 17, 2023 at 1:51 PM AEST"
The Real Forsaken (word.exe),General Discussion,0,4,"July 19, 2023 at 12:15 AM AEST"
top 10 players in champions imo,General Discussion,0,17,"July 30, 2023 at 3:20 AM AEST"
what is your top 10 favorite players this event?,General Discussion,0,17,"July 31, 2023 at 2:56 AM AEST"
PRX > EDG ALWAYS,General Discussion,0,15,"August 11, 2023 at 12:46 AM AEST"
F0rsaken Interview,General Discussion,27,27,"August 11, 2023 at 12:43 PM AEST"
Best player in each category,General Discussion,0,36,"August 12, 2023 at 9:42 PM AEST"
Player - his iconic Skin,General Discussion,0,16,"August 16, 2023 at 11:26 PM AEST"
Top 3 flex players,General Discussion,0,30,"August 18, 2023 at 11:55 AM AEST"
who is prx igl,General Discussion,0,25,"August 23, 2023 at 8:17 AM AEST"
Jinggg successor on prx,General Discussion,0,35,"August 25, 2023 at 4:33 PM AEST"
WELCOME PRX SKROSSI,General Discussion,2,7,"August 26, 2023 at 12:46 PM AEST"
IMPORTANT EMEA LEAKS LIVE,General Discussion,59,159,"August 30, 2023 at 5:56 AM AEST"
Forsaken going back to cs?,General Discussion,0,4,"October 4, 2023 at 4:07 AM AEDT"
Monyet,General Discussion,1,40,"November 23, 2023 at 6:01 PM AEDT"
Best player on each agent,General Discussion,0,85,"January 22, 2024 at 1:59 PM AEDT"
someone help me decide,General Discussion,0,6,"February 10, 2024 at 9:44 AM AEDT"
Sideshow just yaps,General Discussion,0,28,"February 14, 2024 at 3:27 PM AEDT"
Players identified with their skins?,General Discussion,1,59,"March 2, 2024 at 10:56 PM AEDT"
Players you want to see back in their prime?,General Discussion,1,26,"March 11, 2024 at 5:23 AM AEDT"
I feel bad for Heretics,General Discussion,0,11,"March 18, 2024 at 4:06 AM AEDT"
Forsaken is not actually playing,General Discussion,6,4,"March 18, 2024 at 6:52 AM AEDT"
Forsaken and jinggg,General Discussion,3,4,"March 18, 2024 at 7:02 AM AEDT"
Who is the best Korean player?,General Discussion,0,67,"March 23, 2024 at 8:45 AM AEDT"
S tier Vandal Skins,General Discussion,0,37,"April 4, 2024 at 2:57 PM AEDT"
3 BEST players,General Discussion,0,23,"April 13, 2024 at 12:36 AM AEST"
Top 5 Players all time,General Discussion,0,49,"April 22, 2024 at 4:22 AM AEST"
Top 5 igls of all time,General Discussion,1,46,"May 6, 2024 at 4:47 AM AEST"
something > f0rsaken,General Discussion,1,50,"May 13, 2024 at 1:23 PM AEST"
BEAT MY SHANGHAI SUPERTEAM (IMPOSSIBLE),General Discussion,0,23,"May 14, 2024 at 6:06 PM AEST"
TOP 5 players Shanghai mechanically,General Discussion,0,11,"May 17, 2024 at 2:40 AM AEST"
Build a Roster for $15 2.0 + Challenge Gauntlet,General Discussion,5,66,"June 4, 2024 at 12:11 PM AEST"
PRX Comp Change Suggestions,General Discussion,1,24,"June 7, 2024 at 1:13 PM AEST"
Build a Roster for $15 3.0 + VCT Season Challenge,General Discussion,4,65,"June 11, 2024 at 9:55 AM AEST"
TOP5 player itw of every postion,General Discussion,0,73,"June 18, 2024 at 12:45 PM AEST"
Your 'Dream Team' Roster,General Discussion,1,88,"July 4, 2024 at 7:56 AM AEST"
Who Wins [Aim Duel],General Discussion,6,71,"July 9, 2024 at 9:22 AM AEST"
rank these goated vandal skins,General Discussion,2,20,"July 10, 2024 at 5:45 AM AEST"
Prx abyss comp leaked,General Discussion,0,13,"July 15, 2024 at 11:48 PM AEST"
Franchise Orgs Come,General Discussion,0,25,"July 20, 2024 at 11:03 AM AEST"
PRX abyss comp,General Discussion,0,10,"July 20, 2024 at 5:49 PM AEST"
Best Flex Player?,General Discussion,0,19,"July 21, 2024 at 3:15 AM AEST"
your Dream TeaM,General Discussion,1,42,"July 31, 2024 at 6:47 PM AEST"
Prx,General Discussion,0,11,"August 5, 2024 at 1:24 AM AEST"
Nightmarket wishlist,General Discussion,0,40,"August 15, 2024 at 7:30 AM AEST"
prx comp fix,General Discussion,0,16,"September 3, 2024 at 1:45 PM AEST"
vandal skin tierlist,General Discussion,0,22,"September 8, 2024 at 3:14 AM AEST"
prx roster,General Discussion,0,27,"September 10, 2024 at 3:21 PM AEST"
Was Fnatic Great? Come Prove it,General Discussion,0,120,"September 17, 2024 at 11:50 AM AEST"
forsaken unbanned,General Discussion,0,4,"September 29, 2024 at 1:01 AM AEST"
Favorite player in each role?,General Discussion,1,43,"October 3, 2024 at 2:05 AM AEST"
START BENCH SELL (IMPOSSIBLE EDITION),General Discussion,0,30,"October 4, 2024 at 5:23 AM AEST"
The best team formed by 5 of the same players,General Discussion,0,56,"October 17, 2024 at 2:32 PM AEDT"
TOP 20 PLAYERS APAC,General Discussion,2,25,"November 12, 2024 at 12:56 AM AEDT"
goat of every role,General Discussion,0,97,"November 20, 2024 at 1:08 PM AEDT"
genuine problems with PRX,General Discussion,8,33,"November 27, 2024 at 11:57 PM AEDT"
Something,General Discussion,0,13,"November 30, 2024 at 8:21 PM AEDT"
best player for every agent,General Discussion,0,42,"December 6, 2024 at 4:46 PM AEDT"
Best Regional Role Player 2025,General Discussion,2,28,"December 11, 2024 at 1:25 PM AEDT"
players that can play every role,General Discussion,0,43,"December 20, 2024 at 4:50 AM AEDT"
Best Player Each Year Every Region,General Discussion,0,49,"December 28, 2024 at 9:11 AM AEDT"
What is forsaken doing in squid game bruh,General Discussion,6,4,"January 3, 2025 at 10:06 PM AEDT"
Who wins these 1v1s?,General Discussion,0,16,"January 4, 2025 at 3:44 AM AEDT"
THAT ONE PRX ROUND,General Discussion,1,10,"January 20, 2025 at 11:40 PM AEDT"
PRX player contracts,General Discussion,0,30,"February 2, 2025 at 12:26 AM AEDT"
prx 2026,General Discussion,0,47,"February 2, 2025 at 4:33 AM AEDT"
How well does my top 30 players hold up?,General Discussion,1,62,"February 2, 2025 at 10:55 AM AEDT"
rrq enjoyers come,General Discussion,0,59,"February 19, 2025 at 10:12 PM AEDT"
Is Florescent a Top 5 aimer??,General Discussion,0,123,"March 2, 2025 at 4:49 AM AEDT"
prx fix,General Discussion,2,11,"March 4, 2025 at 11:37 PM AEDT"
PRX shouldnt drop anyone,General Discussion,0,14,"March 12, 2025 at 12:05 AM AEDT"
Build a REALISTIC superteam,General Discussion,1,66,"March 18, 2025 at 9:39 PM AEDT"
f0rsaken is the greatest VAL player of all time,General Discussion,0,20,"March 23, 2025 at 8:46 PM AEDT"
prx something and his baffling decisions,General Discussion,10,33,"March 23, 2025 at 11:01 PM AEDT"
Sources: Forsaken to TSM,General Discussion,0,3,"April 20, 2022 at 8:14 AM AEST"
Forsaken is back home,General Discussion,3,3,"November 18, 2022 at 3:57 AM AEDT"
Forsaken overheat alecks fraud,General Discussion,1,3,"April 2, 2023 at 10:21 PM AEST"
Dear Forsaken,General Discussion,0,3,"August 18, 2023 at 12:29 PM AEST"
Jingg Forsaken,General Discussion,0,3,"August 27, 2023 at 9:07 AM AEST"
Forsaken vs Chronicle Debate,General Discussion,0,3,"May 15, 2024 at 3:47 AM AEST"
OpTic forsaken comeback,General Discussion,0,3,"September 12, 2024 at 3:42 AM AEST"
3 Controversial skin opinions,Off Topic,-1,8,"June 7, 2021 at 6:43 AM AEST"
Indian esprots,General Discussion,3,53,"June 14, 2021 at 12:46 AM AEST"
Best skins,General Discussion,1,37,"August 24, 2021 at 4:10 AM AEST"
VLR.gg asks the pros at Berlin,General Discussion,36,100,"September 7, 2021 at 2:13 AM AEST"
paper rex is actually good,General Discussion,27,27,"September 12, 2021 at 1:15 AM AEST"
PRX Gameplay,General Discussion,2,11,"September 12, 2021 at 6:51 AM AEST"
Berlin Nicknames,General Discussion,0,19,"September 14, 2021 at 6:22 AM AEST"
best asian jett?,General Discussion,0,42,"October 11, 2021 at 9:29 PM AEDT"
Indian FPS scene,General Discussion,16,17,"October 13, 2021 at 2:23 AM AEDT"
If only India had ...,General Discussion,0,5,"October 15, 2021 at 1:40 AM AEDT"
Banned Players,General Discussion,0,49,"November 1, 2021 at 12:52 AM AEDT"
CS viewership,Off Topic,20,61,"November 8, 2021 at 9:57 AM AEDT"
Valorant World Cup,General Discussion,2,139,"December 23, 2021 at 8:24 AM AEDT"
VCT APAC 2022 Format,General Discussion,15,173,"December 29, 2021 at 6:02 PM AEDT"
T3xture,General Discussion,5,95,"February 6, 2022 at 7:08 PM AEDT"
SKrossy,General Discussion,0,45,"February 6, 2022 at 10:27 PM AEDT"
Build Your Team,General Discussion,0,32,"February 7, 2022 at 4:30 AM AEDT"
Skrossi to masters this year!,General Discussion,0,99,"February 10, 2022 at 10:26 PM AEDT"
Optic will never same again,General Discussion,1,25,"February 11, 2022 at 3:57 PM AEDT"
Aimbot Skins,General Discussion,5,47,"February 26, 2022 at 6:20 AM AEDT"
Fantasy League (VTT): APAC Challengers,General Discussion,2,31,"March 2, 2022 at 11:45 PM AEDT"
Stealing the name of G.O.A.T,General Discussion,0,19,"March 5, 2022 at 6:08 AM AEDT"
most underated skins,General Discussion,0,40,"March 8, 2022 at 5:33 AM AEDT"
Jinggg > f0rsaken,General Discussion,1,18,"March 26, 2022 at 9:10 PM AEDT"
TOP 10 PLAYERS RN,General Discussion,12,122,"March 28, 2022 at 4:11 PM AEDT"
chinese and indian valorant,General Discussion,2,47,"March 28, 2022 at 10:30 PM AEDT"
best rifler at masters,General Discussion,0,32,"March 29, 2022 at 7:30 PM AEDT"
TOP 5 MOST OVERRATED PLAYERS FOR THIS MASTERS,General Discussion,0,37,"April 10, 2022 at 11:30 PM AEST"
top 5 players at masters?,General Discussion,0,36,"April 11, 2022 at 6:36 AM AEST"
PRX hype,General Discussion,0,12,"April 15, 2022 at 9:51 PM AEST"
Fake F0rsaken,General Discussion,0,12,"April 16, 2022 at 4:59 AM AEST"
Overrated Players,General Discussion,0,13,"April 16, 2022 at 2:10 PM AEST"
What was the best play in masters so far?,General Discussion,1,14,"April 20, 2022 at 2:14 AM AEST"
SEN f0rsaken??,General Discussion,0,50,"April 22, 2022 at 4:51 AM AEST"
VICTOR MAD,General Discussion,0,66,"April 23, 2022 at 6:22 AM AEST"
Forsaken Yoru analysis,General Discussion,0,3,"April 27, 2022 at 8:28 AM AEST"
the GOAT inventory,General Discussion,1,29,"April 28, 2022 at 11:26 AM AEST"
ASIA-PACIFIC REGIONAL DEBATE,General Discussion,0,121,"May 21, 2022 at 4:30 PM AEST"
Players BETTER than TenZ (Updated),General Discussion,11,34,"May 22, 2022 at 11:27 AM AEST"
Best roster,General Discussion,1,29,"May 29, 2022 at 3:48 AM AEST"
tesseract farming,General Discussion,0,58,"June 3, 2022 at 9:55 PM AEST"
Best OPers in Valorant,General Discussion,0,38,"June 21, 2022 at 10:57 PM AEST"
indo come,General Discussion,0,47,"June 24, 2022 at 12:55 AM AEST"
best of each agent,General Discussion,3,78,"June 25, 2022 at 2:46 AM AEST"
FAZE vs PRX,General Discussion,0,14,"June 26, 2022 at 1:52 AM AEST"
Top 10 players in Copenhagen,General Discussion,0,39,"June 30, 2022 at 6:26 AM AEST"
question about paper rex,General Discussion,0,8,"July 16, 2022 at 8:08 AM AEST"
Yoru,General Discussion,1,10,"July 18, 2022 at 2:57 AM AEST"
PRX ARE SMART,General Discussion,13,17,"July 18, 2022 at 3:04 AM AEST"
PRX best aim?,General Discussion,5,10,"July 18, 2022 at 7:28 AM AEST"
Plat Chat - Rank Best Player in Copenhagen,General Discussion,0,13,"July 19, 2022 at 7:32 PM AEST"
which transfer do you want to see,General Discussion,0,40,"July 20, 2022 at 2:52 AM AEST"
optic duo>,General Discussion,0,16,"July 23, 2022 at 2:57 AM AEST"
where forsaken,General Discussion,0,3,"July 25, 2022 at 2:23 AM AEST"
Does FPX actually have fans?,General Discussion,0,42,"July 25, 2022 at 3:53 AM AEST"
FPX fans,General Discussion,3,23,"July 25, 2022 at 9:08 PM AEST"
Top 10 most skilled players of your region,General Discussion,6,114,"July 29, 2022 at 11:09 AM AEST"
Hong Kong radiant queue in a nutshell,General Discussion,1,50,"August 3, 2022 at 8:13 PM AEST"
sr,General Discussion,0,10,"August 7, 2022 at 9:16 AM AEST"
Top 3 CHAMBERS.,General Discussion,1,36,"August 17, 2022 at 11:12 PM AEST"
TOP 10 players at CHAMPS,General Discussion,0,93,"August 18, 2022 at 2:40 PM AEST"
100t asuna,General Discussion,0,99,"August 19, 2022 at 12:41 AM AEST"
Best AGENT - PLAYER in champions,General Discussion,0,34,"August 19, 2022 at 3:25 PM AEST"
Plat Chat Top 10 players at Champions Istanbul,General Discussion,3,100,"August 25, 2022 at 4:33 AM AEST"
Anyone have fav and least fav on same team?,General Discussion,0,83,"August 25, 2022 at 8:02 AM AEST"
Rank guess,General Discussion,0,50,"August 26, 2022 at 4:07 PM AEST"
TOP 7 PLAYERS BY THEIR PEAK IN EACH ROLE,General Discussion,0,33,"August 27, 2022 at 12:16 PM AEST"
Bro what,General Discussion,1,5,"September 1, 2022 at 2:33 AM AEST"
laz ez top 10 player right,General Discussion,0,22,"September 5, 2022 at 5:46 AM AEST"
is PRX disbanding ?,General Discussion,1,25,"September 8, 2022 at 3:42 AM AEST"
dream team?,General Discussion,0,60,"September 10, 2022 at 10:56 AM AEST"
BEST DUO,General Discussion,1,32,"September 12, 2022 at 3:43 AM AEST"
Create your Super Teams,General Discussion,0,85,"September 12, 2022 at 6:01 AM AEST"
Imagine Korea Roster Shuffle,General Discussion,0,24,"September 16, 2022 at 12:40 PM AEST"
Players u love and hate the most,General Discussion,0,75,"September 27, 2022 at 6:10 AM AEST"
Who’s in your top 5 for each role?,General Discussion,2,26,"September 27, 2022 at 11:16 PM AEST"
Best duo in valorant??,General Discussion,2,23,"October 8, 2022 at 10:35 PM AEDT"
Name the player- Associated Vandal Skin,General Discussion,1,64,"October 17, 2022 at 4:33 AM AEDT"
overrated mfs,General Discussion,0,83,"October 28, 2022 at 3:14 AM AEDT"
APAC fans come,General Discussion,0,98,"November 2, 2022 at 11:22 PM AEDT"
Players that killed a team,General Discussion,12,66,"November 5, 2022 at 7:42 PM AEDT"
FlyingDoggoWoweeClap 24 Hour Challenge,Off Topic,-1,69,"November 26, 2022 at 4:25 AM AEDT"
Sugerz3ro,General Discussion,0,62,"November 27, 2022 at 5:05 PM AEDT"
TOP 3 Player by roles,General Discussion,0,73,"December 1, 2022 at 3:41 PM AEDT"
INDIA built diff,Off Topic,3,112,"January 7, 2023 at 3:41 AM AEDT"
TOP 3 DUELIST unbiased,General Discussion,0,52,"January 15, 2023 at 4:36 AM AEDT"
I was thinking,General Discussion,0,5,"January 16, 2023 at 1:55 AM AEDT"
SKRossi by a Brazilian.,General Discussion,30,31,"January 21, 2023 at 2:12 AM AEDT"
EG XAN,General Discussion,0,20,"February 8, 2023 at 11:38 PM AEDT"
underrated players for lock//in,General Discussion,0,13,"February 13, 2023 at 2:23 PM AEDT"
Paper Rex real fix,General Discussion,0,18,"February 15, 2023 at 6:11 PM AEDT"
bench d4v4l,General Discussion,0,35,"March 26, 2023 at 9:40 PM AEDT"
FORSAKEN LAUGH THREAD,General Discussion,2,3,"March 26, 2023 at 9:50 PM AEDT"
prx,General Discussion,7,42,"March 26, 2023 at 10:05 PM AEDT"
fav vandal skin + rank,Off Topic,0,20,"March 29, 2023 at 10:46 PM AEDT"
Your top 5 favourite Val players?,General Discussion,3,120,"March 29, 2023 at 11:07 PM AEDT"
PRX changes?,General Discussion,0,28,"April 6, 2023 at 10:08 PM AEST"
Best Duelist for each agent,General Discussion,0,23,"April 8, 2023 at 9:47 AM AEST"
what have we learned?,General Discussion,11,26,"April 8, 2023 at 9:54 PM AEST"
India CS Is Back!!!,Off Topic,5,18,"April 14, 2023 at 11:55 PM AEST"
paper rex ascent,General Discussion,0,16,"April 15, 2023 at 8:17 PM AEST"
PRX Bruh,General Discussion,0,17,"April 15, 2023 at 9:08 PM AEST"
players for each agent,General Discussion,0,72,"May 16, 2023 at 12:39 PM AEST"
Players for each agent ( good edition ),General Discussion,1,26,"May 17, 2023 at 5:26 PM AEST"
Pros wih their iconic skins,General Discussion,2,56,"May 23, 2023 at 2:18 AM AEST"
Best skin per gun,General Discussion,0,10,"May 24, 2023 at 9:19 AM AEST"
nats vs forsaken,General Discussion,0,3,"May 25, 2023 at 10:29 AM AEST"
jing raze,General Discussion,1,6,"May 28, 2023 at 11:07 PM AEST"
The weakest link on every franchised team,General Discussion,0,32,"June 3, 2023 at 3:14 PM AEST"
TOP 3 SKINS (besides knife/phantom/vandal),General Discussion,1,19,"June 21, 2023 at 4:43 AM AEST"
Forsaken corner,General Discussion,0,3,"June 21, 2023 at 4:51 PM AEST"
F0rsaken hater,General Discussion,1,12,"June 21, 2023 at 7:29 PM AEST"
PRX underrated players,General Discussion,0,13,"June 21, 2023 at 8:35 PM AEST"
if prx win tokyo,General Discussion,0,23,"June 24, 2023 at 3:46 PM AEST"
Forsaken lock in reyna now,General Discussion,0,3,"June 24, 2023 at 5:08 PM AEST"
Top 5 players in each role.,General Discussion,0,34,"June 26, 2023 at 12:43 AM AEST"
prediction for top 10 in champs,General Discussion,0,16,"June 28, 2023 at 12:42 AM AEST"
Pacific Goat is live,General Discussion,0,8,"July 2, 2023 at 6:53 PM AEST"
PRX F0RSAKEN IS a genius,General Discussion,0,28,"July 17, 2023 at 12:30 PM AEST"
PRX Monyet,General Discussion,1,24,"July 19, 2023 at 10:20 PM AEST"
APAC,General Discussion,0,11,"July 22, 2023 at 9:44 PM AEST"
Make a roster with one player from each region,Off Topic,0,26,"July 24, 2023 at 11:12 PM AEST"
TMV Top 10 Players,General Discussion,0,47,"July 29, 2023 at 1:23 AM AEST"
hot takes,General Discussion,4,31,"July 30, 2023 at 3:21 AM AEST"
Operator,General Discussion,0,25,"July 31, 2023 at 2:26 AM AEST"
eg and paper rex,General Discussion,0,66,"August 1, 2023 at 10:04 AM AEST"
Top 10 players in the world,General Discussion,1,19,"August 5, 2023 at 9:40 PM AEST"
Top 5 Vandal skins currently,General Discussion,0,47,"August 8, 2023 at 4:00 AM AEST"
tenz effect,General Discussion,0,12,"August 8, 2023 at 9:21 AM AEST"
Best playesr at their roles,General Discussion,3,19,"August 10, 2023 at 4:25 AM AEST"
create a team to take down fnatic,General Discussion,0,29,"August 10, 2023 at 12:24 PM AEST"
f0rsakeN is a top 3 player itw,General Discussion,1,9,"August 11, 2023 at 1:23 AM AEST"
which kit do you use,General Discussion,0,6,"August 12, 2023 at 12:27 AM AEST"
My Overrated & Underrated players list VCT S Tier,General Discussion,0,101,"August 12, 2023 at 7:11 PM AEST"
IGL RANKINGS????,General Discussion,0,18,"August 12, 2023 at 11:18 PM AEST"
Duelist players (flex),General Discussion,0,21,"August 13, 2023 at 8:51 PM AEST"
if you could clone one player....,General Discussion,1,78,"August 15, 2023 at 7:54 AM AEST"
Best Pro player who can play any role.,General Discussion,1,21,"August 16, 2023 at 11:51 AM AEST"
TENZ showed the potential of Yoru.,General Discussion,0,20,"August 18, 2023 at 9:53 AM AEST"
Best flex in the world,Off Topic,-5,19,"August 18, 2023 at 10:35 AM AEST"
Indians come,General Discussion,0,9,"August 19, 2023 at 4:09 PM AEST"
FORSAKEN HAS TO BE BEST FLEX,General Discussion,0,3,"August 20, 2023 at 7:46 AM AEST"
PRX Foresaken the best???,General Discussion,4,16,"August 20, 2023 at 1:18 PM AEST"
Top 5 Aimers ITW,General Discussion,0,29,"August 20, 2023 at 3:05 PM AEST"
Top 10 players itw,General Discussion,0,27,"August 20, 2023 at 6:09 PM AEST"
f0rsaken Deadlock,General Discussion,0,13,"August 22, 2023 at 3:38 AM AEST"
Jinggg Replacement for Next Year,General Discussion,0,53,"August 23, 2023 at 5:39 AM AEST"
forsaken needs a taper in the back,General Discussion,0,3,"August 25, 2023 at 8:25 AM AEST"
Top 20 players of the year + some tier 2 players,General Discussion,0,63,"August 26, 2023 at 12:55 PM AEST"
Paper Rex ceiling,General Discussion,0,7,"September 11, 2023 at 6:40 AM AEST"
Replacement for Jinggg,General Discussion,0,14,"September 13, 2023 at 5:09 PM AEST"
your 3 favs vandal skins?,General Discussion,0,21,"September 14, 2023 at 1:56 AM AEST"
GE Benkai,General Discussion,0,19,"September 16, 2023 at 8:11 PM AEST"
You can create a team,General Discussion,0,42,"September 23, 2023 at 7:16 AM AEST"
I'm so fucking angry,General Discussion,0,13,"September 27, 2023 at 5:08 PM AEST"
Forsaken cs ban ending,General Discussion,0,3,"October 20, 2023 at 7:08 AM AEDT"
favorite skin bundle,General Discussion,0,18,"October 21, 2023 at 3:51 PM AEDT"
Your top 3 skins for Vandal and Phantom?,General Discussion,0,20,"October 26, 2023 at 11:24 AM AEDT"
Make Your Deam Team,General Discussion,0,32,"November 6, 2023 at 2:07 PM AEDT"
FNC are the deserved winner of Champs 2023,General Discussion,0,66,"November 10, 2023 at 12:53 AM AEDT"
prx monyet role,General Discussion,0,15,"November 29, 2023 at 8:12 PM AEDT"
about PRX,Off Topic,1,18,"December 5, 2023 at 5:54 PM AEDT"
Sova issue on prx,General Discussion,0,22,"December 6, 2023 at 12:15 AM AEDT"
All teams should do this,General Discussion,1,23,"December 11, 2023 at 9:37 AM AEDT"
let’s play a game,General Discussion,0,98,"December 12, 2023 at 11:22 AM AEDT"
Night market complain,General Discussion,3,22,"December 14, 2023 at 2:46 PM AEDT"
[BR] sobre o Kenzit,General Discussion,0,14,"January 5, 2024 at 1:42 PM AEDT"
Keznit racism towards PRX F0rsaken,General Discussion,0,18,"January 5, 2024 at 9:23 PM AEDT"
Skins you associate with specific players,General Discussion,3,73,"January 19, 2024 at 11:29 PM AEDT"
prx breeze,General Discussion,0,22,"February 6, 2024 at 5:54 PM AEDT"
Top 6 best players of all time,General Discussion,0,36,"February 7, 2024 at 1:19 AM AEDT"
Let me know your Skin dream collection!,General Discussion,1,15,"February 14, 2024 at 9:53 PM AEDT"
the real unbiased goat list,General Discussion,0,29,"February 20, 2024 at 5:33 AM AEDT"
TenZ yoru,General Discussion,4,14,"February 20, 2024 at 12:56 PM AEDT"
What is a flex?,General Discussion,0,14,"February 20, 2024 at 8:21 PM AEDT"
tenz yoru,General Discussion,8,17,"February 26, 2024 at 12:24 PM AEDT"
Top 5 players ITW,General Discussion,1,34,"February 28, 2024 at 10:04 PM AEDT"
players impossible to hate,General Discussion,1,78,"February 29, 2024 at 7:31 PM AEDT"
top 10 players in the world rn,General Discussion,1,13,"March 4, 2024 at 2:21 PM AEDT"
Top 10 players Madrid,General Discussion,0,11,"March 4, 2024 at 2:30 PM AEDT"
Best MADRID players,General Discussion,0,30,"March 5, 2024 at 1:54 PM AEDT"
Rank Top 10 Madrid players,General Discussion,2,26,"March 6, 2024 at 11:54 PM AEDT"
Rank S Demons,General Discussion,0,40,"March 17, 2024 at 10:30 AM AEDT"
PRX SPLIT COMP,General Discussion,0,18,"March 18, 2024 at 6:13 AM AEDT"
Saadhak kang kang,General Discussion,1,16,"March 18, 2024 at 7:49 AM AEDT"
the best team,General Discussion,0,16,"March 18, 2024 at 2:01 PM AEDT"
f0rsaken,General Discussion,6,13,"March 18, 2024 at 4:26 PM AEDT"
Stellar,General Discussion,0,29,"March 18, 2024 at 5:38 PM AEDT"
f0rsaken is the best.,General Discussion,56,72,"March 18, 2024 at 10:42 PM AEDT"
PRX Ascent comp,General Discussion,0,11,"March 19, 2024 at 11:13 PM AEDT"
Forsaken is indeed the goat,General Discussion,0,3,"March 21, 2024 at 11:49 AM AEDT"
INDO MASUK,General Discussion,0,27,"March 24, 2024 at 5:46 AM AEDT"
Should PRX pick up Xccurate over Monyet?,General Discussion,0,12,"March 24, 2024 at 6:58 AM AEDT"
The GOAT debate,General Discussion,0,32,"March 27, 2024 at 3:35 AM AEDT"
goat flex players,General Discussion,0,22,"March 28, 2024 at 1:50 AM AEDT"
Greatest PRX moments of all time,General Discussion,6,10,"April 3, 2024 at 12:02 PM AEDT"
Night market,General Discussion,0,18,"April 11, 2024 at 5:08 PM AEST"
Sadhaak said SEN won’t make champs,General Discussion,0,29,"April 25, 2024 at 1:39 AM AEST"
is MiniBoo best neon in vct?,General Discussion,10,31,"April 25, 2024 at 3:52 AM AEST"
CAN WE STOP USING YORU AFTER MADRID?,General Discussion,0,8,"April 26, 2024 at 1:52 AM AEST"
"Jack of all trades, master of none",General Discussion,1,20,"April 26, 2024 at 1:58 AM AEST"
Valorant Goat Candidates,General Discussion,0,84,"April 28, 2024 at 4:10 AM AEST"
APAC superteam this split,General Discussion,0,28,"April 29, 2024 at 12:48 AM AEST"
best IGL kd based on the last 5 championships,General Discussion,1,16,"May 1, 2024 at 7:17 AM AEST"
Which team is winning,General Discussion,0,21,"May 2, 2024 at 10:15 PM AEST"
when will everyone accept,General Discussion,0,25,"May 4, 2024 at 9:44 PM AEST"
f0rsaken 18 assist,General Discussion,6,31,"May 4, 2024 at 9:52 PM AEST"
What players would make the best coaches,General Discussion,0,15,"May 5, 2024 at 4:24 PM AEST"
PRX IGL ???,General Discussion,0,18,"May 5, 2024 at 6:37 PM AEST"
Flexibility is so overrated.,General Discussion,0,86,"May 5, 2024 at 7:13 PM AEST"
players with the most aura,General Discussion,0,53,"May 8, 2024 at 12:24 AM AEST"
real top10 players at shanghai,General Discussion,7,56,"May 13, 2024 at 6:24 AM AEST"
Regions Ranked For Shanghai,General Discussion,0,48,"May 13, 2024 at 12:12 PM AEST"
Top 3 In Every Role At Shanghai,General Discussion,2,24,"May 16, 2024 at 2:35 AM AEST"
pl0t ch0t top 10 shanghai,General Discussion,0,30,"May 17, 2024 at 4:15 AM AEST"
Official Top 10 Players at Shanghai,General Discussion,0,12,"May 17, 2024 at 4:15 PM AEST"
highest firepower fragging duos in vct,General Discussion,2,21,"May 18, 2024 at 10:25 PM AEST"
SEN fans come!!!,General Discussion,0,31,"May 18, 2024 at 11:34 PM AEST"
Ballon D or,General Discussion,0,73,"May 25, 2024 at 1:31 PM AEST"
singular leaf,General Discussion,2,13,"May 26, 2024 at 1:00 AM AEST"
vct draft,General Discussion,0,47,"May 28, 2024 at 10:24 AM AEST"
Skin -> Player,General Discussion,8,151,"May 30, 2024 at 2:33 PM AEST"
monyet is better,General Discussion,1,22,"June 3, 2024 at 6:50 PM AEST"
PRX Players getting lots of hate,General Discussion,0,25,"June 4, 2024 at 3:19 AM AEST"
TOP 10 Valorant Players OAT,General Discussion,0,34,"June 4, 2024 at 4:23 AM AEST"
Deeply disappointed in PRX,General Discussion,67,84,"June 4, 2024 at 1:45 AM AEST"
Kuronami Vandal,General Discussion,0,64,"June 4, 2024 at 11:02 PM AEST"
Players who will use Iso this season,General Discussion,0,18,"June 18, 2024 at 3:36 AM AEST"
Best roster in the world,General Discussion,0,15,"June 30, 2024 at 11:24 PM AEST"
valorant goat contenders,General Discussion,0,35,"July 3, 2024 at 7:40 AM AEST"
players with 0 haters,General Discussion,1,178,"July 5, 2024 at 3:59 AM AEST"
Jingg neon?,General Discussion,0,18,"July 5, 2024 at 6:10 PM AEST"
Davaii is incredible,General Discussion,2,37,"July 5, 2024 at 8:45 PM AEST"
Prx F0rsaken,General Discussion,1,25,"July 6, 2024 at 5:40 PM AEST"
Top 5 of Each Role - All Time,General Discussion,0,108,"July 2, 2024 at 6:44 PM AEST"
JING NEON,General Discussion,0,17,"July 20, 2024 at 7:43 PM AEST"
PRX needs changes,General Discussion,0,24,"July 20, 2024 at 10:47 PM AEST"
MaKo goat smokes,General Discussion,9,27,"July 21, 2024 at 6:54 PM AEST"
Superpower references,General Discussion,5,45,"July 24, 2024 at 11:47 AM AEST"
Help with 2022 top 20 players,General Discussion,2,25,"July 29, 2024 at 8:02 AM AEST"
Best Valorant Nations,General Discussion,0,119,"July 30, 2024 at 4:43 AM AEST"
How I would fix PRX Lotus,General Discussion,0,12,"August 6, 2024 at 4:49 AM AEST"
Geng Zest?,General Discussion,1,47,"August 13, 2024 at 5:33 PM AEST"
Who is the best yoru rn,General Discussion,1,18,"August 17, 2024 at 1:52 AM AEST"
Best ACES this year,General Discussion,4,12,"August 26, 2024 at 4:59 PM AEST"
post your dream team,General Discussion,0,62,"August 28, 2024 at 6:10 AM AEST"
How to fix prx,General Discussion,0,18,"August 28, 2024 at 9:32 PM AEST"
Best skin for every gun (IMO),General Discussion,1,17,"September 10, 2024 at 5:42 PM AEST"
india,General Discussion,8,77,"September 20, 2024 at 4:24 PM AEST"
SPG plays like another version of PRX,General Discussion,0,11,"September 21, 2024 at 6:22 PM AEST"
LOUD was not one of the worst teams in the America,General Discussion,5,46,"September 22, 2024 at 11:53 PM AEST"
prx duelist,General Discussion,0,5,"September 27, 2024 at 6:54 PM AEST"
Most overrated player,General Discussion,0,26,"October 10, 2024 at 3:57 PM AEDT"
Top 10 Aimers In The Game,General Discussion,0,40,"October 16, 2024 at 6:32 AM AEDT"
Demon1 is the most talented player in the world,General Discussion,0,39,"October 31, 2024 at 7:37 AM AEDT"
Favourite players?,General Discussion,0,30,"November 3, 2024 at 1:55 AM AEDT"
Alecs is the problem,General Discussion,9,52,"November 27, 2024 at 6:07 PM AEDT"
Ok prx what,General Discussion,2,21,"November 28, 2024 at 8:35 PM AEDT"
Alecks as a coach serious discussion,General Discussion,10,27,"November 29, 2024 at 9:34 PM AEDT"
7 Wonders in Valorant,General Discussion,0,86,"November 30, 2024 at 10:50 PM AEDT"
Prx player rankings,General Discussion,2,14,"December 1, 2024 at 9:46 PM AEDT"
Can PRX's flexibility win them master in vct 2025,General Discussion,2,39,"December 2, 2024 at 11:20 PM AEDT"
create ur own team,General Discussion,0,17,"December 31, 2024 at 1:12 AM AEDT"
hynix pacific player tier list,General Discussion,0,51,"January 3, 2025 at 4:27 AM AEDT"
How is EU so bad?,General Discussion,0,17,"January 17, 2025 at 2:24 AM AEDT"
Dambi ???,General Discussion,0,19,"January 20, 2025 at 9:51 PM AEDT"
GOATS of each era,General Discussion,2,19,"January 21, 2025 at 1:23 AM AEDT"
Some of the best duos or most successful duos,General Discussion,0,47,"January 22, 2025 at 6:21 PM AEDT"
as a prx fan since 2021,General Discussion,0,10,"February 2, 2025 at 12:39 AM AEDT"
KK will be the goat of valorant,General Discussion,0,37,"February 2, 2025 at 10:19 AM AEDT"
PRX fix for SEA fans,General Discussion,1,12,"February 2, 2025 at 9:08 PM AEDT"
PRX?,General Discussion,0,19,"February 2, 2025 at 10:57 PM AEDT"
Most important part of geng success.,General Discussion,0,28,"February 2, 2025 at 11:05 PM AEDT"
prx literally has the solution in their hands,General Discussion,0,15,"February 12, 2025 at 5:08 PM AEDT"
Rating your favorite/main Vandal skin,General Discussion,1,125,"February 14, 2025 at 6:39 AM AEDT"
TOP 3 PAC PLAYER EACH ROLE,General Discussion,0,12,"February 18, 2025 at 1:20 PM AEDT"
Paper Rex?!?,General Discussion,0,15,"February 18, 2025 at 10:54 PM AEDT"
Jinggg>Something AND ITS NOT CLOSE,General Discussion,0,36,"March 7, 2025 at 10:03 AM AEDT"
My opinion on Paper Rex,General Discussion,5,28,"March 11, 2025 at 10:53 PM AEDT"
does india have a history in cs?,General Discussion,0,15,"March 16, 2025 at 1:32 AM AEDT"
My VFL pick,General Discussion,0,26,"March 21, 2025 at 4:18 AM AEDT"
PRX JINGGG,General Discussion,0,20,"March 23, 2025 at 9:28 PM AEDT"
Honest PRX takes?,General Discussion,4,15,"March 24, 2025 at 12:33 AM AEDT"
Assemble a superteam,General Discussion,0,86,"March 27, 2025 at 4:45 PM AEDT"
the real superteam,General Discussion,0,25,"March 27, 2025 at 6:34 PM AEDT"
Who's beating this team,General Discussion,0,22,"March 30, 2025 at 5:56 PM AEDT"
2026 predictions for the prx players,General Discussion,0,16,"March 30, 2025 at 9:18 PM AEDT"
feels bad for prx(esp jing),General Discussion,2,6,"March 30, 2025 at 10:31 PM AEDT"
PRX dilemma,General Discussion,8,17,"March 30, 2025 at 9:41 PM AEDT"
prx mindfreak + jingg:),General Discussion,0,27,"April 1, 2025 at 2:30 PM AEDT"
OPTC IND FORSAKEN,General Discussion,2,2,"May 12, 2023 at 5:09 AM AEST"
Forsaken is back,General Discussion,0,2,"December 19, 2023 at 1:28 AM AEDT"
xccurate vs forsaken,General Discussion,0,2,"March 3, 2025 at 3:39 AM AEDT"
Jamppi Interview,General Discussion,2,8,"May 25, 2021 at 10:19 PM AEST"
India Region.,General Discussion,3,51,"May 28, 2021 at 12:43 AM AEST"
India getting VCT slot is risky,General Discussion,0,98,"May 30, 2021 at 8:34 AM AEST"
NIGHTMARKETTT!!!,General Discussion,2,47,"July 29, 2021 at 10:16 AM AEST"
New Teams in the Valorant Scene,General Discussion,5,57,"July 29, 2021 at 10:49 PM AEST"
VCC viewers come here,General Discussion,0,17,"August 28, 2021 at 10:47 PM AEST"
#2SlotsForSA,General Discussion,8,38,"August 30, 2021 at 2:33 AM AEST"
45k Veiwership,General Discussion,0,105,"August 30, 2021 at 3:57 AM AEST"
indian valorant fans,General Discussion,31,67,"August 31, 2021 at 7:57 PM AEST"
EU/NA fans,General Discussion,0,21,"August 31, 2021 at 11:50 PM AEST"
Top 5 Players to watch out for at Masters Berlin,General Discussion,3,31,"September 1, 2021 at 7:50 PM AEST"
SUPER TEAM,Off Topic,-7,24,"September 1, 2021 at 11:00 PM AEST"
f0rsakeN HYPE,General Discussion,0,37,"September 4, 2021 at 7:59 PM AEST"
What if a pro team cheats in online events?,General Discussion,0,21,"September 6, 2021 at 12:42 PM AEST"
PREDICTION for today's matches,General Discussion,5,39,"September 11, 2021 at 6:33 PM AEST"
VS?,General Discussion,2,10,"September 11, 2021 at 11:56 PM AEST"
time for the VLR special,General Discussion,3,11,"September 12, 2021 at 12:11 AM AEST"
Group A,General Discussion,0,8,"September 12, 2021 at 12:03 AM AEST"
Is Korea really underrated?,General Discussion,5,32,"September 12, 2021 at 12:22 AM AEST"
heat and f0rsaken,General Discussion,7,32,"September 12, 2021 at 6:45 AM AEST"
LAN BUFF,General Discussion,2,37,"September 12, 2021 at 12:10 PM AEST"
forsaken big brain,General Discussion,3,2,"September 15, 2021 at 10:59 AM AEST"
PRX vs SMB,General Discussion,2,28,"September 15, 2021 at 11:50 AM AEST"
PRX i believe in magic,General Discussion,7,17,"September 15, 2021 at 9:15 PM AEST"
chyper cam,General Discussion,0,45,"September 16, 2021 at 1:57 AM AEST"
Best Jett Players on Masters,General Discussion,1,15,"September 16, 2021 at 2:47 AM AEST"
most impressive player so far,General Discussion,2,42,"September 18, 2021 at 2:46 PM AEST"
too much hate,Off Topic,0,25,"September 19, 2021 at 12:16 AM AEST"
liquid so trash,General Discussion,0,17,"September 19, 2021 at 10:59 PM AEST"
Valorant and CS:GO players with the same playstyle,General Discussion,0,13,"September 21, 2021 at 10:11 AM AEST"
You Don’t Fight Racism With Racism,Off Topic,-2,15,"September 26, 2021 at 2:55 AM AEST"
you have 10 dollar to buy your favorite player,General Discussion,2,37,"September 28, 2021 at 12:35 PM AEST"
Night Market,General Discussion,3,24,"September 30, 2021 at 10:03 AM AEST"
what's in your night market?,Off Topic,0,12,"September 30, 2021 at 11:33 PM AEST"
Top 5 duelist in your region,General Discussion,0,52,"October 4, 2021 at 6:53 PM AEDT"
Vandal skins tier list,General Discussion,0,24,"October 5, 2021 at 9:36 PM AEDT"
Underrated Valorant Skins,General Discussion,3,41,"October 9, 2021 at 8:34 AM AEDT"
GE VS PAPER REX,General Discussion,4,7,"October 11, 2021 at 9:34 PM AEDT"
Why this win matters,General Discussion,14,6,"October 12, 2021 at 12:12 AM AEDT"
Skrossi,General Discussion,0,31,"October 13, 2021 at 1:18 AM AEDT"
UR TOP 5 PLAYERS ITW,Off Topic,-7,97,"October 14, 2021 at 12:09 PM AEDT"
We need to talk about skrossi,General Discussion,10,9,"October 15, 2021 at 1:43 AM AEDT"
FeelsBadMan for Benkai,General Discussion,5,13,"October 15, 2021 at 11:51 PM AEDT"
PRX comp,General Discussion,0,7,"October 16, 2021 at 12:00 AM AEDT"
Build your national team,General Discussion,5,103,"October 17, 2021 at 9:00 PM AEDT"
You have 1 player,Off Topic,2,70,"October 23, 2021 at 6:53 AM AEDT"
100T,General Discussion,0,69,"October 31, 2021 at 10:34 PM AEDT"
This came as a surprise but.....,Off Topic,9,23,"November 5, 2021 at 7:20 PM AEDT"
most hated pro?,General Discussion,0,77,"November 10, 2021 at 1:44 AM AEDT"
SEA play style,General Discussion,25,61,"November 11, 2021 at 12:13 AM AEDT"
Trademark Skins of Pros,General Discussion,0,35,"November 15, 2021 at 2:57 AM AEDT"
BRAZIL COME,General Discussion,0,42,"December 4, 2021 at 4:13 AM AEDT"
NA Pro Players + Minor Region Future?,General Discussion,1,100,"December 4, 2021 at 11:47 AM AEDT"
question to brs,General Discussion,0,17,"December 8, 2021 at 5:23 AM AEDT"
RIOT,General Discussion,5,14,"December 8, 2021 at 2:43 PM AEDT"
"Top best 5 Jetts in the world, non-biased",General Discussion,10,40,"December 8, 2021 at 5:33 PM AEDT"
SEA SUPERTEAM,General Discussion,1,11,"December 8, 2021 at 6:45 PM AEDT"
SEA Superteam,General Discussion,2,38,"December 9, 2021 at 1:53 PM AEDT"
Best player each country,General Discussion,2,67,"December 9, 2021 at 7:47 PM AEDT"
SEA super team?,General Discussion,1,9,"December 19, 2021 at 6:31 AM AEDT"
best players for all regions,General Discussion,0,23,"December 28, 2021 at 6:19 AM AEDT"
Favorite and least favorite player?,General Discussion,0,49,"December 28, 2021 at 4:28 AM AEDT"
s1mple speaking fax,Off Topic,22,86,"January 19, 2022 at 9:21 AM AEDT"
VALORANT GIVEAWAY CHRISTMAS 2022,General Discussion,21,75,"January 24, 2022 at 2:46 AM AEDT"
Is mw1 still contracted to VLT?,Off Topic,1,49,"January 30, 2022 at 6:17 AM AEDT"
How is your night market,General Discussion,0,8,"February 10, 2022 at 12:05 PM AEDT"
I guess your rank,Off Topic,0,346,"February 13, 2022 at 7:44 PM AEDT"
Skrossi cheating?,General Discussion,0,53,"February 18, 2022 at 10:55 PM AEDT"
This next vandal skin is actually sick,General Discussion,0,21,"February 26, 2022 at 6:12 AM AEDT"
Best Aimer per Region,General Discussion,0,19,"March 9, 2022 at 5:51 PM AEDT"
vlt fans come here,General Discussion,0,15,"March 17, 2022 at 12:41 AM AEDT"
Cracked APAC jetts,General Discussion,0,12,"March 17, 2022 at 12:51 AM AEDT"
SBE vs PRX,General Discussion,1,18,"March 24, 2022 at 5:10 PM AEDT"
PRX best strat!!,General Discussion,2,4,"March 25, 2022 at 1:19 AM AEDT"
prx xeria match,General Discussion,0,8,"March 25, 2022 at 11:02 PM AEDT"
SG TEAM,General Discussion,6,12,"March 26, 2022 at 8:12 PM AEDT"
Prx are just like ge??,General Discussion,0,88,"March 27, 2022 at 8:33 PM AEDT"
Re-ranking my top 8,General Discussion,0,31,"March 28, 2022 at 9:11 PM AEDT"
OPTIC Uffff,General Discussion,0,8,"April 3, 2022 at 10:05 PM AEST"
Who will be the best player at Iceland.,General Discussion,3,32,"April 4, 2022 at 2:29 PM AEST"
indo and india overrated,General Discussion,0,41,"April 10, 2022 at 7:01 PM AEST"
Favorite player from each region?,General Discussion,3,24,"April 11, 2022 at 6:14 AM AEST"
NIP vs PRX,General Discussion,0,15,"April 12, 2022 at 8:42 AM AEST"
Whats your favorite skin collection,Off Topic,0,20,"April 12, 2022 at 1:45 PM AEST"
PRX vs DRX in finals agree?,General Discussion,0,19,"April 13, 2022 at 3:49 AM AEST"
DRX is going to lost to PRX,General Discussion,0,10,"April 13, 2022 at 4:58 PM AEST"
Why PPR are rated so high,General Discussion,0,12,"April 15, 2022 at 7:06 PM AEST"
PRX strats,General Discussion,1,7,"April 16, 2022 at 3:46 AM AEST"
Is This What PRX Got,General Discussion,0,12,"April 16, 2022 at 3:55 AM AEST"
YORUUUUUU LESSGOP,General Discussion,3,13,"April 16, 2022 at 4:28 AM AEST"
Most overrated and underrated players in Iceland,General Discussion,0,32,"April 16, 2022 at 7:12 PM AEST"
Best player for each agent in Masters,General Discussion,3,17,"April 17, 2022 at 5:03 AM AEST"
Definition of ''Aim diff'',General Discussion,9,34,"April 17, 2022 at 8:19 AM AEST"
