skrossi + LF vs f0rsaken right now!,General Discussion,0,123,"October 29, 2022 at 12:39 AM AEDT"
"""something is still above Demon1"" - f0rsaken",General Discussion,19,96,"August 25, 2023 at 8:39 AM AEST"
F0rsaken and Jing vs Derke and Alfajer,General Discussion,0,85,"June 25, 2022 at 9:25 PM AEST"
the most overrated player is f0rsaken,General Discussion,0,80,"April 16, 2022 at 4:56 AM AEST"
f0rsaken is the best.,General Discussion,56,72,"March 18, 2024 at 10:42 PM AEDT"
Chronicle >>>>> F0rsaken by far,General Discussion,0,67,"May 13, 2024 at 7:01 AM AEST"
f0rsakeN and something lost to a GE player,General Discussion,0,62,"March 14, 2023 at 2:45 AM AEDT"
f0rsaken is shit,General Discussion,0,62,"May 13, 2024 at 1:00 PM AEST"
f0rsaken NA franchise,General Discussion,0,59,"July 19, 2022 at 4:10 PM AEST"
f0rsakeN PLZ,General Discussion,1,57,"July 14, 2024 at 12:29 AM AEST"
f0rsakeN in Berlin,General Discussion,4,56,"August 21, 2021 at 7:55 PM AEST"
SEN f0rsaken??,General Discussion,0,50,"April 22, 2022 at 4:51 AM AEST"
something > f0rsaken,General Discussion,1,50,"May 13, 2024 at 1:23 PM AEST"
F0rsaken little bro,General Discussion,1,47,"July 14, 2022 at 11:09 PM AEST"
F0rsaken is the hottest valorant player,General Discussion,0,45,"September 14, 2023 at 1:04 AM AEST"
f0rsaken,General Discussion,2,40,"August 4, 2024 at 11:13 PM AEST"
SEN T0nz vs PRX F0rsaken,General Discussion,4,40,"November 22, 2023 at 6:33 PM AEDT"
F0rsaken about prx situation,General Discussion,25,39,"February 11, 2025 at 5:28 PM AEDT"
F0rsaken covid !?,General Discussion,0,38,"July 13, 2022 at 8:03 PM AEST"
f0rsakeN HYPE,General Discussion,0,37,"September 4, 2021 at 7:59 PM AEST"
F0RSAKEN YORU LOL,General Discussion,1,37,"March 25, 2022 at 5:33 PM AEDT"
Chron > f0rsaken,General Discussion,9,36,"August 16, 2024 at 8:49 PM AEST"
Something's Jett vs f0rsaken's Jett,General Discussion,0,35,"March 4, 2023 at 5:30 PM AEDT"
F0rsaken,General Discussion,5,34,"March 23, 2025 at 8:46 PM AEDT"
indo come (f0rsaken fans),General Discussion,0,33,"April 2, 2023 at 10:05 PM AEST"
heat and f0rsaken,General Discussion,7,32,"September 12, 2021 at 6:45 AM AEST"
PRX f0rsakeN,General Discussion,0,31,"May 19, 2022 at 6:41 PM AEST"
f0rsaken 18 assist,General Discussion,6,31,"May 4, 2024 at 9:52 PM AEST"
f0rsaken and chovy?,Off Topic,-8,31,"May 16, 2024 at 7:47 PM AEST"
lmao f0rsaken,General Discussion,0,31,"January 30, 2025 at 12:11 AM AEDT"
Jinggg or F0rsaken,General Discussion,2,30,"November 23, 2022 at 7:59 PM AEDT"
F0rsaken agent pool,General Discussion,20,30,"August 11, 2023 at 11:51 AM AEST"
patiphan vs f0rsakeN,General Discussion,0,28,"October 26, 2022 at 2:52 AM AEDT"
PRX F0RSAKEN IS a genius,General Discussion,0,28,"July 17, 2023 at 12:30 PM AEST"
"Alfajer > f0rsaken, Jinggg ?",General Discussion,0,27,"June 29, 2022 at 10:07 PM AEST"
F0rsaken Interview,General Discussion,27,27,"August 11, 2023 at 12:43 PM AEST"
F0rsaken underpaid?,General Discussion,0,26,"April 18, 2022 at 1:46 PM AEST"
f0rsaken new role?,General Discussion,2,26,"March 13, 2023 at 10:44 PM AEDT"
f0rsakeN is the problem,General Discussion,6,26,"April 8, 2023 at 9:49 PM AEST"
I feel bad for f0rsakeN,General Discussion,0,26,"June 4, 2024 at 3:29 AM AEST"
F0rsakeN is a cheater,General Discussion,0,25,"December 7, 2023 at 11:48 PM AEDT"
f0rsaken thread,General Discussion,14,25,"March 16, 2024 at 4:47 AM AEDT"
Prx F0rsaken,General Discussion,1,25,"July 6, 2024 at 5:40 PM AEST"
f0rsakeN,General Discussion,0,24,"July 24, 2021 at 4:49 PM AEST"
HOW MUCH IS F0rsaken WORTH????,General Discussion,0,24,"July 23, 2022 at 2:03 AM AEST"
Mindfreak and f0rsaken,General Discussion,1,24,"April 4, 2023 at 1:43 PM AEST"
F0rsaken 10 yo brother,General Discussion,4,23,"December 19, 2022 at 3:22 AM AEDT"
f0rsakeN and Leaf same person?,General Discussion,6,23,"May 6, 2023 at 9:38 PM AEST"
f0rsakeN pacific MVP,General Discussion,10,23,"June 21, 2023 at 9:11 PM AEST"
F0rsaken vs Surf vs Pati,General Discussion,0,22,"March 25, 2022 at 1:17 AM AEDT"
f0rsaken 1000000 iq strat nostradamus,General Discussion,8,22,"November 21, 2023 at 4:23 PM AEDT"
F0rsaken is on fraudwatch,General Discussion,0,22,"May 31, 2024 at 10:28 PM AEST"
Forsaken express interest to join FNATIC/M3C,General Discussion,8,96,"July 6, 2022 at 11:22 PM AEST"
f0rsaken > tenz ?,General Discussion,2,21,"March 25, 2022 at 6:32 PM AEDT"
F0rsaken Agent Pool,General Discussion,16,21,"March 18, 2024 at 7:08 AM AEDT"
f0rsakeN's pickems,General Discussion,0,21,"July 7, 2023 at 2:45 AM AEST"
f0rsaken open to go to EU/NA,General Discussion,0,20,"April 22, 2022 at 8:13 PM AEST"
f0rsakeN appreciation,General Discussion,6,20,"June 24, 2023 at 6:13 PM AEST"
F0rsaken height,General Discussion,0,20,"August 25, 2023 at 8:25 AM AEST"
F0rsaken asking Jinggg,General Discussion,34,20,"August 24, 2023 at 2:22 PM AEST"
f0rsaken is the greatest VAL player of all time,General Discussion,0,20,"March 23, 2025 at 8:46 PM AEDT"
f0rsaken aim,General Discussion,32,19,"May 12, 2023 at 9:08 PM AEST"
F0RSAKEN,General Discussion,4,19,"August 11, 2023 at 11:43 AM AEST"
Why f0rsaken is the undisputed GOAT,General Discussion,0,19,"September 15, 2023 at 6:27 AM AEST"
Take f0rsaken back to duelist?,General Discussion,6,19,"August 4, 2024 at 8:09 PM AEST"
f0rsaken and Japan,General Discussion,0,19,"July 23, 2023 at 11:18 PM AEST"
if PRX disband,General Discussion,0,98,"April 17, 2024 at 4:37 AM AEST"
make your world roster,General Discussion,3,100,"May 29, 2024 at 9:20 AM AEST"
Jinggg > f0rsaken,General Discussion,1,18,"March 26, 2022 at 9:10 PM AEDT"
SEN f0rsaken,General Discussion,0,18,"October 7, 2022 at 6:26 AM AEDT"
skrossi > jinggg/f0rsaken/mixwell/zeek,General Discussion,0,18,"December 8, 2022 at 3:58 PM AEDT"
Keznit racism towards PRX F0rsaken,General Discussion,0,18,"January 5, 2024 at 9:23 PM AEDT"
f0rsakeN vs chronicle,General Discussion,0,18,"April 20, 2024 at 9:52 PM AEST"
f0rsaken glow down,General Discussion,0,18,"August 9, 2024 at 4:30 AM AEST"
F0RSAKEN SAYS THAT,General Discussion,1,18,"March 23, 2024 at 6:55 AM AEDT"
Jinggg vs F0rsaken,General Discussion,0,17,"August 25, 2022 at 1:58 PM AEST"
MiTH f0rsaken,General Discussion,2,17,"October 18, 2022 at 3:52 PM AEDT"
f0rsakeN one of the best flex in the world?,General Discussion,5,17,"June 20, 2023 at 6:06 PM AEST"
f0rsaken is not pacific goat,General Discussion,0,16,"March 22, 2024 at 2:21 AM AEDT"
f0rsakeN form slump,General Discussion,0,16,"May 5, 2024 at 12:36 AM AEST"
Flexibility is so overrated.,General Discussion,0,86,"May 5, 2024 at 7:13 PM AEST"
forsaken or chronicle?,Off Topic,-32,103,"May 13, 2024 at 11:31 PM AEST"
reason why f0rsaken is the goat,General Discussion,0,16,"June 19, 2024 at 12:35 AM AEST"
f0rsaken too good,General Discussion,0,15,"August 7, 2021 at 3:42 AM AEST"
f0rsakeN NeoN,General Discussion,3,15,"July 20, 2024 at 6:41 PM AEST"
f0rsaken skincare routine,General Discussion,2,15,"August 11, 2023 at 1:25 PM AEST"
Monyet - f0rsaken,General Discussion,0,15,"September 11, 2023 at 4:13 AM AEST"
F0rsaken vs Patipan,General Discussion,1,14,"September 11, 2021 at 11:44 PM AEST"
f0rsaken vs xccurate,General Discussion,1,14,"September 14, 2023 at 11:02 PM AEST"
Surf is better than f0rsaken ?,General Discussion,0,14,"April 29, 2024 at 12:37 AM AEST"
f0rsaken crying why?,General Discussion,0,14,"June 2, 2024 at 12:28 AM AEST"
APAC fans come,General Discussion,0,98,"November 2, 2022 at 11:22 PM AEDT"
F0rsaken = best yoru in the world,General Discussion,9,14,"November 19, 2022 at 7:27 AM AEDT"
F0rsakeN,General Discussion,0,14,"March 26, 2023 at 8:34 PM AEDT"
All-VCT Team Voting,General Discussion,2,87,"August 26, 2023 at 3:48 PM AEST"
Every agent GOAT,General Discussion,0,108,"September 19, 2023 at 7:21 AM AEST"
Yay Victor > F0rsaken Jinggg,General Discussion,0,13,"July 18, 2022 at 9:29 PM AEST"
f0rsaken yoru,General Discussion,4,13,"March 26, 2023 at 9:22 PM AEDT"
f0rsakeN mad,General Discussion,1,13,"June 2, 2023 at 10:20 PM AEST"
F0rsaken best flex? OMEGALUL,General Discussion,0,13,"August 20, 2023 at 7:04 AM AEST"
f0rsaken Deadlock,General Discussion,0,13,"August 22, 2023 at 3:38 AM AEST"
f0rsaken doing revolutionary stuff again,General Discussion,6,13,"February 19, 2024 at 7:19 PM AEDT"
f0rsakeN Raze,General Discussion,2,13,"March 18, 2024 at 6:50 AM AEDT"
F0rsaken or Patiphan,General Discussion,1,12,"September 12, 2021 at 1:02 AM AEST"
Fake F0rsaken,General Discussion,0,12,"April 16, 2022 at 4:59 AM AEST"
F0rsaken hater,General Discussion,1,12,"June 21, 2023 at 7:29 PM AEST"
f0rsaken come,General Discussion,2,12,"March 30, 2025 at 10:11 PM AEDT"
SG Something,General Discussion,6,27,"March 12, 2023 at 10:39 PM AEDT"
Make your own team (2),General Discussion,0,54,"June 7, 2023 at 10:52 PM AEST"
what makes f0rsaken so good,General Discussion,1,12,"June 21, 2023 at 4:55 PM AEST"
similarities between f0rsaken and faker,General Discussion,3,12,"November 19, 2023 at 10:44 PM AEDT"
someone save f0rsaken pls,General Discussion,0,12,"March 16, 2024 at 8:45 PM AEDT"
Create your perfect player,General Discussion,0,78,"December 8, 2024 at 4:30 AM AEDT"
f0rsakeN's role,General Discussion,2,11,"October 9, 2024 at 9:45 PM AEDT"
Fantasy League (VTT): APAC Challengers,General Discussion,2,31,"March 2, 2022 at 11:45 PM AEDT"
-f0rsakeN,General Discussion,0,11,"July 15, 2022 at 2:46 AM AEST"
100T f0rsaken,General Discussion,0,11,"September 8, 2022 at 3:52 AM AEST"
PRX fans come,General Discussion,0,21,"August 20, 2023 at 6:41 PM AEST"
f0rsakeN & zekken,General Discussion,1,11,"July 25, 2024 at 10:02 PM AEST"
START BENCH SELL (IMPOSSIBLE EDITION),General Discussion,0,30,"October 4, 2024 at 5:23 AM AEST"
prx player ranking,General Discussion,5,45,"November 25, 2024 at 7:07 AM AEDT"
f0rsakeN rifling,General Discussion,2,10,"April 20, 2022 at 4:48 AM AEST"
Why something > f0rsakeN on duelists,General Discussion,0,10,"June 25, 2023 at 2:26 AM AEST"
Xcurate and F0rsaken,General Discussion,0,10,"May 20, 2022 at 10:44 PM AEST"
Plat Chat Top 10 players at Champions Istanbul,General Discussion,3,100,"August 25, 2022 at 4:33 AM AEST"
the future of PRX,General Discussion,7,94,"March 8, 2023 at 2:16 AM AEDT"
Rank These 10 Duelists,General Discussion,0,31,"March 27, 2023 at 4:13 PM AEDT"
F0rsaken raze,General Discussion,2,10,"March 18, 2024 at 6:18 AM AEDT"
F0rsaken cypher,General Discussion,0,10,"March 24, 2024 at 2:12 AM AEDT"
f0rsaken neon,General Discussion,1,10,"November 28, 2024 at 9:03 PM AEDT"
f0rsaken vs irons,General Discussion,2,9,"August 17, 2022 at 4:43 PM AEST"
f0rsaken = overrated,General Discussion,0,9,"March 26, 2023 at 9:52 PM AEDT"
F0rsaken dancing Kpop,Off Topic,1,9,"May 12, 2023 at 11:47 PM AEST"
f0rsaken on EDG,General Discussion,0,9,"June 18, 2023 at 3:55 PM AEST"
f0rsakeN is a top 3 player itw,General Discussion,1,9,"August 11, 2023 at 1:23 AM AEST"
f0rsaken best flex,General Discussion,0,9,"August 20, 2023 at 7:43 AM AEST"
f0rsaken is so on form,General Discussion,7,9,"August 27, 2023 at 5:55 AM AEST"
F0rsaken career,General Discussion,0,9,"March 16, 2024 at 5:05 AM AEDT"
F0rsaken Chamber pls,General Discussion,2,9,"April 27, 2024 at 6:40 PM AEST"
f0rsaken tired of j0nggg video proof,General Discussion,4,9,"August 4, 2024 at 8:47 PM AEST"
Top 5 Players to watch out for at Masters Berlin,General Discussion,3,31,"September 1, 2021 at 7:50 PM AEST"
SEA Superteam,General Discussion,2,38,"December 9, 2021 at 1:53 PM AEDT"
F0rsaken yoru,General Discussion,0,9,"April 16, 2022 at 4:20 AM AEST"
f0rsaken is the best player itw?,General Discussion,7,9,"April 19, 2022 at 8:39 AM AEST"
BOOM f0rsakeN & Mindfreak,General Discussion,4,9,"August 7, 2022 at 10:11 PM AEST"
f0rsaken = TenZ?,General Discussion,0,9,"September 8, 2022 at 1:27 AM AEST"
Top 5 Jett's All Time,General Discussion,0,71,"November 4, 2022 at 6:26 AM AEDT"
Make your own team [MASTERS TOKYO EDITION],General Discussion,1,40,"June 13, 2023 at 7:29 AM AEST"
Jojo (xccurate and f0rsaken's younger brother),General Discussion,0,9,"November 15, 2023 at 10:44 AM AEDT"
VLR 2023 VCT Vote,General Discussion,8,75,"December 20, 2023 at 3:46 PM AEDT"
F0rsaken (addressing Monyet),General Discussion,2,9,"March 16, 2024 at 2:02 PM AEDT"
Create your ideal player,General Discussion,0,46,"April 13, 2024 at 5:21 AM AEST"
F0rsaken flex,General Discussion,3,9,"April 27, 2024 at 6:45 PM AEST"
F0rsaken weird,General Discussion,0,9,"July 2, 2024 at 5:26 AM AEST"
f0rsaken will drop 30 every map,General Discussion,0,8,"July 14, 2022 at 6:51 AM AEST"
F0rsakeN Yoru,General Discussion,0,8,"December 8, 2023 at 12:02 AM AEDT"
APAC Jetts,General Discussion,3,56,"August 30, 2021 at 3:14 AM AEST"
best asian jett?,General Discussion,0,42,"October 11, 2021 at 9:29 PM AEDT"
Top 5 fraggers WORLD,General Discussion,0,39,"May 12, 2022 at 3:29 PM AEST"
how to beat paper rex,General Discussion,0,92,"July 18, 2022 at 12:41 PM AEST"
Guess the vlr user.,Off Topic,16,282,"August 15, 2022 at 7:03 PM AEST"
Banger,General Discussion,2,21,"September 5, 2022 at 9:49 AM AEST"
TL f0rsaken,General Discussion,0,8,"September 8, 2022 at 1:23 AM AEST"
berserx surf f0rsaken,General Discussion,0,8,"September 8, 2022 at 1:26 AM AEST"
PRX staff,General Discussion,0,21,"April 15, 2023 at 7:35 PM AEST"
Patiphan vs F0RSAKEN,General Discussion,0,8,"May 1, 2023 at 8:19 PM AEST"
For the love of god f0rsaken,General Discussion,0,8,"August 27, 2023 at 7:34 AM AEST"
F0RSAKEN YORU,General Discussion,0,8,"August 27, 2023 at 7:41 AM AEST"
Who is the best flex player right now?,General Discussion,0,37,"August 28, 2023 at 12:31 AM AEST"
f0rsaken raze,General Discussion,0,8,"March 1, 2024 at 5:44 PM AEDT"
F0rsaken will be absent upcoming match,General Discussion,0,8,"March 17, 2024 at 7:58 PM AEDT"
Forsaken is mad on Monyet?,General Discussion,9,89,"March 24, 2024 at 5:33 AM AEDT"
Which is better: Valorant edition,General Discussion,0,19,"April 24, 2024 at 12:43 PM AEST"
Who Wins [Aim Duel],General Discussion,6,71,"July 9, 2024 at 9:22 AM AEST"
If I was HC of PRX...,General Discussion,2,62,"October 18, 2024 at 12:26 PM AEDT"
Best Regional Role Player 2025,General Discussion,2,28,"December 11, 2024 at 1:25 PM AEDT"
f0rsaken and friends,General Discussion,0,8,"March 30, 2025 at 7:52 PM AEDT"
f0rsakeN and PRX,General Discussion,2,7,"August 9, 2021 at 8:33 AM AEST"
F0rsaken on jett,General Discussion,0,7,"October 13, 2021 at 1:34 PM AEDT"
f0rsaken is bad,General Discussion,0,7,"February 4, 2023 at 11:01 PM AEDT"
"Jinggg, Something, f0rsaken",General Discussion,0,7,"August 20, 2023 at 7:31 AM AEST"
Is f0rsaken the goat?,General Discussion,0,7,"March 16, 2024 at 7:44 AM AEDT"
"F0rsaken is good, but overpeeks",General Discussion,1,7,"September 16, 2021 at 2:07 AM AEST"
KennyS,General Discussion,0,17,"October 8, 2021 at 12:23 AM AEDT"
Bazzi,General Discussion,1,17,"March 11, 2022 at 8:35 PM AEDT"
forsaken,General Discussion,0,42,"March 19, 2022 at 5:42 PM AEDT"
Best Valorant Pro atm,General Discussion,0,105,"March 16, 2022 at 3:17 AM AEDT"
OpTic anime arc,General Discussion,6,17,"July 13, 2022 at 1:21 AM AEST"
TOP 10 players at CHAMPS,General Discussion,0,93,"August 18, 2022 at 2:40 PM AEST"
champions MVP,General Discussion,0,81,"August 19, 2022 at 1:37 AM AEST"
Make ur countries best five,General Discussion,0,152,"October 31, 2022 at 2:26 PM AEDT"
Valorant World Cup 2023,General Discussion,0,107,"November 13, 2022 at 7:07 PM AEDT"
"PEOPLE WHO MOCK ""INDO SUPERTEAM""",General Discussion,0,22,"November 19, 2022 at 6:02 PM AEDT"
Jinggg and F0rsaken,General Discussion,0,7,"November 20, 2022 at 10:32 PM AEDT"
PRX something,Off Topic,40,113,"March 4, 2023 at 12:00 AM AEDT"
f0rsaken KJ,General Discussion,0,7,"April 8, 2023 at 9:22 PM AEST"
im sorry f0rsaken,General Discussion,4,7,"April 8, 2023 at 10:56 PM AEST"
That f0rsakeN 2k with the Sheriff to save the roun,General Discussion,0,7,"May 20, 2023 at 11:43 PM AEST"
f0rsaken... fr,General Discussion,3,7,"August 11, 2023 at 11:45 AM AEST"
"s0m, f0rsaken, etc giga brain",General Discussion,1,7,"August 22, 2023 at 6:40 AM AEST"
players better than leo rn,General Discussion,1,26,"November 12, 2023 at 9:59 AM AEDT"
f0rsaken?,General Discussion,1,7,"March 16, 2024 at 5:03 AM AEDT"
f0rsaken raze last played 2 years ago,General Discussion,1,7,"March 18, 2024 at 6:47 AM AEDT"
Best player itw,General Discussion,1,52,"March 21, 2024 at 3:57 PM AEDT"
top 5 in each role(at their peak),General Discussion,0,130,"April 24, 2024 at 12:27 AM AEST"
Top 5 Favorite Players,General Discussion,1,56,"May 11, 2024 at 10:11 AM AEST"
valorant goat contenders,General Discussion,0,35,"July 3, 2024 at 7:40 AM AEST"
goat of every role,General Discussion,0,97,"November 20, 2024 at 1:08 PM AEDT"
new prx roles,General Discussion,1,12,"February 19, 2025 at 10:02 PM AEDT"
What i would change in prx as a fan,General Discussion,0,37,"March 17, 2025 at 10:22 PM AEDT"
f0rsaken vs SKRossi,General Discussion,1,6,"October 13, 2021 at 12:27 AM AEDT"
Why y'all on Tenz vs F0rsaken?,General Discussion,0,6,"March 19, 2022 at 6:16 PM AEDT"
Happy birthday f0rsakeN,General Discussion,5,6,"March 25, 2023 at 3:17 AM AEDT"
f0rsakeN aim and sens,Off Topic,0,6,"June 22, 2023 at 3:11 PM AEST"
f0rsaken not checking corner,General Discussion,0,6,"June 24, 2023 at 2:35 PM AEST"
f0rsaken masterclass game,General Discussion,3,6,"August 11, 2023 at 11:45 AM AEST"
PRX f0rsaken COME,General Discussion,2,6,"December 18, 2024 at 7:48 PM AEDT"
paper rex is actually good,General Discussion,27,27,"September 12, 2021 at 1:15 AM AEST"
f0rsaken on top,General Discussion,1,6,"September 12, 2021 at 1:41 AM AEST"
f0rsaken crosshair?,General Discussion,0,6,"September 16, 2021 at 1:30 AM AEST"
SEA play style,General Discussion,25,61,"November 11, 2021 at 12:13 AM AEDT"
Top 5 Duelists (my opinion),General Discussion,0,52,"May 10, 2022 at 2:36 AM AEST"
YORU,General Discussion,2,32,"July 17, 2022 at 2:20 AM AEST"
Pick Your Valorant National Team,General Discussion,0,118,"August 21, 2022 at 7:14 AM AEST"
Face of Each Region,General Discussion,4,50,"August 22, 2022 at 2:56 PM AEST"
GOAT recognize the GOAT,General Discussion,0,36,"August 26, 2022 at 10:08 PM AEST"
PRX f0rsaken,General Discussion,0,6,"September 8, 2022 at 12:40 AM AEST"
APAC Come,General Discussion,1,86,"October 24, 2022 at 1:53 AM AEDT"
BEST PRO PLAYER FROM YOUR COUNTRY,General Discussion,0,142,"October 31, 2022 at 12:29 AM AEDT"
Prx Davai,General Discussion,8,18,"November 20, 2022 at 11:45 PM AEDT"
Most overrated players list,General Discussion,0,82,"February 24, 2023 at 10:53 PM AEDT"
Forsaken and d4v4i,General Discussion,0,24,"April 2, 2023 at 7:53 PM AEST"
-mindfreak -forsaken,General Discussion,0,59,"April 15, 2023 at 9:47 PM AEST"
Best Flex (Not Chronicle),General Discussion,0,34,"May 8, 2023 at 4:07 AM AEST"
Rank the Jett Players in OP and Rifling,General Discussion,0,47,"June 15, 2023 at 11:10 AM AEST"
lan f0rsaken,General Discussion,0,6,"June 17, 2023 at 4:05 PM AEST"
if you could clone one player....,General Discussion,1,78,"August 15, 2023 at 7:54 AM AEST"
Who's the best flex,General Discussion,1,35,"August 18, 2023 at 10:28 AM AEST"
Your top 10 players,General Discussion,0,30,"August 20, 2023 at 2:59 AM AEST"
OG forsaken > forsak3n > f0rsaken,General Discussion,0,6,"December 7, 2023 at 9:06 PM AEDT"
Interregional Superteam,General Discussion,0,25,"February 27, 2024 at 7:18 AM AEDT"
Who is the GOAT of Valorant?,General Discussion,0,63,"March 7, 2024 at 11:17 AM AEDT"
HOT TAKE,General Discussion,1,17,"March 16, 2024 at 1:45 AM AEDT"
nice try f0rsaken,General Discussion,0,6,"March 16, 2024 at 4:46 AM AEDT"
Top 5 Players all time,General Discussion,0,49,"April 22, 2024 at 4:22 AM AEST"
dream team,General Discussion,0,43,"March 26, 2024 at 4:32 PM AEDT"
2 of the top 3 players at shanghai in 1 image,General Discussion,0,37,"May 13, 2024 at 10:46 AM AEST"
Deeply disappointed in PRX,General Discussion,67,84,"June 4, 2024 at 1:45 AM AEST"
GOAT debate,General Discussion,1,73,"August 19, 2024 at 3:27 AM AEST"
Team xccurate vs f0rsaken,General Discussion,0,6,"September 29, 2024 at 7:44 AM AEST"
f0rsaken hard carried j0nggg,General Discussion,1,6,"November 21, 2024 at 10:50 PM AEDT"
kick j0nggg NOW,General Discussion,8,11,"November 21, 2024 at 11:09 PM AEDT"
RRQ F0rsaken & BME Mindfreak,General Discussion,2,6,"February 2, 2025 at 12:57 AM AEDT"
Izzy > f0rsaken,General Discussion,0,5,"September 16, 2021 at 2:15 AM AEST"
f0rsaken's raze instead of monyet's raze,General Discussion,0,5,"February 19, 2024 at 6:30 AM AEDT"
F0rsaken Raze,General Discussion,1,5,"March 18, 2024 at 6:18 AM AEDT"
f0rsaken carrying hard,General Discussion,1,5,"November 22, 2024 at 12:20 AM AEDT"
"nAts, yay>>>>Tenz Asuna heat f0rsaken",General Discussion,0,5,"September 20, 2021 at 1:59 AM AEST"
Best Player in ASIA?,General Discussion,1,27,"October 5, 2021 at 1:40 PM AEDT"
Cleanest aimers in every region.,Off Topic,1,55,"November 23, 2021 at 2:59 PM AEDT"
Best jett knife players?,General Discussion,0,29,"February 28, 2022 at 5:21 PM AEDT"
Build your SEA best team,General Discussion,0,27,"March 3, 2022 at 10:52 PM AEDT"
create your superteam,General Discussion,0,25,"March 12, 2022 at 9:07 PM AEDT"
best player from each region,General Discussion,0,41,"March 25, 2022 at 1:13 PM AEDT"
f0rsaken aim boost.,General Discussion,0,5,"March 25, 2022 at 6:41 PM AEDT"
VAMOS F0RSAKEN,Off Topic,0,5,"April 16, 2022 at 2:45 AM AEST"
prx,General Discussion,0,16,"April 16, 2022 at 12:46 PM AEST"
Jinggg and f0rsakeN,General Discussion,0,5,"April 19, 2022 at 2:42 PM AEST"
Riot nerfing f0rsaken,General Discussion,0,5,"April 21, 2022 at 1:45 AM AEST"
TOP 3 Best Players in each role ATM,General Discussion,0,30,"April 21, 2022 at 2:38 PM AEST"
Top 5 players world,General Discussion,6,44,"April 24, 2022 at 11:29 AM AEST"
best of each agent,General Discussion,0,26,"May 5, 2022 at 1:40 AM AEST"
TenZ overrated duelist,General Discussion,0,84,"May 10, 2022 at 1:01 AM AEST"
Top 10 players in Copenhagen,General Discussion,0,39,"June 30, 2022 at 6:26 AM AEST"
old nth vs new nth,General Discussion,0,59,"July 10, 2022 at 8:10 PM AEST"
f0rsakeN covid nerf,General Discussion,0,5,"July 15, 2022 at 1:23 AM AEST"
PRX will daddy fnatic,General Discussion,3,53,"July 15, 2022 at 4:08 PM AEST"
Ange1 > f0rsaken yoru,General Discussion,1,5,"July 18, 2022 at 3:00 AM AEST"
f0rsakeN can play on stage,General Discussion,1,5,"July 20, 2022 at 3:41 AM AEST"
JINGGG,General Discussion,0,19,"July 25, 2022 at 2:33 AM AEST"
Indonesian come (ID superteam),General Discussion,0,39,"August 2, 2022 at 8:31 PM AEST"
Most overhyped player for each league?,General Discussion,1,93,"September 23, 2022 at 5:36 PM AEST"
Best org and top 3 players in EU/NA/APAC next year,General Discussion,2,12,"October 26, 2022 at 2:51 PM AEDT"
Top 15 players in the world without order,General Discussion,0,86,"November 22, 2022 at 4:23 PM AEDT"
RRQ INDO Super team,General Discussion,0,44,"January 29, 2023 at 4:16 AM AEDT"
best duelists,General Discussion,0,53,"February 6, 2023 at 4:29 AM AEDT"
PRX something roles?,General Discussion,0,29,"March 22, 2023 at 11:20 PM AEDT"
Yay overrated,General Discussion,0,27,"March 27, 2023 at 12:40 AM AEDT"
Your top 5 favourite Val players?,General Discussion,3,120,"March 29, 2023 at 11:07 PM AEDT"
f0rsaken rn :,General Discussion,0,5,"April 2, 2023 at 10:21 PM AEST"
All-APAC team?,General Discussion,0,33,"April 12, 2023 at 5:48 AM AEST"
Cned laugh thread,General Discussion,0,8,"May 6, 2023 at 3:40 AM AEST"
Lmemore Best Indo Player?,General Discussion,0,27,"May 7, 2023 at 8:55 PM AEST"
PRX f0rsakeN back to duelist role,General Discussion,0,5,"June 10, 2023 at 3:20 PM AEST"
f0rsakeN on Odin?,General Discussion,0,5,"June 19, 2023 at 4:00 PM AEST"
Who is overrated,General Discussion,0,89,"July 28, 2023 at 7:05 AM AEST"
eg and paper rex,General Discussion,0,66,"August 1, 2023 at 10:04 AM AEST"
Your favourite players in each role?,General Discussion,0,26,"August 7, 2023 at 3:20 AM AEST"
Site is dogshit,General Discussion,0,39,"August 17, 2023 at 7:20 AM AEST"
Jinggg replacement,General Discussion,0,76,"August 20, 2023 at 3:45 PM AEST"
",,Updated"" TOP 20 PLAYERS OF THE YEAR",General Discussion,0,49,"August 28, 2023 at 2:44 AM AEST"
best player each agent,General Discussion,3,46,"September 11, 2023 at 5:25 PM AEST"
PRX and DRX,General Discussion,0,63,"September 12, 2023 at 5:33 PM AEST"
You can create a team,General Discussion,0,42,"September 23, 2023 at 7:16 AM AEST"
Make your dream team.,General Discussion,0,81,"October 9, 2023 at 3:27 AM AEDT"
Top 3 Flex of all time,General Discussion,0,42,"October 23, 2023 at 6:48 AM AEDT"
No f0rsaken?,General Discussion,0,5,"December 7, 2023 at 7:02 PM AEDT"
F0rsaken is the goat,General Discussion,0,5,"December 20, 2023 at 6:30 PM AEDT"
CZDE Best flex players..,General Discussion,0,30,"January 9, 2024 at 4:46 AM AEDT"
Create ur best roster,General Discussion,1,47,"February 13, 2024 at 10:50 PM AEDT"
Top 3 players in each role,General Discussion,0,31,"March 14, 2024 at 7:05 AM AEDT"
remember that f0rsakeN is the IGL too,General Discussion,1,5,"March 16, 2024 at 4:56 AM AEDT"
whats more impressive? prx tokyo or prx madrid,General Discussion,0,22,"March 24, 2024 at 5:33 AM AEDT"
PRX only have 2 options.,General Discussion,0,19,"March 24, 2024 at 5:49 AM AEDT"
PRX ideal Fix,General Discussion,0,46,"March 24, 2024 at 6:04 AM AEDT"
build your superteam,General Discussion,0,41,"March 25, 2024 at 10:39 AM AEDT"
Drop your favourite players,General Discussion,1,91,"April 23, 2024 at 3:09 PM AEST"
Goat debate (aspas vs forsaken),General Discussion,0,29,"May 3, 2024 at 10:23 PM AEST"
Top 5 for every agent (VERY LONG),General Discussion,0,66,"May 8, 2024 at 4:32 AM AEST"
SYSTEM PLAYERS,General Discussion,0,43,"May 12, 2024 at 9:48 AM AEST"
BEAT MY SHANGHAI SUPERTEAM (IMPOSSIBLE),General Discussion,0,23,"May 14, 2024 at 6:06 PM AEST"
Top 15 Pros (2021-24),General Discussion,0,69,"May 22, 2024 at 9:59 AM AEST"
F0rsaken best flex,General Discussion,0,5,"May 31, 2024 at 8:37 PM AEST"
f0rsaken duelist,General Discussion,2,5,"July 20, 2024 at 6:19 PM AEST"
WHY YALL MFS SINGLING OUT J0NGGG?,General Discussion,1,31,"August 4, 2024 at 8:06 PM AEST"
"if you are PRX coach, would you rather",General Discussion,0,36,"August 11, 2024 at 11:14 PM AEST"
post your dream team,General Discussion,0,62,"August 28, 2024 at 6:10 AM AEST"
The best team formed by 5 of the same players,General Discussion,0,56,"October 17, 2024 at 2:32 PM AEDT"
f0rsaken might be the GOAT,General Discussion,1,5,"November 30, 2024 at 9:47 PM AEDT"
fraud teams,General Discussion,0,53,"December 8, 2024 at 8:28 PM AEDT"
CHOOSE ONE PRO,General Discussion,6,134,"March 6, 2025 at 5:45 PM AEDT"
new prx??,General Discussion,1,10,"March 30, 2025 at 9:23 PM AEDT"
@PaperRex,General Discussion,3,33,"March 31, 2025 at 11:01 PM AEDT"
F0rsaken please wake up,General Discussion,0,4,"September 16, 2021 at 12:47 AM AEST"
why is f0rsaken so underated?,General Discussion,0,4,"September 18, 2021 at 5:41 PM AEST"
F0RSAKEN CANT LURK,General Discussion,1,4,"August 27, 2023 at 8:54 AM AEST"
chronicle vs f0rsaken??,General Discussion,0,4,"May 13, 2024 at 8:45 AM AEST"
let f0rsaken play duelist,General Discussion,2,4,"November 21, 2024 at 11:10 PM AEDT"
-S1mon + f0rsaken,General Discussion,0,4,"March 23, 2025 at 8:26 PM AEDT"
Best player from each region,General Discussion,0,57,"August 7, 2021 at 12:16 AM AEST"
f0rsaken knife kill,General Discussion,3,4,"August 8, 2021 at 4:41 PM AEST"
top 10 acs at berlin,General Discussion,10,32,"August 27, 2021 at 7:01 AM AEST"
VLR.gg asks the pros at Berlin,General Discussion,36,100,"September 7, 2021 at 2:13 AM AEST"
Underrated Players,General Discussion,0,17,"September 13, 2021 at 5:26 PM AEST"
PapeRex,General Discussion,2,23,"September 14, 2021 at 12:15 PM AEST"
Dreamteam from each region,General Discussion,0,20,"September 17, 2021 at 6:36 PM AEST"
Top 5 duelist in your region,General Discussion,0,52,"October 4, 2021 at 6:53 PM AEDT"
Jingg?,General Discussion,0,11,"October 12, 2021 at 2:15 AM AEDT"
prx comp,General Discussion,1,20,"October 13, 2021 at 12:29 AM AEDT"
why is forsaken not in jett,General Discussion,0,24,"October 13, 2021 at 1:04 AM AEDT"
Build your national team,General Discussion,5,103,"October 17, 2021 at 9:00 PM AEDT"
Best player on each agent,General Discussion,0,47,"November 5, 2021 at 1:19 AM AEDT"
Sinatraa,General Discussion,0,15,"December 23, 2021 at 12:32 PM AEDT"
best players for all regions,General Discussion,0,23,"December 28, 2021 at 6:19 AM AEDT"
who is the best SEA player/aimer?,General Discussion,1,23,"January 8, 2022 at 11:56 PM AEDT"
Best OPER in Asia,General Discussion,0,23,"January 16, 2022 at 8:02 PM AEDT"
Optic will never same again,General Discussion,1,25,"February 11, 2022 at 3:57 PM AEDT"
I guess your favourite valorant player,General Discussion,27,1072,"February 20, 2022 at 4:46 AM AEDT"
Stealing the name of G.O.A.T,General Discussion,0,19,"March 5, 2022 at 6:08 AM AEDT"
Prx are just like ge??,General Discussion,0,88,"March 27, 2022 at 8:33 PM AEDT"
DRX need forsaken,General Discussion,0,74,"April 19, 2022 at 7:51 AM AEST"
G2 Copypasta ?,General Discussion,1,8,"April 19, 2022 at 6:08 PM AEST"
PaperLex,General Discussion,0,49,"May 28, 2022 at 4:58 PM AEST"
Top 5 players of all time in each role,General Discussion,0,16,"June 6, 2022 at 5:44 AM AEST"
SURF,General Discussion,0,7,"July 12, 2022 at 3:02 AM AEST"
Is Scream still the best Aimer?,General Discussion,0,23,"July 22, 2022 at 3:10 AM AEST"
Susanto vs Ange1 in Valorant,General Discussion,0,12,"July 24, 2022 at 8:47 PM AEST"
team's players ranked,General Discussion,0,16,"July 27, 2022 at 2:00 AM AEST"
real TOP 10 APAC player (individual),General Discussion,0,32,"July 28, 2022 at 4:37 PM AEST"
SEA fps kings,General Discussion,0,55,"August 2, 2022 at 7:22 PM AEST"
SEA franchising teams,General Discussion,0,37,"August 10, 2022 at 1:56 AM AEST"
ZmjjKK Clears,General Discussion,38,42,"August 13, 2022 at 11:01 AM AEST"
100t asuna,General Discussion,0,99,"August 19, 2022 at 12:41 AM AEST"
Top 20 player ranking from last year,General Discussion,15,89,"August 20, 2022 at 10:40 PM AEST"
Any prx news?,General Discussion,0,17,"October 7, 2022 at 7:51 AM AEDT"
Paper rex 6th man,General Discussion,4,23,"October 12, 2022 at 7:00 AM AEDT"
Ranking Valorant Teams with NBA 2k ratings pt.1,General Discussion,1,63,"November 14, 2022 at 2:10 PM AEDT"
TOP 3 Player by roles,General Discussion,0,73,"December 1, 2022 at 3:41 PM AEDT"
Best Val players A - Z,General Discussion,0,64,"December 5, 2022 at 12:59 PM AEDT"
worst player in franchising,General Discussion,2,92,"December 8, 2022 at 7:02 PM AEDT"
Best Awpers In Asia,General Discussion,0,93,"January 25, 2023 at 8:12 PM AEDT"
Plat Chat Top Players For Brazil,General Discussion,0,32,"February 2, 2023 at 8:47 PM AEDT"
Top 10 players: Sao Paulo with reasoning,General Discussion,2,25,"February 10, 2023 at 8:25 PM AEDT"
yay appreciation post,General Discussion,0,21,"March 27, 2023 at 12:25 AM AEDT"
INDO COME,General Discussion,2,28,"April 8, 2023 at 10:59 PM AEST"
Best aim players in league right now?,General Discussion,0,128,"April 18, 2023 at 3:15 PM AEST"
Prx f0rsaken,General Discussion,0,4,"May 12, 2023 at 9:23 PM AEST"
Most representative player by agent,General Discussion,0,38,"May 16, 2023 at 10:21 AM AEST"
Who is ur top 10 favorite players,General Discussion,0,44,"June 1, 2023 at 5:14 AM AEST"
VLR at the Masters Tokyo Press Conference,General Discussion,3,31,"June 10, 2023 at 1:12 PM AEST"
F0rsaken on lotus,General Discussion,0,4,"June 24, 2023 at 2:25 PM AEST"
ID superteam,General Discussion,0,34,"June 27, 2023 at 1:23 AM AEST"
Create a superteam,General Discussion,0,44,"July 14, 2023 at 3:55 AM AEST"
Trust in f0rsaken pickem,General Discussion,2,4,"July 19, 2023 at 8:51 PM AEST"
Are people really hating on F0rsaken?,General Discussion,0,4,"July 24, 2023 at 7:08 AM AEST"
Make your own team [CHAMPIONS EDITION],General Discussion,0,28,"August 11, 2023 at 12:07 AM AEST"
best replacement for jingg,General Discussion,0,61,"August 17, 2023 at 9:18 PM AEST"
f0rsaken is a genius,General Discussion,0,4,"August 20, 2023 at 5:49 AM AEST"
f0rsaken is a walking highlights reel,General Discussion,1,4,"August 20, 2023 at 7:42 AM AEST"
F0rsaken on astra,General Discussion,0,4,"August 20, 2023 at 11:45 AM AEST"
EG and PRX fans come,General Discussion,3,27,"August 21, 2023 at 12:15 PM AEST"
PRX best bet,General Discussion,2,43,"August 22, 2023 at 10:09 PM AEST"
top players so far,General Discussion,1,37,"August 26, 2023 at 10:29 AM AEST"
f0rsaken and Jinngg,General Discussion,1,4,"August 27, 2023 at 8:46 AM AEST"
F0rsaken on Jing,General Discussion,4,4,"August 27, 2023 at 11:59 AM AEST"
2023 Player Ranking Survey,General Discussion,11,22,"August 28, 2023 at 2:08 AM AEST"
"Make a super team, but...",General Discussion,1,41,"September 1, 2023 at 11:08 AM AEST"
Best 2023 lineup and worst 2023 lineup,General Discussion,0,13,"September 2, 2023 at 5:24 AM AEST"
My new GOAT,General Discussion,0,13,"September 28, 2023 at 6:40 PM AEST"
CHOOSE your team,General Discussion,0,59,"October 29, 2023 at 12:18 AM AEDT"
[BR] sobre o Kenzit,General Discussion,0,14,"January 5, 2024 at 1:42 PM AEDT"
APAC Hot Takes?,General Discussion,0,26,"January 17, 2024 at 4:09 PM AEDT"
combine 2 players,General Discussion,2,38,"February 23, 2024 at 10:36 PM AEDT"
Top 3 in Every Role at Madrid,General Discussion,0,36,"March 7, 2024 at 1:57 AM AEDT"
Forsaken = Faker,General Discussion,0,42,"March 13, 2024 at 12:20 PM AEDT"
ENTIRE PLAYER TIER LIST,General Discussion,0,45,"March 14, 2024 at 5:13 PM AEDT"
5 f0rsaken,General Discussion,2,4,"March 18, 2024 at 6:52 AM AEDT"
Top 3 Goat contenders,General Discussion,0,50,"March 21, 2024 at 8:34 PM AEDT"
Who better flex now?,General Discussion,0,6,"March 23, 2024 at 4:36 AM AEDT"
Angel on the Shoulder: Monyet,General Discussion,27,67,"March 24, 2024 at 7:17 AM AEDT"
Now That Madrid is Over ...,General Discussion,0,30,"March 25, 2024 at 11:58 AM AEDT"
no bias top 10 all time,General Discussion,0,39,"April 22, 2024 at 4:56 AM AEST"
Top 25 Players OF ALL TIME (ACTUALLY TRUE LIST),General Discussion,4,58,"April 22, 2024 at 8:08 AM AEST"
TOP 5 PLAYERS OAT,General Discussion,0,5,"April 22, 2024 at 12:13 PM AEST"
Rank these players (prime only and franchising),General Discussion,1,10,"April 24, 2024 at 12:35 PM AEST"
All time best players by role,General Discussion,1,32,"April 25, 2024 at 2:39 PM AEST"
F0rsaken's a god,General Discussion,1,4,"May 5, 2024 at 7:27 PM AEST"
dont call someone the GOAT,General Discussion,4,25,"May 7, 2024 at 3:32 AM AEST"
Goat of Valorant,General Discussion,1,16,"May 13, 2024 at 6:46 AM AEST"
Goat of every role,General Discussion,0,38,"May 13, 2024 at 6:51 AM AEST"
Regions Ranked For Shanghai,General Discussion,0,48,"May 13, 2024 at 12:12 PM AEST"
something and f0rsaken,General Discussion,4,4,"June 3, 2024 at 7:33 PM AEST"
Build a Roster for $15 2.0 + Challenge Gauntlet,General Discussion,5,66,"June 4, 2024 at 12:11 PM AEST"
Debate: Being a super-flex is actually just stupid,General Discussion,0,17,"June 15, 2024 at 3:01 PM AEST"
PRX REBUILD,General Discussion,0,53,"July 9, 2024 at 7:52 PM AEST"
PRX thoughts?,General Discussion,1,54,"July 20, 2024 at 11:50 PM AEST"
What I Think Would be the best Team in the World,General Discussion,1,42,"July 21, 2024 at 6:06 AM AEST"
prx ascent comp,General Discussion,2,35,"July 27, 2024 at 3:23 PM AEST"
Best Valorant Nations,General Discussion,0,119,"July 30, 2024 at 4:43 AM AEST"
GENG FORSAKEN,General Discussion,1,35,"August 12, 2024 at 1:08 PM AEST"
Realistic PRX fix,General Discussion,10,34,"August 12, 2024 at 10:49 PM AEST"
Chronicle Goat flex,General Discussion,0,15,"August 18, 2024 at 8:07 PM AEST"
Valorant Fantasy Draft,General Discussion,0,23,"October 27, 2024 at 3:06 PM AEDT"
Jinggg is learning to play Cypher,General Discussion,5,47,"November 1, 2024 at 3:27 PM AEDT"
7 Wonders in Valorant,General Discussion,0,86,"November 30, 2024 at 10:50 PM AEDT"
Goat of Every Agent,General Discussion,0,88,"December 20, 2024 at 9:38 PM AEDT"
Best Player Each Year Every Region,General Discussion,0,49,"December 28, 2024 at 9:11 AM AEDT"
PRX Roster Rankings,General Discussion,0,25,"January 27, 2025 at 11:48 AM AEDT"
PRX player contracts,General Discussion,0,30,"February 2, 2025 at 12:26 AM AEDT"
PRX FIX Roster,General Discussion,0,20,"February 2, 2025 at 12:55 AM AEDT"
Do PRX need big changes?,General Discussion,0,50,"February 12, 2025 at 1:25 PM AEDT"
jinggg smoker,General Discussion,0,23,"February 20, 2025 at 8:25 PM AEDT"
what is ur fav player oat,General Discussion,0,79,"February 24, 2025 at 10:48 AM AEDT"
Create your Pacific Superteam?,General Discussion,0,20,"February 27, 2025 at 2:41 PM AEDT"
global superteam go,General Discussion,0,39,"February 28, 2025 at 7:12 PM AEDT"
My opinion on Paper Rex,General Discussion,5,28,"March 11, 2025 at 10:53 PM AEDT"
prx mindfreak + jingg:),General Discussion,0,27,"April 1, 2025 at 2:30 PM AEDT"
f0rsaken > cned,General Discussion,0,3,"September 14, 2021 at 3:00 AM AEST"
Beat F0rsaken Sova first then challenge his jett,General Discussion,1,3,"October 13, 2021 at 1:18 AM AEDT"
Poor f0rsaken,General Discussion,0,3,"September 8, 2022 at 12:40 AM AEST"
PRX f0rsaken Interview,General Discussion,3,3,"January 18, 2023 at 1:40 AM AEDT"
white f0rsaken,Off Topic,0,3,"July 29, 2023 at 1:22 PM AEST"
xccurate vs f0rsaken,General Discussion,0,3,"December 8, 2023 at 4:08 PM AEDT"
Fav player from each team?,General Discussion,1,29,"July 28, 2021 at 12:40 PM AEST"
Indo Masuk,General Discussion,0,23,"August 16, 2021 at 8:44 PM AEST"
mwzera just reached #1 in ranked GLOBALLY,General Discussion,0,72,"August 24, 2021 at 12:04 AM AEST"
Who are you most excited to see on LAN?,General Discussion,0,40,"August 24, 2021 at 4:29 AM AEST"
Each regions super team,General Discussion,0,61,"August 27, 2021 at 11:20 AM AEST"
Look at the bright side,General Discussion,0,6,"August 28, 2021 at 4:51 PM AEST"
cned > tenz,General Discussion,0,27,"September 13, 2021 at 6:08 AM AEST"
Derke duo F0rsaken rn,General Discussion,1,3,"September 13, 2021 at 11:27 AM AEST"
I cant believe this,General Discussion,0,113,"September 16, 2021 at 2:11 AM AEST"
Best Jett Players on Masters,General Discussion,1,15,"September 16, 2021 at 2:47 AM AEST"
PRX wanted to lose,General Discussion,0,23,"October 15, 2021 at 3:28 PM AEDT"
Iconic Players Iconic Skins,General Discussion,4,86,"November 28, 2021 at 8:08 PM AEDT"
SEA Superteam based on countries,General Discussion,2,14,"December 10, 2021 at 12:09 AM AEDT"
Who is the best APAC Frag demon?,General Discussion,2,22,"December 18, 2021 at 11:10 PM AEDT"
Who will replace Patiphan,General Discussion,1,22,"December 19, 2021 at 5:59 PM AEDT"
Valorant World Cup,General Discussion,2,139,"December 23, 2021 at 8:24 AM AEDT"
which country/region plays best jett,General Discussion,5,47,"January 24, 2022 at 10:14 AM AEDT"
Skrossi to masters this year!,General Discussion,0,99,"February 10, 2022 at 10:26 PM AEDT"
if na continue playing like this at masters,General Discussion,0,42,"February 21, 2022 at 11:55 AM AEDT"
Johnolsen,General Discussion,1,27,"March 13, 2022 at 5:51 PM AEDT"
Top 3 duelist?,General Discussion,0,48,"March 21, 2022 at 2:43 AM AEDT"
TOP 10 PLAYERS RN,General Discussion,12,122,"March 28, 2022 at 4:11 PM AEDT"
Is Yay the best Chamber in the world right now?,General Discussion,0,72,"April 17, 2022 at 9:36 AM AEST"
Check Forsaken's PC,General Discussion,1,5,"April 19, 2022 at 8:45 AM AEST"
The Misunderstanding of Paper Rex,General Discussion,36,36,"April 19, 2022 at 9:33 AM AEST"
"TOP 5 CURRENTLY ON MASTERS, BY PERFORMANCE.",General Discussion,0,21,"April 19, 2022 at 5:01 PM AEST"
G2 thought,Off Topic,0,5,"April 20, 2022 at 5:54 AM AEST"
Drug test before tournament?,General Discussion,0,18,"April 20, 2022 at 9:19 AM AEST"
The most handsome guy in master,General Discussion,0,20,"April 24, 2022 at 6:23 AM AEST"
Shahzam is insane,General Discussion,0,12,"May 5, 2022 at 10:14 AM AEST"
Top 25 Worldwide,General Discussion,0,49,"May 6, 2022 at 7:09 AM AEST"
tesseract farming,General Discussion,0,58,"June 3, 2022 at 9:55 PM AEST"
PRX's kryptonite,General Discussion,0,38,"June 6, 2022 at 5:06 PM AEST"
NA >> EU,General Discussion,0,141,"June 9, 2022 at 11:13 AM AEST"
Most affected players by Jett nerf,General Discussion,0,19,"June 11, 2022 at 9:32 AM AEST"
TOP Players from APAC region,General Discussion,6,38,"June 14, 2022 at 12:54 AM AEST"
The Valorant world cup,General Discussion,5,97,"June 18, 2022 at 3:19 AM AEST"
First thoughts of big teams in 5 words or less,General Discussion,0,47,"June 24, 2022 at 10:49 AM AEST"
We need a 2° Superteam,General Discussion,0,55,"June 25, 2022 at 3:50 AM AEST"
Top 10 opers in the world,General Discussion,1,45,"June 27, 2022 at 12:20 PM AEST"
PRX salary,General Discussion,4,99,"June 29, 2022 at 7:25 PM AEST"
who has the cleanest aim in ur opinion,General Discussion,0,83,"July 4, 2022 at 2:25 PM AEST"
The reason why PRX win this event,General Discussion,0,47,"July 13, 2022 at 7:55 PM AEST"
Forsaken going to EU/NA next year,General Discussion,0,28,"July 15, 2022 at 1:55 AM AEST"
PRX covid situation,General Discussion,4,23,"July 17, 2022 at 7:47 PM AEST"
ALFAJER ONLINER?,General Discussion,0,14,"July 18, 2022 at 2:11 AM AEST"
Indonesia doesn't support Forsaken,General Discussion,0,80,"July 18, 2022 at 3:16 AM AEST"
I can’t man,General Discussion,0,9,"July 18, 2022 at 3:22 AM AEST"
DRX Cons,General Discussion,5,46,"July 19, 2022 at 7:35 AM AEST"
Ranking the Remaining Players in M2,General Discussion,0,18,"July 19, 2022 at 8:38 AM AEST"
PRX gonna fall apart next year? :((((,General Discussion,0,42,"July 20, 2022 at 1:26 PM AEST"
f0rsaken diff,General Discussion,0,3,"July 23, 2022 at 1:41 AM AEST"
Benkai and D4v4i are mega underrated,General Discussion,0,8,"July 23, 2022 at 3:26 AM AEST"
I take the L,General Discussion,3,18,"July 23, 2022 at 7:37 AM AEST"
BLEED offered 2.6 M to forsaken,General Discussion,4,38,"July 23, 2022 at 8:28 PM AEST"
World player rankings (Discuss),General Discussion,0,24,"July 24, 2022 at 6:17 AM AEST"
JINGG > FORSAKEN,General Discussion,0,16,"July 25, 2022 at 2:33 AM AEST"
f0rsaken finally left the hotel,General Discussion,0,3,"July 25, 2022 at 4:20 AM AEST"
BEST PLAYERS IN THE WORLD,General Discussion,0,7,"July 27, 2022 at 9:28 AM AEST"
bleed = money cant buy success,General Discussion,5,43,"August 6, 2022 at 10:19 PM AEST"
EDG vs PRX,General Discussion,0,87,"August 8, 2022 at 5:36 PM AEST"
How good is EDG compared to EMEA and NA?,General Discussion,0,40,"August 14, 2022 at 4:58 PM AEST"
ZMJKK GOAT !!!,General Discussion,4,16,"August 14, 2022 at 9:06 PM AEST"
Bleed,General Discussion,0,9,"August 15, 2022 at 6:33 PM AEST"
"If APAC + SA had a ""super team""",General Discussion,0,46,"August 16, 2022 at 8:45 AM AEST"
Superteam,General Discussion,0,34,"August 16, 2022 at 10:09 AM AEST"
PRX,General Discussion,0,31,"August 17, 2022 at 2:44 AM AEST"
ez money when edg wins,General Discussion,0,20,"August 19, 2022 at 4:04 AM AEST"
i guess the team you hate,General Discussion,0,226,"August 22, 2022 at 5:26 AM AEST"
who better SkRossi Vs ZmmjjKK,General Discussion,0,112,"August 21, 2022 at 11:17 PM AEST"
Only duelist players team,General Discussion,0,18,"August 27, 2022 at 3:17 AM AEST"
How many EMEA teams make playoffs?,General Discussion,0,33,"September 6, 2022 at 7:52 AM AEST"
drop your Dream Team till date here,General Discussion,0,40,"September 7, 2022 at 1:53 PM AEST"
Chadkai,General Discussion,0,3,"September 8, 2022 at 1:01 AM AEST"
APAC Super Team 2023,General Discussion,0,30,"September 8, 2022 at 1:35 PM AEST"
Overrated players in Champs,General Discussion,0,56,"September 13, 2022 at 10:39 PM AEST"
Imagine Korea Roster Shuffle,General Discussion,0,24,"September 16, 2022 at 12:40 PM AEST"
What would be ypur best national team,General Discussion,3,71,"September 19, 2022 at 3:46 PM AEST"
RRQ Roster,Off Topic,12,156,"September 24, 2022 at 2:37 PM AEST"
aspas/yay,General Discussion,0,18,"September 28, 2022 at 6:08 PM AEST"
Skrossi,General Discussion,4,51,"September 29, 2022 at 8:27 AM AEST"
SEN import?,General Discussion,0,9,"October 7, 2022 at 7:10 AM AEDT"
GENG 5 MEN CONFIRMED,General Discussion,2,36,"October 15, 2022 at 2:28 AM AEDT"
SkRossi reality check by STATS,General Discussion,1,6,"October 23, 2022 at 3:54 AM AEDT"
Overhyping patiphan???,General Discussion,8,58,"October 26, 2022 at 2:18 AM AEDT"
overrated mfs,General Discussion,0,83,"October 28, 2022 at 3:14 AM AEDT"
Which league would win?,General Discussion,0,16,"October 30, 2022 at 10:50 PM AEDT"
top 50 players in vct main,General Discussion,0,59,"November 23, 2022 at 2:01 PM AEDT"
asian val world cup,General Discussion,0,80,"December 1, 2022 at 12:21 PM AEDT"
Best AWPER in Asia (REAL RANKING!),General Discussion,0,64,"January 26, 2023 at 4:05 PM AEDT"
W PRX,General Discussion,4,16,"February 14, 2023 at 1:52 AM AEDT"
best duo of all franchise teams,General Discussion,1,51,"February 22, 2023 at 2:03 AM AEDT"
Onliner Frauds,General Discussion,0,42,"February 25, 2023 at 3:56 PM AEDT"
BEST NEON PLAYERS IN THE FRANCHISE,General Discussion,0,29,"March 1, 2023 at 1:41 PM AEDT"
zmjjkk the generous goat,Off Topic,5,11,"March 8, 2023 at 10:49 PM AEDT"
Paper Rex,General Discussion,0,15,"March 16, 2023 at 12:53 AM AEDT"
PRX Fix for Regionals,General Discussion,2,46,"March 16, 2023 at 11:39 PM AEDT"
APAC Aim Gods,General Discussion,0,66,"March 18, 2023 at 3:25 AM AEDT"
PRX fix ?,General Discussion,0,13,"April 2, 2023 at 8:52 PM AEST"
F0rsaken discipline,General Discussion,1,3,"April 2, 2023 at 11:22 PM AEST"
FDWC come,Off Topic,2,28,"April 3, 2023 at 8:02 PM AEST"
Best jett player,General Discussion,0,58,"April 8, 2023 at 12:51 AM AEST"
mindfreak,General Discussion,0,46,"April 15, 2023 at 10:17 PM AEST"
f0rsaken IGL-ing ?,General Discussion,0,3,"April 22, 2023 at 6:17 PM AEST"
Jett players who can play other agents,General Discussion,4,74,"May 3, 2023 at 9:16 PM AEST"
best in game names,General Discussion,0,109,"May 5, 2023 at 7:44 AM AEST"
"leaf,f0rsaken & Jamppi",General Discussion,1,3,"May 7, 2023 at 8:22 AM AEST"
The Best (and Worst) Roles for Each Region,General Discussion,10,41,"May 9, 2023 at 12:34 PM AEST"
PRX confirmed 2nd seed,General Discussion,12,20,"May 15, 2023 at 8:21 PM AEST"
Best Pacific Jett player is.....,General Discussion,3,36,"May 17, 2023 at 12:57 AM AEST"
The weakest link on every franchised team,General Discussion,0,32,"June 3, 2023 at 3:14 PM AEST"
Paper Rex roster??????,General Discussion,1,35,"June 4, 2023 at 4:11 PM AEST"
What's YOUR top 10 players in masters Tokyo,General Discussion,3,52,"June 7, 2023 at 6:05 AM AEST"
g0atsakeN,General Discussion,6,24,"June 10, 2023 at 8:43 PM AEST"
How highly do VLR users rate Giants Cloud?,General Discussion,0,64,"June 11, 2023 at 4:24 AM AEST"
Is sthing really important ???,General Discussion,0,28,"June 20, 2023 at 8:02 PM AEST"
f0rsaken harbor,General Discussion,1,3,"June 21, 2023 at 7:18 PM AEST"
nrg fix,General Discussion,0,6,"June 21, 2023 at 9:06 PM AEST"
PRX without Jinggg,General Discussion,0,33,"June 24, 2023 at 2:57 PM AEST"
Masters top 3 of each role,General Discussion,1,32,"June 26, 2023 at 12:13 PM AEST"
This or that ? (2),General Discussion,0,29,"June 30, 2023 at 4:51 PM AEST"
BEST PLAYERS FROM YOUR COUNTRY,General Discussion,3,93,"July 4, 2023 at 2:08 PM AEST"
yoru reminder,General Discussion,0,25,"July 17, 2023 at 12:18 PM AEST"
BEST FLEX PLAYERS ITW,General Discussion,1,40,"July 29, 2023 at 8:55 PM AEST"
Who is the flexiest player,General Discussion,0,27,"August 13, 2023 at 3:29 AM AEST"
Best Pro player who can play any role.,General Discussion,1,21,"August 16, 2023 at 11:51 AM AEST"
f0rsaken sens,General Discussion,0,3,"August 17, 2023 at 8:09 AM AEST"
Top 3 flex players,General Discussion,0,30,"August 18, 2023 at 11:55 AM AEST"
valorant world cup,General Discussion,2,59,"August 21, 2023 at 9:57 PM AEST"
PRX HAVEN,General Discussion,0,17,"August 21, 2023 at 11:19 PM AEST"
PRX TenZ ???,General Discussion,0,25,"August 22, 2023 at 3:15 AM AEST"
Top 4 teams players ranked,General Discussion,0,26,"August 22, 2023 at 5:10 AM AEST"
is there a fourth MVP candidate?,General Discussion,0,47,"August 22, 2023 at 10:12 AM AEST"
Jinggg Replacement for Next Year,General Discussion,0,53,"August 23, 2023 at 5:39 AM AEST"
F0rsaken on something vs demon1,General Discussion,2,3,"August 25, 2023 at 2:57 AM AEST"
PRX Players Ranked,General Discussion,1,10,"August 25, 2023 at 11:15 AM AEST"
Top 20 players of the year + some tier 2 players,General Discussion,0,63,"August 26, 2023 at 12:55 PM AEST"
Sen Zekken.,General Discussion,0,6,"August 28, 2023 at 12:48 AM AEST"
PRX yay,General Discussion,1,17,"August 28, 2023 at 1:36 AM AEST"
IMPORTANT EMEA LEAKS LIVE,General Discussion,59,159,"August 30, 2023 at 5:56 AM AEST"
super team made from each region,General Discussion,0,28,"September 1, 2023 at 12:54 PM AEST"
Give me hot valorant pros,General Discussion,0,68,"September 14, 2023 at 10:27 AM AEST"
Valorant TOTY (thoughts?),General Discussion,3,23,"October 10, 2023 at 9:59 PM AEDT"
Superteam for each ‘region’,General Discussion,1,60,"October 14, 2023 at 4:06 AM AEDT"
Best form of PRX,General Discussion,0,25,"October 14, 2023 at 3:19 PM AEDT"
jingggs jett vs forsakens raze,General Discussion,0,11,"October 23, 2023 at 11:55 PM AEDT"
Make Your Deam Team,General Discussion,0,32,"November 6, 2023 at 2:07 PM AEDT"
Fraud list (only big names),General Discussion,0,50,"November 11, 2023 at 3:39 PM AEDT"
Top 10 players in VCT,General Discussion,0,17,"November 15, 2023 at 6:38 AM AEDT"
JohnOlsen is popping off,General Discussion,0,16,"November 26, 2023 at 7:16 PM AEDT"
best player per agent,General Discussion,0,35,"December 2, 2023 at 11:32 AM AEDT"
Sova issue on prx,General Discussion,0,22,"December 6, 2023 at 12:15 AM AEDT"
Rb's Yoru,General Discussion,0,18,"December 6, 2023 at 11:47 PM AEDT"
Yoru f0rsaken,General Discussion,0,3,"December 7, 2023 at 11:41 PM AEDT"
VLR certified actual good Yoru players,General Discussion,7,38,"December 8, 2023 at 12:01 AM AEDT"
F0rsaken second bro got banned,General Discussion,0,3,"December 8, 2023 at 4:32 AM AEDT"
Super TEAM in every region,General Discussion,2,65,"December 20, 2023 at 9:45 PM AEDT"
vlr.gg is lowkey EU biased?,General Discussion,1,23,"December 28, 2023 at 10:58 AM AEDT"
Team Jett Mains Gone Wild(tm),General Discussion,0,12,"January 20, 2024 at 9:36 AM AEDT"
Top 10 players in the world,General Discussion,0,40,"January 27, 2024 at 4:22 PM AEDT"
"high IQ top 5 unbiased list, nothing but the truth",General Discussion,0,28,"January 29, 2024 at 6:06 AM AEDT"
Sideshow just yaps,General Discussion,0,28,"February 14, 2024 at 3:27 PM AEDT"
What is a flex?,General Discussion,0,14,"February 20, 2024 at 8:21 PM AEDT"
Who are some of Valorants most talented aimers?,General Discussion,0,10,"February 24, 2024 at 2:12 AM AEDT"
f0rsaken for d0rke,General Discussion,0,3,"March 2, 2024 at 8:02 AM AEDT"
vlr stat scraper ^-^,Off Topic,104,1471,"November 22, 2023 at 4:01 PM AEDT"
WHO ARE YOUR TOP 10 FOR MADRID?,General Discussion,1,15,"March 5, 2024 at 2:23 PM AEDT"
s0mething bot,General Discussion,0,50,"March 16, 2024 at 4:47 AM AEDT"
f0rsaken first time raze,General Discussion,0,3,"March 18, 2024 at 6:19 AM AEDT"
Prx fans come,General Discussion,0,12,"March 18, 2024 at 7:00 AM AEDT"
PRX Ascent comp,General Discussion,0,11,"March 19, 2024 at 11:13 PM AEDT"
PRX vs Monyet,General Discussion,7,46,"March 24, 2024 at 5:38 PM AEDT"
Top 10 Players of Every Year,General Discussion,0,51,"March 26, 2024 at 11:03 AM AEDT"
Respect chronicle,General Discussion,2,14,"March 27, 2024 at 1:34 AM AEDT"
"truth about ""flex"" players",General Discussion,12,35,"March 28, 2024 at 1:59 AM AEDT"
RANK THE FOLLOWING DUOS,General Discussion,0,17,"March 31, 2024 at 5:50 PM AEDT"
Best Global Roster,General Discussion,0,19,"April 5, 2024 at 7:04 AM AEDT"
Chamber or I retire,General Discussion,0,35,"April 7, 2024 at 8:19 PM AEST"
Monyet was the problem,General Discussion,0,62,"April 7, 2024 at 10:30 PM AEST"
Top 3 Favorite Players for Every Region,General Discussion,0,20,"April 8, 2024 at 3:15 PM AEST"
Keznit + Heat,General Discussion,1,22,"April 9, 2024 at 9:33 AM AEST"
Players that will be in Valorant Hall of Fame ?,General Discussion,0,35,"April 10, 2024 at 6:03 AM AEST"
goats of valorant,General Discussion,17,49,"April 15, 2024 at 4:04 AM AEST"
Absurd teams,General Discussion,2,14,"April 22, 2024 at 7:52 AM AEST"
Forsaken face,General Discussion,0,25,"April 23, 2024 at 10:09 PM AEST"
CAN WE STOP USING YORU AFTER MADRID?,General Discussion,0,8,"April 26, 2024 at 1:52 AM AEST"
Best streamers to watch for Masters Shanghai,General Discussion,0,18,"April 28, 2024 at 11:58 AM AEST"
"Pros that has ""0"" on their name",General Discussion,0,14,"April 29, 2024 at 7:44 PM AEST"
who are the best players right now?,General Discussion,0,86,"April 30, 2024 at 12:53 AM AEST"
Forsaken how,General Discussion,2,22,"May 2, 2024 at 2:59 PM AEST"
coolest pro ign?,General Discussion,1,148,"May 2, 2024 at 2:43 PM AEST"
Aspas' ideal player,General Discussion,0,17,"May 2, 2024 at 11:44 PM AEST"
The GOAT Of Valorant,General Discussion,2,34,"May 4, 2024 at 7:54 AM AEST"
APAC,General Discussion,0,15,"May 4, 2024 at 10:25 PM AEST"
benjamin fish (GLAZE WARNNING),General Discussion,0,14,"May 13, 2024 at 2:50 AM AEST"
Which pair would you rather start a team with?,General Discussion,0,7,"May 14, 2024 at 10:37 AM AEST"
Top 5 kayos,General Discussion,2,40,"May 18, 2024 at 5:37 AM AEST"
Predicting Shanghai awards and stats,General Discussion,1,23,"May 20, 2024 at 1:04 AM AEST"
vct draft,General Discussion,0,47,"May 28, 2024 at 10:24 AM AEST"
jinggg hate,General Discussion,0,33,"June 1, 2024 at 4:07 AM AEST"
F0rsaken 1 vs 9,General Discussion,2,3,"June 3, 2024 at 7:21 PM AEST"
PRX Players getting lots of hate,General Discussion,0,25,"June 4, 2024 at 3:19 AM AEST"
PRX needs Primmie to win,General Discussion,0,23,"June 5, 2024 at 1:16 PM AEST"
Best Jett Flexes,General Discussion,0,41,"June 10, 2024 at 6:07 AM AEST"
#INDOTHREAD,General Discussion,0,13,"June 22, 2024 at 7:43 PM AEST"
Top 5 of Each Role - All Time,General Discussion,0,108,"July 2, 2024 at 6:44 PM AEST"
battle of the igls,General Discussion,0,46,"July 5, 2024 at 5:36 AM AEST"
Sen fans are challenged,General Discussion,0,44,"July 5, 2024 at 6:44 AM AEST"
Davaii is incredible,General Discussion,2,37,"July 5, 2024 at 8:45 PM AEST"
Players who can play any agent,General Discussion,1,38,"July 8, 2024 at 11:03 AM AEST"
PRX Ascent,General Discussion,0,17,"July 13, 2024 at 6:54 PM AEST"
kinda disappointed with jinggg this time.,General Discussion,7,27,"July 20, 2024 at 10:49 PM AEST"
Least toxic valul pro,General Discussion,0,44,"July 24, 2024 at 12:06 AM AEST"
Hot take (?),General Discussion,0,11,"July 24, 2024 at 4:33 AM AEST"
Official VLR Top 10,General Discussion,0,33,"July 27, 2024 at 4:47 AM AEST"
PRX took about 10 L's,General Discussion,1,79,"August 5, 2024 at 10:58 AM AEST"
How I would fix PRX Lotus,General Discussion,0,12,"August 6, 2024 at 4:49 AM AEST"
if PRX ran F0RSAKEN neon & J0NG on raze…,General Discussion,0,3,"August 8, 2024 at 10:44 PM AEST"
free forsaken,General Discussion,0,29,"August 12, 2024 at 5:28 AM AEST"
random prx rant,General Discussion,3,18,"August 15, 2024 at 1:28 PM AEST"
BOAT Breach players,General Discussion,0,17,"August 18, 2024 at 6:31 AM AEST"
Top 20 Players of 2024 shortlist,General Discussion,0,42,"August 20, 2024 at 10:38 AM AEST"
Why is forsaken in GOAT debate?,General Discussion,0,18,"August 20, 2024 at 2:03 PM AEST"
who wins it all,General Discussion,0,13,"August 24, 2024 at 5:07 AM AEST"
Was Fnatic Great? Come Prove it,General Discussion,0,120,"September 17, 2024 at 11:50 AM AEST"
Whose a player you wish was better,General Discussion,3,48,"September 18, 2024 at 4:30 AM AEST"
Prx something role switch?,General Discussion,1,19,"September 24, 2024 at 7:45 AM AEST"
Indonesia so far,General Discussion,5,23,"October 4, 2024 at 5:32 PM AEST"
Something,General Discussion,0,28,"October 10, 2024 at 1:13 PM AEDT"
ChatGPT's top 5,General Discussion,0,17,"October 14, 2024 at 10:56 AM AEDT"
Best Player By Letter,General Discussion,0,63,"October 17, 2024 at 11:04 AM AEDT"
Create your own all time roster for your region,General Discussion,0,38,"October 21, 2024 at 10:55 AM AEDT"
Create Your Dream Team,General Discussion,0,53,"October 22, 2024 at 1:42 PM AEDT"
Favourite players?,General Discussion,0,30,"November 3, 2024 at 1:55 AM AEDT"
best players ever without a international trophy,General Discussion,1,14,"November 6, 2024 at 6:57 PM AEDT"
TOP 10 Players to ever touch the game,General Discussion,0,78,"November 9, 2024 at 5:36 AM AEDT"
list your top 5 respective in their roles,General Discussion,0,57,"November 13, 2024 at 1:56 AM AEDT"
goat tier list,General Discussion,0,83,"November 14, 2024 at 5:21 PM AEDT"
Players from each role,General Discussion,0,9,"November 25, 2024 at 4:34 PM AEDT"
genuine problems with PRX,General Discussion,8,33,"November 27, 2024 at 11:57 PM AEDT"
Prx,General Discussion,5,17,"December 1, 2024 at 11:52 PM AEDT"
Can PRX's flexibility win them master in vct 2025,General Discussion,2,39,"December 2, 2024 at 11:20 PM AEDT"
best player for every agent,General Discussion,0,42,"December 6, 2024 at 4:46 PM AEDT"
Greatness,General Discussion,1,28,"December 15, 2024 at 2:14 AM AEDT"
2025 stars predictions,General Discussion,0,23,"December 21, 2024 at 11:10 PM AEDT"
why mako is the goat of pacific,General Discussion,0,20,"December 28, 2024 at 3:29 PM AEDT"
Apeks fix,General Discussion,0,12,"January 25, 2025 at 7:22 AM AEDT"
PRX let me cook,General Discussion,0,19,"January 27, 2025 at 4:10 AM AEDT"
PRX LAUGH THREAD,General Discussion,26,73,"February 2, 2025 at 12:48 AM AEDT"
PRX IGL,General Discussion,0,27,"February 2, 2025 at 6:35 AM AEDT"
PRX PLEASE LOST ??,General Discussion,0,12,"February 2, 2025 at 12:07 AM AEDT"
asians come,General Discussion,0,42,"February 2, 2025 at 11:56 PM AEDT"
Faces of Valorant,General Discussion,1,14,"February 8, 2025 at 1:26 AM AEDT"
Top 10 Best Players of All Time,General Discussion,0,35,"February 8, 2025 at 2:06 AM AEDT"
PRX. Who is your star player?,General Discussion,5,9,"February 10, 2025 at 1:03 AM AEDT"
How will Paper Rex recover?,General Discussion,0,33,"February 12, 2025 at 3:31 PM AEDT"
chatpgt top 20 players,General Discussion,1,28,"February 17, 2025 at 9:18 PM AEDT"
TOP 3 PAC PLAYER EACH ROLE,General Discussion,0,12,"February 18, 2025 at 1:20 PM AEDT"
Dream team,General Discussion,0,62,"March 14, 2025 at 5:37 AM AEDT"
f0rsaken weyley,General Discussion,0,3,"March 23, 2025 at 8:29 PM AEDT"
PRX Something,General Discussion,0,26,"March 24, 2025 at 1:01 AM AEDT"
Waylay,General Discussion,0,10,"March 28, 2025 at 6:36 AM AEDT"
Prx is the worst of the worst,General Discussion,0,28,"March 30, 2025 at 7:59 PM AEDT"
PRX solution,General Discussion,0,7,"March 31, 2025 at 3:49 AM AEDT"
are prx fans still braindead on yt as well?,General Discussion,4,17,"March 31, 2025 at 2:44 PM AEDT"
will indos dethrone koreans in pacific?,General Discussion,4,45,"March 31, 2025 at 10:47 PM AEDT"
PRX f0rsaken Copypasta,General Discussion,0,2,"July 12, 2022 at 7:32 PM AEST"
TALON f0rsaken,General Discussion,0,2,"September 25, 2022 at 3:54 AM AEST"
f0rsaken is the goat,General Discussion,3,2,"March 18, 2024 at 7:18 AM AEDT"
Patmen & F0rsaken - The New Dynamic Duo,General Discussion,0,2,"March 9, 2025 at 11:24 PM AEDT"
Will there be slot for india in upcoming events?,General Discussion,1,17,"May 5, 2021 at 2:42 PM AEST"
Patiphan or Skrossi?,General Discussion,1,21,"July 25, 2021 at 1:18 AM AEST"
Today's predictions,General Discussion,0,26,"July 26, 2021 at 4:07 AM AEST"
Favorite player,General Discussion,0,26,"July 28, 2021 at 5:31 PM AEST"
Best young talents,General Discussion,0,79,"July 28, 2021 at 7:58 PM AEST"
Make your very own WORLD CLASS TEAM.,General Discussion,2,50,"August 20, 2021 at 1:44 PM AEST"
SEA come,General Discussion,0,15,"August 24, 2021 at 3:07 PM AEST"
Best Opening Matchup,General Discussion,1,26,"August 28, 2021 at 8:08 PM AEST"
Jalebi,General Discussion,5,27,"September 1, 2021 at 4:24 AM AEST"
Best pros at Berlin for each agent,General Discussion,1,45,"September 8, 2021 at 6:22 AM AEST"
PREDICTION for today's matches,General Discussion,5,39,"September 11, 2021 at 6:33 PM AEST"
F0rsaken OP compared to his brother Xccurate,General Discussion,1,2,"September 12, 2021 at 2:41 AM AEST"
players that impressed me so far,General Discussion,10,12,"September 12, 2021 at 8:00 AM AEST"
LAN BUFF,General Discussion,2,37,"September 12, 2021 at 12:10 PM AEST"
Overrated or underrated berlin players until now,General Discussion,0,13,"September 13, 2021 at 1:10 AM AEST"
PRX > ACEND,General Discussion,3,10,"September 14, 2021 at 3:16 AM AEST"
KR/JP Scene,General Discussion,0,23,"September 14, 2021 at 3:40 PM AEST"
DAY 5 PREDICTIONS,General Discussion,0,19,"September 15, 2021 at 6:20 AM AEST"
Today's ELIM match,General Discussion,0,25,"September 15, 2021 at 3:29 PM AEST"
Top 5 Berlin,General Discussion,0,10,"September 15, 2021 at 10:41 PM AEST"
D4v41 underrated?,General Discussion,2,8,"September 16, 2021 at 12:04 AM AEST"
Why did PRX choose Breeze?,General Discussion,1,14,"September 16, 2021 at 12:57 AM AEST"
most impressive player so far,General Discussion,2,42,"September 18, 2021 at 2:46 PM AEST"
what are other regions thoughts on SKROSSI?,General Discussion,0,26,"September 18, 2021 at 8:00 PM AEST"
SkRossi,General Discussion,0,16,"September 19, 2021 at 1:41 AM AEST"
top 3 jetts in berlin,General Discussion,4,43,"September 20, 2021 at 5:28 AM AEST"
Thoughts about Masters and some predicts for LCQ,General Discussion,2,16,"September 20, 2021 at 10:27 AM AEST"
SKROSSI JETT KDA vs TenZ JETT KDA,General Discussion,1,53,"September 22, 2021 at 12:28 AM AEST"
Haters from NA/EU come,General Discussion,23,22,"October 11, 2021 at 9:23 PM AEDT"
f0rasken vs. Seoldam,General Discussion,0,7,"October 13, 2021 at 2:03 PM AEDT"
UR TOP 5 PLAYERS ITW,Off Topic,-7,97,"October 14, 2021 at 12:09 PM AEDT"
PRX throwing?,General Discussion,0,19,"October 15, 2021 at 10:17 PM AEDT"
PRX comp,General Discussion,0,7,"October 16, 2021 at 12:00 AM AEDT"
f0rsaken will not play jett??,General Discussion,0,2,"October 16, 2021 at 12:45 AM AEDT"
Best Jett's,General Discussion,0,55,"November 3, 2021 at 1:46 PM AEDT"
Best Player From Each Region,General Discussion,0,6,"December 5, 2021 at 3:54 AM AEDT"
X10C without Patiphan,General Discussion,1,48,"December 9, 2021 at 3:16 PM AEDT"
Best player each country,General Discussion,2,67,"December 9, 2021 at 7:47 PM AEDT"
X10,General Discussion,1,26,"December 10, 2021 at 4:52 PM AEDT"
Best op player?,General Discussion,0,76,"December 20, 2021 at 11:47 PM AEDT"
SKrossi,General Discussion,0,29,"December 22, 2021 at 7:18 PM AEDT"
build a superteam,General Discussion,0,61,"January 23, 2022 at 10:05 AM AEDT"
Consistent players,General Discussion,0,59,"January 26, 2022 at 11:36 PM AEDT"
Top 5 players from your country (arguable),General Discussion,2,248,"January 27, 2022 at 12:08 AM AEDT"
Forecast 2022,General Discussion,0,10,"January 28, 2022 at 4:00 PM AEDT"
Six Degrees of TenZ,General Discussion,8,163,"February 7, 2022 at 9:22 AM AEDT"
fastest ace of the year?,General Discussion,5,25,"February 18, 2022 at 11:24 PM AEDT"
The Best Player In The World,General Discussion,5,10,"February 19, 2022 at 3:58 AM AEDT"
TOP 3 JETTS,General Discussion,0,130,"February 28, 2022 at 3:27 AM AEDT"
Build your World Cup team,General Discussion,0,48,"March 9, 2022 at 3:44 AM AEDT"
Val INDO,General Discussion,6,50,"March 12, 2022 at 4:39 PM AEDT"
best apac jetts,General Discussion,0,54,"March 13, 2022 at 1:42 AM AEDT"
SEA > NA,General Discussion,0,157,"March 15, 2022 at 2:32 AM AEDT"
Asian superteam,General Discussion,3,21,"March 20, 2022 at 5:34 PM AEDT"
SBE vs PRX,General Discussion,1,18,"March 24, 2022 at 5:10 PM AEDT"
paper rex strat,General Discussion,1,8,"March 25, 2022 at 12:14 AM AEDT"
PRX best strat!!,General Discussion,2,4,"March 25, 2022 at 1:19 AM AEDT"
prx xeria match,General Discussion,0,8,"March 25, 2022 at 11:02 PM AEDT"
APAC Best Player,General Discussion,0,11,"March 28, 2022 at 12:28 AM AEDT"
best rifler at masters,General Discussion,0,32,"March 29, 2022 at 7:30 PM AEDT"
VCT APAC - Top Players for Each Role,General Discussion,2,9,"April 1, 2022 at 11:22 AM AEDT"
5 PLAYERS TO LOOK OUT FOR @ MASTERS,General Discussion,16,24,"April 2, 2022 at 2:55 PM AEDT"
Masters 1 Teams,General Discussion,9,14,"April 3, 2022 at 10:03 AM AEST"
Who will be the best player at Iceland.,General Discussion,3,32,"April 4, 2022 at 2:29 PM AEST"
Top 5 individual in Masters Reykjavik 2022,General Discussion,0,26,"April 7, 2022 at 8:56 AM AEST"
How,General Discussion,0,9,"April 11, 2022 at 7:12 AM AEST"
Imagine Paper Rex,General Discussion,2,8,"April 11, 2022 at 8:44 AM AEST"
King of Asian Valorant,General Discussion,1,8,"April 16, 2022 at 1:44 AM AEST"
Who is the best YORU in the world?,General Discussion,0,5,"April 16, 2022 at 4:40 AM AEST"
IF GuARD loses today,General Discussion,0,25,"April 16, 2022 at 1:26 PM AEST"
Fav players from Reykjavik,General Discussion,3,47,"April 17, 2022 at 10:00 PM AEST"
BIND AND YORU,General Discussion,0,5,"April 19, 2022 at 6:56 AM AEST"
prx salary,General Discussion,4,57,"April 19, 2022 at 7:07 AM AEST"
FORSAKEN POLISH PRIDE,General Discussion,5,10,"April 19, 2022 at 8:09 AM AEST"
SEN & PRX,General Discussion,4,23,"April 19, 2022 at 8:54 AM AEST"
world no.1 roster,General Discussion,3,63,"April 18, 2022 at 7:19 AM AEST"
Rank the final 4,General Discussion,6,86,"April 19, 2022 at 8:56 AM AEST"
website,Off Topic,0,9,"April 19, 2022 at 9:07 AM AEST"
TOP 3 YORUS,General Discussion,1,8,"April 19, 2022 at 9:40 AM AEST"
ZywOo of valorant?,General Discussion,0,44,"April 20, 2022 at 6:27 AM AEST"
Ranking the Remaining Players at Masters,General Discussion,0,18,"April 20, 2022 at 7:40 AM AEST"
HAHAHAHAHAHAHAHAHA BYE BYE JETT ABUSERS!,General Discussion,0,52,"April 20, 2022 at 11:46 PM AEST"
Masters MVP,General Discussion,0,17,"April 21, 2022 at 3:11 AM AEST"
APAC HYPE,General Discussion,0,21,"April 22, 2022 at 9:40 PM AEST"
Best player for each agent?,General Discussion,0,20,"April 24, 2022 at 4:33 PM AEST"
sea super-team,General Discussion,0,25,"April 24, 2022 at 10:45 PM AEST"
My Masters Reykjavik MVP and EVPs,General Discussion,3,7,"April 26, 2022 at 12:50 AM AEST"
Will xccurate,General Discussion,0,6,"April 26, 2022 at 9:06 PM AEST"
epi 4 act 2 is over,General Discussion,0,12,"April 27, 2022 at 11:43 AM AEST"
babybay PROD cosplay,General Discussion,0,7,"May 1, 2022 at 6:37 AM AEST"
Shahzam hate,General Discussion,0,47,"May 1, 2022 at 9:46 AM AEST"
Best val players A-Z,General Discussion,4,84,"May 2, 2022 at 12:37 PM AEST"
Was ZETA’s master run a FLUKE?!,General Discussion,0,22,"May 6, 2022 at 5:39 AM AEST"
top 10 jetts in the world,General Discussion,0,18,"May 6, 2022 at 6:54 AM AEST"
Top 10 Players but MAX 2 players from each region,General Discussion,0,11,"May 6, 2022 at 7:30 AM AEST"
The BEST player of each country,General Discussion,0,40,"May 10, 2022 at 1:57 AM AEST"
TOP 5 Duelist in world,General Discussion,0,25,"May 10, 2022 at 12:36 AM AEST"
Prod or Seoldam,Off Topic,0,17,"May 10, 2022 at 1:50 PM AEST"
ANGE1 YORU SOO GOOD,General Discussion,2,7,"May 15, 2022 at 12:12 AM AEST"
Worst usernames vs best usernames,General Discussion,3,30,"May 17, 2022 at 2:35 PM AEST"
best aim,General Discussion,0,24,"May 20, 2022 at 7:08 PM AEST"
Sayaplayer,General Discussion,4,11,"May 21, 2022 at 9:24 AM AEST"
Top 5 Duelists rn (RESONABLE HUMANS COME),General Discussion,6,57,"May 22, 2022 at 6:07 AM AEST"
When do team skins come out,General Discussion,4,16,"May 25, 2022 at 11:24 AM AEST"
How to fix sentinels,General Discussion,8,32,"May 25, 2022 at 5:59 PM AEST"
Rank best duos,General Discussion,0,26,"June 6, 2022 at 5:16 AM AEST"
Top 20 2022,General Discussion,1,36,"June 8, 2022 at 4:57 PM AEST"
Your dream world team,General Discussion,0,64,"June 12, 2022 at 12:19 AM AEST"
Team with the most firepower?,General Discussion,0,55,"June 13, 2022 at 2:35 AM AEST"
Jinggg,General Discussion,0,30,"June 23, 2022 at 2:57 PM AEST"
Top 3 Mechanical Players,General Discussion,2,14,"June 25, 2022 at 9:29 PM AEST"
